"country","naics","industry_name","year","GDP in Current Prices (Millions)","Cost of Capital (Millions)","Cost of ICT Capital (Millions)","Cost of non-ICT Capital (Millions)","Cost of Labour (Millions)","Hours Worked (Millions)","Quantity Index of GDP","Quantity Index of Capital Services","Quantity Index of ICT Capital Services","Quantity Index of Non-ICT Capital","Quantity Index of Labour","Quantity Index of Hours Worked","Total Cost of Capital and Labour (Millions)","Index of Multifactor Productivity","Index of Labour Productivity","Index of Capital Productivity","Index of Capital Intensity","Index of ICT Capital Intensity","Index of non-ICT Capital Intensity","Index of Labour Composition","Contribution of Capital Intensity","Contribution of ICT Capital Intensity","Contribution of non-ICT Capital Intensity","Contribution of Labour Composition"
"Canada","1","Business sector",1963,35575.1587392986,13678.7289529493,793.648857395855,12885.0800955534,21672.7285941308,11576.1642692736,17.5064568144617,11.0478424817724,1.05602135213324,15.2878891089746,32.7647086691988,45.8949789368121,35351.4575470801,81.4158324742491,38.1446014793131,158.460412911799,24.0720068680781,0.0230095181781685,0.333105918406082,0.713906170744931,57.5225862187719,100,67.9300782182569,81.4490100772071
"Canada","1","Business sector",1964,38864.965603805,14726.2685678517,755.833233715126,13970.4353341366,23486.7699355793,11928.8417634444,18.7827948672804,11.670348991977,1.11417619459247,16.1504303619179,34.2473882422722,47.2932077274506,38213.038503431,83.2298433464949,39.7156288816887,160.944585977618,24.6765858201729,0.0235589051394744,0.341495769434637,0.724150250912116,58.076221698815,100.049834853649,68.5497106773415,82.1644612937304
"Canada","1","Business sector",1965,42921.8993348186,15673.866827638,803.512534039413,14870.3542935985,26147.1850914792,12239.8704096842,20.0875005731083,12.4663180712364,1.15474439274011,17.2799375004119,35.8228525026065,48.5263150707706,41821.0519191172,84.4199541950901,41.3950668700327,161.134189407988,25.6898098548294,0.0237962513958876,0.356094162006963,0.738214975737649,58.9712776641123,100.069389926073,69.5922439037927,83.1501312483036
"Canada","1","Business sector",1966,47881.7382791508,16779.0469448585,1041.93172375454,15737.1152211039,29290.1878243877,12754.946764683,21.44317064806,13.4964605655609,1.23019900344899,18.7264769651318,37.6720566137542,50.5683920414874,46069.2347692462,84.7783653577785,42.4042960085968,158.879956295926,26.6895189281244,0.0243274297201245,0.370319802729107,0.744972404557519,59.8090323734818,100.11560525425,70.5490192191983,83.629219343523
"Canada","1","Business sector",1967,50617.0039803514,19087.812733447,1347.73981739836,17740.0729160486,31672.8158920604,12903.1531813655,21.9041635428592,14.5243379724838,1.53236909950316,19.9499219840505,38.4126935107934,51.1559727127465,50760.6286255074,83.2527481096971,42.8183892931849,150.810065039497,28.392262334726,0.0299548423819012,0.389982262600582,0.750893619528853,61.1938884524926,100.629063841013,71.8215158387762,84.0472867021482
"Canada","1","Business sector",1968,55012.7040114875,19903.5329516595,1073.12071553357,18830.4122361259,33777.9143564488,12841.3422973364,23.1438645098639,15.16275497088,1.50695239128044,20.909583369624,38.6278200027709,50.9109166514645,53681.4473081083,86.2605402598693,45.4595321241346,152.636275889913,29.7829148798951,0.0295997890117952,0.410709229864604,0.7587335397478,62.2963491286446,100.601145727519,73.1356146493134,84.596070821835
"Canada","1","Business sector",1969,59925.3081877263,22426.7625874155,1223.00412691163,21203.7584605038,37200.2863312183,13074.8014213769,24.3286333155721,15.9251523871051,1.486458977851,22.0414911882161,39.5645724512843,51.8364910758776,59627.0489186338,87.7036133559615,46.933410828214,152.768606065405,30.7218950522598,0.0286759181996934,0.425211867754552,0.763257150129437,63.022688046935,100.536566342494,74.037520298986,84.9117336291451
"Canada","1","Business sector",1970,63876.2050446558,23062.822556956,1519.45069867479,21543.3718582812,39574.6524793399,13002.8452093612,25.0470684296023,16.6710691537902,1.4710979439129,23.1548325890449,39.6659744295449,51.5512127437794,62637.4750362959,88.6258309285696,48.5867685675827,150.242724078124,32.338849595351,0.0285366311598638,0.449161743374096,0.769447939599274,64.2373011413807,100.52560924311,75.4702033249796,85.343492110439
"Canada","1","Business sector",1971,69493.9572002679,26288.0634754276,1664.2888889879,24623.7745864397,43173.4643546788,13187.781990425,26.0208369578583,17.3825868236134,1.46960044819718,24.2147150320257,40.5145229336254,52.2844149923077,69461.5278301065,89.4515147464249,49.7678647866417,149.694848194345,33.2462107994721,0.0281078108727696,0.463134473926661,0.774887180808775,64.9043423811031,100.488920702845,76.2819200543911,85.7210644451789
"Canada","1","Business sector",1972,77422.6756014206,29930.6561677428,1969.1361298325,27961.5200379102,48082.8141033126,13446.1923959921,27.5819850691853,18.2895077074951,1.54659761774593,25.4748765172129,41.7962329216463,53.3089115219602,78013.4702710553,91.2227659868638,51.739914175181,150.807695375432,34.3085371382249,0.0290119901830826,0.477872756916426,0.78403838548511,65.6869380434565,100.567221109528,77.1385149042723,86.3462437522532
"Canada","1","Business sector",1973,92225.299045557,32028.1530113973,2261.36754892743,29766.7854624698,55522.2284840374,14087.2623814721,29.6168362995308,19.5074273938886,1.61914514837377,27.2063967232143,44.2341833810539,55.850504125196,87550.3814954347,92.2847545589602,53.0287716528769,151.823383481152,34.9279343122136,0.0289906988976187,0.487128937318591,0.792010458525089,66.1288593628719,100.565335835005,77.6570254086263,86.8941569576794
"Canada","1","Business sector",1974,110395.61774885,36252.6708415775,2762.68457736142,33489.9862642161,66240.0353053827,14521.8329145026,30.6227665239636,20.8724447529624,1.75904055112399,29.0715271007273,45.7742989106594,57.573406892992,102492.70614696,91.1070399557142,53.1890818635766,146.713846348149,36.2536210368038,0.0305530043478825,0.504947139132493,0.795059757289284,67.0210963120013,100.704742468473,78.5926749606189,87.1081979421537
"Canada","1","Business sector",1975,125568.223522232,42101.3381268899,3326.43869464159,38774.8994322482,76114.0407537828,14444.3615625701,31.0219463266825,22.0245793981017,1.87939573892479,30.6375107633692,45.652807934431,57.2662631809262,118215.378880673,90.7066586467916,54.1714171722228,140.851481274399,38.4599556086235,0.0328185503039906,0.53500104706629,0.797202495825443,68.4412582645076,100.903371963202,80.0943947957928,87.2595648355626
"Canada","1","Business sector",1976,142923.757090508,56915.5227427584,4987.80690619984,51927.7158365585,87256.486079665,14385.5733363619,33.0913564542269,23.6229599022151,2.65575451534344,32.058646478526,45.6086114473776,57.0331907796717,144172.008822423,94.3025554570874,58.021225889437,140.081330160171,41.4196708605598,0.0465650699011921,0.562105083728766,0.799685425694855,70.3731405087896,102.016797556086,81.4680456896306,87.4292003682717
"Canada","1","Business sector",1977,157098.788320594,61731.5336034093,3806.29590413061,57925.2376992787,96391.9439977716,14447.8208936954,34.5164170395346,24.6927906059008,2.91292200390624,33.3899633110537,46.0996191007277,57.2799780803902,158123.477601181,96.0413089487635,60.2591310197293,139.783378842917,43.1089386438756,0.0508541047243082,0.582925560205211,0.80481209395766,71.4862522622541,102.280813096976,82.5515264750506,87.7692252427322
"Canada","1","Business sector",1978,174949.936617754,68045.7894371941,4552.98398009182,63492.8054571022,104725.159418892,14999.4308259685,36.0738575219197,25.6727205570897,3.05561559889729,34.6933688241762,48.0575446966693,59.466896444205,172770.948856086,96.386577808582,60.6620820640373,140.51435429954,43.1714484733152,0.0513834718407447,0.583406414301903,0.808139445140869,71.5268813470344,102.307521122249,82.5765054807903,87.9896239304798
"Canada","1","Business sector",1979,203009.266142202,76550.6216130839,6229.12783790351,70321.4937751803,118390.791743979,15819.2189615731,37.6197945795272,27.1654197700206,3.34886762781338,36.6081825592372,50.7972798913375,62.7170368483185,194941.413357063,95.0557498729976,59.9833736892112,138.484127607864,43.3142589879052,0.0533964580615095,0.583703956674074,0.809943875604183,71.6198391025014,102.422200263903,82.5918375702369,88.1087733825606
"Canada","1","Business sector",1980,230418.823954107,83075.7033414095,7487.94933695974,75587.7540044497,133975.608206258,16204.655324319,38.541929143963,29.0117695545473,3.68430688079129,38.9869574452763,52.468302224907,64.2451417834444,217051.311547667,93.0714546020352,59.9919746054558,132.849287498639,45.1579197261939,0.0573476340547313,0.606846780363445,0.816689025323745,72.7867251022326,102.665426211025,83.7381171960366,88.5573221635354
"Canada","1","Business sector",1981,258996.634475616,93733.3308401713,8302.59618478053,85430.7346553907,153773.32805099,16604.2094957013,40.2575702971332,30.8317750069486,4.07882730033702,41.2926347832943,53.9532715955205,65.8292183266892,247506.658891162,93.3606947317609,61.1545622452143,130.571691990034,46.8360035112987,0.0619607433297341,0.627269103794796,0.819594595940176,73.8048951751998,102.936022412513,84.7046103599348,88.7523005489248
"Canada","1","Business sector",1982,266695.754267457,105423.452852681,9542.09567904214,95881.3571736392,160638.349429547,15577.0888766739,38.6892203717332,31.4066950214311,4.3014171707711,41.9386696796593,51.082650906049,61.7570854440425,266061.802282229,92.1173776172045,62.6474194718745,123.187811851367,50.8552092373082,0.0696505856752028,0.679090818132269,0.82715449634252,76.1972893774778,103.35480164512,87.1100759315604,89.2528511467857
"Canada","1","Business sector",1983,290796.374735088,122314.984795783,10284.5875306771,112030.397265106,167655.488251213,15517.4157639934,39.8038334745887,32.0595895545515,4.61017556803208,42.6253233110962,51.2304391977417,61.520504812854,289970.473046996,93.8166812914358,64.7001086803047,124.155779994812,52.1120391519495,0.0749372194206838,0.692863679203591,0.832737627130746,76.9619899805067,103.624838141901,87.7655509640872,89.6083861255377
"Canada","1","Business sector",1984,320438.721594392,134112.251420742,11761.5524354581,122350.698985284,181643.52007488,16061.1759486781,42.5506571955337,32.9892123307933,4.91642691196251,43.713663411356,53.2878678960823,63.6763019873137,315755.771495621,96.8600665493425,66.8233799192848,128.983550043162,51.8076761702741,0.0772096801874898,0.686498148401664,0.836855568445211,76.7714056379313,103.737453826332,87.4526856323218,89.8636766062927
"Canada","1","Business sector",1985,347785.369241391,140020.538243373,13705.8624934508,126314.675749922,198570.656380867,16754.1396013447,44.9286954752173,34.3241502817071,5.58861632648971,45.0760420682613,55.4875149987351,66.4236327527837,338591.19462424,98.2511156033208,67.6396240513275,130.895288321709,51.6746056474435,0.0841359632841747,0.678614526188681,0.835358029953724,76.6886939479123,104.084388855174,87.0694140176471,89.7702331654429
"Canada","1","Business sector",1986,362537.541005615,149420.185060368,14862.8825544963,134557.302505872,211358.243358729,17312.6737658042,46.0995082121964,35.4345353458842,6.12198678074193,46.2329191687444,57.9869463787057,68.6380029981507,360778.428419098,96.9553392738455,67.1632422252123,130.097679459344,51.6252422828195,0.0891923790513962,0.67357611161837,0.844822748999093,76.6583673931933,104.332755365069,86.8277162971907,90.3650216193546
"Canada","1","Business sector",1987,396357.379250548,156001.483219471,17621.4930111177,138379.990208353,231318.573322127,18009.8348942714,48.3762437738655,37.0715103373203,7.28776858428452,47.6303677377203,60.7077883238954,71.4019751189932,387320.056541598,97.2111786803752,67.7519686160575,130.494396731294,51.9194465916939,0.102066764569737,0.66707353204646,0.850225616626491,76.8365117210633,104.944308561448,86.5207232614328,90.7064289701583
"Canada","1","Business sector",1988,435194.022185664,164860.844714868,19218.3467374994,145642.497977369,256024.521154578,18631.6326897443,50.8506779152652,39.2525290950638,8.45256389743764,49.8412899453341,63.3473481699214,73.867161001154,420885.365869446,97.359197088057,68.8407097633964,129.54751983525,53.1393498315856,0.114429250872463,0.674742189490069,0.857584714389277,77.5486483881568,105.492601596048,86.8691999263579,91.1788526385335
"Canada","1","Business sector",1989,462216.236672898,168685.847767039,20598.4210003016,148087.426766738,275919.671222965,19034.9987715863,52.2085502910102,41.3900966087944,9.85287455245032,51.8476731929088,65.0787707271595,75.4663502834881,444605.518990004,96.3268419247879,69.1812312307269,126.137783113841,54.8457643086132,0.130559839126156,0.687030351913718,0.862354817513927,78.4994586797558,106.134430280073,87.4031914103237,91.4901422538268
"Canada","1","Business sector",1990,472034.850622264,171046.699297064,21232.2016086743,149814.49768839,287798.612067178,18955.9908962594,51.9839374317284,42.633735760863,11.0894415048116,52.7467406574005,65.2063772110998,75.1531148551005,458845.311364242,94.7346156698103,69.1707024146057,121.931462265732,56.7291666394178,0.147557975822994,0.701857012302141,0.867647034149169,79.5026127582732,106.737580565749,88.0208052555046,91.8400447890588
"Canada","1","Business sector",1991,464264.682277811,173539.739171509,21750.0011886904,151789.737982819,293075.602381313,18229.5313501627,49.8922639644309,43.6214625385561,12.5822029047456,53.1799577974278,63.2221995745927,72.2729859288851,466615.341552823,91.9162993666129,69.0330741468517,114.37549559539,60.3565246100093,0.174092750465937,0.735820682014655,0.8747694420264,81.3587172829671,107.560490888088,89.3869100523891,92.3125164112016
"Canada","1","Business sector",1992,468528.024672047,170254.260037386,21320.578172745,148933.681864641,297126.705109934,17927.4857775637,50.1814622903781,44.3584761299962,14.282671303288,53.2355637754363,62.6310965476491,71.0754929709474,467380.96514732,92.4277046133195,70.6030450058083,113.127110460957,62.4103671685092,0.200950717417129,0.749000274921719,0.881191166317341,82.3670287924212,108.274485994619,89.8993120477815,92.7401649814972
"Canada","1","Business sector",1993,487398.869685082,168714.433103115,21533.3671179979,147181.065985117,303513.666161863,18143.6283440886,51.6665504711231,44.9840807542025,15.4536629152253,53.4917069227726,64.0375236942843,71.9324139948084,472228.099264977,93.3488524148733,71.8265210380011,114.855187890655,62.536592693037,0.214835872411297,0.743638423237586,0.890245720085329,82.4270904695016,108.604934529466,89.6959853532472,93.3481849538404
"Canada","1","Business sector",1994,525291.812527719,192833.147479501,24906.7022811059,167926.445198395,316286.414810199,18805.9357229414,54.9387860183104,46.3788812139821,17.2013039684591,54.5321902403078,66.6582917245294,74.5582045844276,509119.562289699,95.6949939916425,73.6857684872216,118.456471092596,62.2049330083639,0.230709739650193,0.731404283998779,0.89404368165877,82.2659428083982,108.971441612215,89.2199921595819,93.5996701877579
"Canada","1","Business sector",1995,557148.750009832,213605.707307796,27281.8014844498,186323.905823346,329641.875925758,19222.3917644946,56.7484003151057,47.7909481319589,19.1622708555032,55.5524307128416,68.6901051887293,76.2092904545483,543247.583233554,95.9244741397962,74.4638875085064,118.742989066494,62.710133957305,0.251442714414612,0.728945649296833,0.901335057432355,82.523186309614,109.437282457379,89.1189851188438,94.0676490574971
"Canada","1","Business sector",1996,581648.05821088,231340.998391297,29130.0574681923,202210.940923104,344981.949319799,19740.1233926167,58.0075382491746,49.4859665471773,22.3830601186704,56.5210795107408,70.7502181669218,78.2618945481728,576322.947711096,94.9973999845974,74.1197725714,117.220178358795,63.2312402260042,0.286002022413256,0.72220433503498,0.904018725528969,82.7949581886814,110.14966533744,88.8321920383023,94.236352451324
"Canada","1","Business sector",1997,619794.796589604,231979.524398361,30904.560922562,201074.963475799,369410.336653337,20159.1614576203,61.2160302946336,52.2118581327185,26.4764166635856,58.624516381456,72.8420362573907,79.9232171348011,601389.861051698,96.4391474069012,76.5935512723225,117.245454354501,65.3275230958938,0.331273159574265,0.733510467710252,0.911400202203234,83.8645969709165,110.977701625114,89.3062151580635,94.7022243283056
"Canada","1","Business sector",1998,646125.461884025,251899.383441932,37666.3228366891,214233.060605243,393426.951919634,20614.3505924046,64.1746352242265,55.4472216978671,32.8294480881037,60.6811310438735,74.7854060042609,81.7278646214166,645326.335361566,97.1900900852343,78.5223442720534,115.740037569268,67.8437176288799,0.401692228717557,0.742477872448562,0.915053958043381,85.1035671083776,112.157785797203,89.6684894419314,94.9343777974726
"Canada","1","Business sector",1999,702980.886230476,281510.293972289,42764.6738922482,238745.620080041,414843.926932978,21158.7240793152,68.4531024965061,58.6672629629351,39.2704578762678,62.8141209956705,76.912091362458,83.8860933001366,696354.220905268,99.6717094753582,81.6024442234868,116.680238755562,69.9368162885224,0.468140264152745,0.748802555042436,0.916863431549657,86.1371840734465,113.190784906535,89.9254911731385,95.0474763724529
"Canada","1","Business sector",2000,782184.681404535,317166.210279343,45246.4577342268,271919.752545116,450340.381046684,21544.5950239934,72.8176352461152,61.7744552007744,45.2521797565556,65.1110203033797,79.0944843235535,85.415921183224,767506.591326027,102.110250129099,85.250658469064,117.876612605403,72.3219446035865,0.529786240430353,0.762282012550228,0.925992288415288,87.3260550065826,114.036623784972,90.4864739063206,95.6058706760989
"Canada","1","Business sector",2001,807194.290559266,321051.76223941,44915.6665128302,276136.095726579,466084.02548972,21507.9154438611,73.8483351696649,63.5272867545481,49.0952399457963,66.3692562677104,79.5305060667156,85.2705009457062,787135.78772913,102.041612108255,86.6047863571084,116.2466381651,74.5008954444837,0.575758784119921,0.778337825292821,0.932684869734196,88.3967923230377,114.588419805229,91.153870925901,96.0125661931685
"Canada","1","Business sector",2002,831406.823615829,346639.232332782,46694.7438916837,299944.488441098,480157.958462208,21761.7633065852,75.8329077857956,64.6080592111124,51.9384425406574,67.0772723941934,80.7594595556312,86.2769087714657,826797.19079499,103.1238022507,87.8947900030417,117.373759112629,74.8845318302366,0.601997026553587,0.777464948029962,0.936049525946167,88.5847601554528,114.878678952542,91.1173841360706,96.2155356095023
"Canada","1","Business sector",2003,877373.436568167,365673.860195993,50583.9474496071,315089.912746386,496760.533931921,22061.1811319848,77.1823409837031,66.4881172483792,56.0817964084197,68.5037271724449,82.4667162765269,87.4639837360545,862434.394127914,102.450034150212,88.2447124940262,116.08441354321,76.0177096998287,0.64119874276092,0.783222124653879,0.942864854239797,89.147497229012,115.29662788381,91.3624530258001,96.6200882680394
"Canada","1","Business sector",2004,940493.923853694,395912.58678466,53518.834092318,342393.752692342,526919.008281574,22665.5007787962,79.7567174003825,69.3434964973989,62.7707050627771,70.647052329343,85.030288110027,89.8598755717577,922831.595066235,102.17581495874,88.7567636755658,115.016867376127,77.1684759812788,0.698539861794616,0.786191299284937,0.94625423826818,89.7206058937342,115.874039680809,91.4898232761694,96.8191242697666
"Canada","1","Business sector",2005,1006063.58490011,411788.776175448,56035.7223951929,355753.053780255,557340.82640721,22889.1800620306,82.2508185168201,73.238497061913,70.7379742934945,73.8572389967514,86.4329426228022,90.7466767395585,969129.602582657,101.980202371218,90.6378299151148,112.305442924762,80.7065334988589,0.779510356026715,0.813883677621832,0.952463998994292,91.4544060982454,116.612288417969,92.6661677035275,97.1827078127413
"Canada","1","Business sector",2006,1062369.80879744,449356.718779547,58731.8608441649,390624.857935382,591710.343210302,23123.6154330598,84.417520575305,77.6227121308718,79.7709454461782,77.5318480025181,87.5756248392811,91.6761216027404,1041067.06198985,101.328961743848,92.0823428167161,108.753634416918,84.670588997246,0.870138745526879,0.845714747167058,0.955271921501784,93.3518320346082,117.347176733053,93.9950862125546,97.3464060180258
"Canada","1","Business sector",2007,1120060.714,448091.105429478,57901.8360692196,390189.269360258,627961.018198941,23518.78347579,86.0753520285497,81.124894510947,86.4727988860755,80.5890058391617,89.4133489005622,93.2428088555937,1076052.12362842,100.197856433495,92.3131264330053,106.102266816427,87.0039153760224,0.927393757731999,0.864291915143515,0.958930238138127,94.4341313456446,117.76003178812,94.751571880889,97.5609542087394
"Canada","1","Business sector",2008,1177368.072,462623.957005945,53169.7899753781,409454.167030567,652871.032598936,23722.92432579,85.9044235197972,84.2506314262691,91.6341861542149,83.4585295710444,90.4703434760171,94.0521477517046,1115494.98960488,97.7662600628364,91.3370141706735,101.962943262895,89.5786363631894,0.974291266544246,0.887364420335971,0.961916826342516,95.5856055683337,118.055150454293,95.6666836032772,97.7384196003044
"Canada","1","Business sector",2009,1069115.053,453023.652268899,48148.4706264695,404875.18164243,632025.246098935,22677.81993279,81.2901300607382,83.9492549242406,89.4505590058511,83.3726542701339,86.9523181061877,89.9087162153348,1085048.89836783,94.8235665714783,90.4140704957295,96.832461627084,93.371653448125,0.99490419584697,0.927303355888801,0.967117780860463,97.2494302759739,118.168948251549,97.2382131399743,98.0466297526321
"Canada","1","Business sector",2010,1144636.09,475721.443987875,51806.5437737624,423914.900214113,652115.428898927,23418.58708779,84.4354360390577,85.0188785405256,90.2807406811979,84.4693863666486,90.4233234581744,92.8455692337432,1127836.8728868,95.7701792824561,90.9418044780224,99.3137494736656,91.5702054951987,0.972375326321839,0.909783709268806,0.973911024558741,96.4575895390154,118.046795943712,96.5460945370683,98.4457250945674
"Canada","1","Business sector",2011,1227991.504,475868.58676177,49594.2992219183,426274.287539851,687853.112098938,23757.6892928,87.6305061301479,87.2740293833757,90.6722705698034,86.9363584891045,92.1023430058643,94.189977294509,1163721.69886071,97.267325070021,93.035913849038,100.408456844826,92.6574481597879,0.962653067494574,0.922989483448709,0.977835918973446,96.9316486761212,117.994286605505,97.0637745147301,98.677481283959
"Canada","1","Business sector",2012,1259922.908,499908.080872078,47145.7695580543,452762.311314024,722204.85159893,24274.1736288,89.4000314771152,89.7202811519767,90.9512735799187,89.6162693361812,94.4793621396522,96.2376363610645,1222112.93247101,96.6493371203586,92.8950822749886,99.6430576556944,93.2278519553037,0.945069694341698,0.931197738481011,0.981729869021143,97.1752545985993,117.906014616601,97.3808788257998,98.9095342488266
"Canada","1","Business sector",2013,1311800.006,527597.475878199,47165.3467750825,480432.129103116,750088.745498933,24527.1609398,92.0406153669101,92.6979735023257,92.1458704925705,92.7750362657074,95.5623193706347,97.2406324346814,1277686.22137713,97.5208734440003,94.6524236447514,99.2908602954529,95.3284354301099,0.947606655627902,0.954076849798632,0.98274061961522,98.0692311559979,117.917946146368,98.2671235379611,98.9695022279153
"Canada","1","Business sector",2014,1386414.356,534740.448378864,46548.0737988778,488192.374579986,780475.890798905,24497.44769479,95.2743524371619,95.9000033201008,94.3399014351566,96.0763758687021,95.9430338694795,97.1228310004448,1315216.33917777,99.3188368082213,98.0967620648595,99.3476007703039,98.7409472440744,0.971346288646842,0.989225446571487,0.987852525314466,99.4928152297059,118.023478103424,99.6043391264578,99.2730415901532
"Canada","1","Business sector",2015,1358845.037,532076.55768266,45759.6272781381,486316.930404522,803744.551598967,24691.01796682,95.796681973249,97.5428913741523,95.0994391964683,97.8054064023415,97.1318657502242,97.8902616753179,1335821.10928163,98.4558102312103,97.8612993098202,98.2098035271425,99.6451431478264,0.971490295039703,0.999133159197615,0.992252590685586,99.8584787432678,118.024087390779,99.9699248206016,99.5370307727965
"Canada","1","Business sector",2016,1372609.535,537480.968146233,50384.8602571069,487096.107889126,795434.250798979,24735.91074684,96.5511275478556,98.1825730641882,95.850178092377,98.4337921572582,97.7986419634949,98.0682440488837,1332915.21894521,98.5666885498843,98.4529992193274,98.3383553054104,100.116581077201,0.977382424065827,1.0037274870364,0.997250872716204,100.04755639934,118.049802006225,100.137352468858,99.8371784841983
"Canada","1","Business sector",2017,1460246.754,583430.924135462,57220.4973312182,526210.426804244,829592.838998973,25223.16065383,100,100,100,100,100,100,1413023.76313444,100,100,100,100,1,1,1,100,118.155574141108,100,100
"Canada","1","Business sector",2018,1528366.718,618215.9287602,63353.6073129002,554862.3214473,875012.587998987,25786.49766282,102.752465328552,102.912137931232,109.157717637514,102.238695484851,102.617859272529,102.233411651781,1493228.51675919,100.012689869675,100.50771432586,99.8448457044133,100.66389868878,1.06773036205931,1.00005168401392,1.00376048900782,100.273959084337,118.477059211596,100.00192257778,100.220398759437
"Canada","1","Business sector",2019,1581340.15,684854.792801738,66503.5021602503,618351.290641488,913221.543498952,26225.3579808,104.869070090162,106.035457877687,118.600802265522,104.722448309636,104.907212241294,103.973321744743,1598076.33630069,99.5163936229298,100.861517483897,98.9000021211108,101.983331972414,1.1406849398992,1.00720498828279,1.008982020396,100.825572680247,118.806565479213,100.272610189193,100.521780222503
"Canada","1","Business sector",2020,1484683.92,570376.6264556,65296.2708952043,505080.355560395,880337.418398972,22542.48526781,98.0444758765507,106.441637041193,123.800547804471,104.634907025799,91.7966621147137,89.3721670221652,1450714.04485457,100.495263539791,109.703590215324,92.1110183965012,119.099313117018,1.38522486283417,1.17077732936528,1.02712807771515,107.461880770609,119.810264278325,105.975116262741,101.58294751803
"Canada","1","Business sector",2021,1734434.864,560691.212686465,70768.8439611815,489922.368725283,975890.412098958,25141.80507783,104.540100195529,108.370311831011,131.848834320301,105.893779392431,102.215175778237,99.6774568535777,1536581.62478542,99.5536863615075,104.878378216546,96.4656264517775,108.720983913346,1.32275479814841,1.06236437741369,1.02545930649482,103.811703059931,119.558788224331,102.595888062383,101.480430545816
"Canada","1","Business sector",2022,2041909.24979662,711435.811828395,77389.55404301,634046.257785385,1076436.95409897,26493.92693382,109.468136741969,110.510720488262,137.618094335054,107.656624114152,107.742683338312,105.038092955242,1787872.76592737,100.155262818403,104.217559232168,99.0565768264956,105.210136036411,1.31017319967619,1.02492934787026,1.0257486622898,102.520101339786,119.507756068983,101.363994942424,101.49814289648
"Canada","1","Business sector",2023,2193909.60686261,753320.178615253,84923.2034672799,668396.975147974,1166376.818199,27380.70847782,110.76936295205,112.589591273762,143.547895707889,109.360097958544,111.728338305414,108.553836109601,1919696.99681425,98.4160062270793,102.040947535205,98.3833067505452,103.717745322317,1.3223659416601,1.00742729946576,1.02924357452101,101.942948598439,119.556211132674,100.752333405483,101.70716633921
"Canada","11","Agriculture, forestry, fishing and hunting",1963,2977.28894085816,1051.49057251272,27.3458893064577,1024.14468320625,1819.95678926061,1796.73747159995,1.28322398519392,1.05970485604084,1.19052203824446,1.05643165619419,0.962897245531586,255.940416131932,2871.44736177333,46.938204304964,20.2612872189799,94.6329959660297,21.4103833574635,0.00465155935993621,0.00412764686468911,0.00376219301384285,50.6269281248876,100,52.0932254659126,85.2626811911282
"Canada","11","Agriculture, forestry, fishing and hunting",1964,2858.73631707689,1155.23607214164,23.7620166038663,1131.47405553777,1851.44135483767,1746.42025100742,1.19426960958279,1.11487950871667,1.25389955109639,1.11144257266341,0.948598344450492,248.670794069483,3006.6774269793,43.262874015479,19.4080112849598,83.7142697495447,23.1836356490052,0.00504240779778113,0.00446953401513191,0.00381467533411036,52.1612036897891,100.070324110385,53.6348573916104,86.0038839314866
"Canada","11","Agriculture, forestry, fishing and hunting",1965,3100.73858694208,1160.12658158761,19.3646318426779,1140.76194974493,1910.94244913751,1613.39457196849,1.23396736318591,1.17195047106194,1.21340734845631,1.16995044911273,0.892539788006636,228.975166841291,3071.06903072512,45.5440851288372,21.7780367032163,82.284770246749,26.4666676930738,0.00529929671062256,0.00510950801020119,0.00389797636276112,54.8607041333012,100.105656688757,56.3866485319667,87.1616344249956
"Canada","11","Agriculture, forestry, fishing and hunting",1966,3752.57244401314,1184.54032810164,24.6149539860749,1159.92537411556,2046.54600486145,1594.82352668656,1.31854034624305,1.23905514758161,1.16436360636831,1.23945865569476,0.886642939826104,226.324251015173,3231.08633296309,47.8662265971525,23.5432149511098,83.1625566987785,28.3098739212471,0.00514467009675535,0.00547647302547205,0.00391757814661524,56.2527207573089,100.085021044718,57.833229630757,87.4365559281186
"Canada","11","Agriculture, forestry, fishing and hunting",1967,3103.07065447147,1217.21860794381,31.2728075040538,1185.94580043975,2092.04107405202,1574.61588510026,1.10999151166081,1.31335283809068,1.62342607539564,1.30485113261388,0.87257277590569,223.437550794664,3309.25968199583,39.844125790317,20.0755259343626,66.0485497634385,30.3951048225369,0.00726568148291042,0.00583989185333049,0.00390521992745782,57.7401458331685,100.380305117967,59.181506510712,87.2619176448387
"Canada","11","Agriculture, forestry, fishing and hunting",1968,3328.45831886634,1185.92933145093,19.0906723505506,1166.83865910038,2139.04659813571,1492.31730392061,1.1720077367162,1.33834690577049,1.45092467248659,1.3323052116289,0.829794072660933,211.445874000757,3324.97592958664,43.1451800154496,22.3993130644293,68.4363478127524,32.7301408978103,0.00686192000360997,0.00630092792268968,0.00392438053748905,59.3091970674914,100.336720323796,60.7980175515292,87.5347246208289
"Canada","11","Agriculture, forestry, fishing and hunting",1969,3610.74672448533,1379.97027441855,22.0236112596675,1357.94666315888,2239.72498924237,1459.33725702068,1.24141106015964,1.35144458264711,1.26090163024307,1.34849685906031,0.816783961802261,206.720417404474,3619.69526366092,45.9925865989709,24.2680942710255,71.7864395941585,33.8059589084291,0.00609955052371995,0.00652328819761335,0.00395115282785116,60.0211312116526,100.266871575333,61.5683613620016,87.9110894822453
"Canada","11","Agriculture, forestry, fishing and hunting",1970,3427.10018378762,1656.38355885974,28.7725249469926,1627.61103391275,2245.87399656293,1369.74189028961,1.14386556385873,1.32439578699278,1.15680510785394,1.32300012800462,0.776921975008047,193.625668483926,3902.25755542268,44.0210416413571,23.8734669022496,67.4966534500923,35.3698526992925,0.00597444087300837,0.00683277242301402,0.00401249473322048,61.1246266482424,100.252890098784,62.7092696406755,88.7235596259474
"Canada","11","Agriculture, forestry, fishing and hunting",1971,3509.65525370308,1795.54050232505,29.5342885769844,1766.00621374806,2281.77182063163,1352.69427038416,1.25061422071824,1.32957750974617,1.0324590596479,1.33072696778126,0.761556510498754,191.198078782976,4077.31232295668,48.5958592498301,26.4328063877473,73.5080239087047,35.9590762779533,0.00539994473908821,0.00695993901325617,0.00398307616554651,61.5628841560464,100.178841008417,63.2027893585245,88.3537631211324
"Canada","11","Agriculture, forestry, fishing and hunting",1972,3718.06271888131,1863.73133273166,32.8157596218304,1830.91557310982,2326.36624947414,1259.33174319107,1.09657359998079,1.3859851284537,1.0074325381301,1.38878373363954,0.718885457458849,177.529762714028,4190.0975822058,43.2002598993908,24.9614637893757,61.8307139320238,40.3706543269387,0.00567472474884626,0.00782282200127001,0.00404937992632176,64.7980613666729,100.21632682461,66.4994922581408,89.1705976075214
"Canada","11","Agriculture, forestry, fishing and hunting",1973,5827.0707743747,2111.38593907738,38.5871138802315,2072.79882519715,2758.26455580931,1288.87389117173,1.15298581888773,1.49027515285578,0.977633510329351,1.49605305535344,0.756630920239221,181.653069296062,4869.6504948867,42.7534291858824,25.6498400737075,60.4620057995265,42.4230717035001,0.00538187168605439,0.00823577086338764,0.00416525260581228,66.2247755115242,100.174503687886,67.9914233099532,90.5927018454643
"Canada","11","Agriculture, forestry, fishing and hunting",1974,7098.95899681194,2425.17340414369,32.9372711515464,2392.23613299214,3313.1501568552,1313.88842098575,1.06901189041369,1.58418882210135,0.91415811955434,1.59308073577361,0.776076258058787,185.144787435751,5738.32356099889,38.0596652170864,23.3332096158002,52.7352047614838,44.2459827762763,0.004937530957341,0.00860451302916881,0.00419172620956505,67.4283757879183,100.115546940541,69.2576239923188,90.9215477863402
"Canada","11","Agriculture, forestry, fishing and hunting",1975,7629.95502061005,3537.70791736833,36.7364279790488,3500.97148938928,3629.29666796811,1277.05704304376,1.17071813252631,1.62945346404425,0.804374356684744,1.64118183526238,0.746697116815006,179.872601484315,7167.00458533644,42.0156962230465,26.3021206305402,56.1481470336127,46.8441471715791,0.00447191150874017,0.00912413464707401,0.00415125544776266,69.2142582545003,100.061687428851,71.1206007681699,90.4448060401872
"Canada","11","Agriculture, forestry, fishing and hunting",1976,7877.8004578618,4619.62191622982,66.6763878089489,4552.94552842087,4174.42880172495,1231.61770783404,1.3501827873031,1.72759511685131,1.16854494801375,1.73249249723423,0.71873460180644,173.355621129375,8794.05071795477,47.9228456021283,31.4744445756099,61.0767113699237,51.5326445541223,0.00674073872194584,0.00999386397710903,0.00414601267108638,72.6609495803052,100.32292241316,74.4541933727096,90.388755654375
"Canada","11","Agriculture, forestry, fishing and hunting",1977,7688.2568334675,4914.08745487513,65.8980808343958,4848.18937404073,4432.18430381455,1192.87563928909,1.32580567262235,1.80381086997339,1.23786118351863,1.80861279255367,0.706426639317101,167.814900661529,9346.27175868968,46.3805106501099,31.9266086570454,57.4399322001845,55.5826015702416,0.00737634845677565,0.0107774267089758,0.00420955848695412,75.6081568324115,100.389084264035,77.4243545514204,91.0434301788448
"Canada","11","Agriculture, forestry, fishing and hunting",1978,9191.97245567646,4383.28007202159,87.8752103009886,4295.4048617206,4845.25902796373,1192.67363514652,1.2823161859896,1.88864272113773,1.31317506445895,1.89319261342398,0.723547907777661,167.790412018123,9228.53909998532,43.3179278080236,30.8838489641722,53.0603805476889,58.205102649829,0.00782628189933235,0.0112830798294929,0.00431221247433084,77.3726122769742,100.438350185399,79.1910960544578,92.1459998543853
"Canada","11","Agriculture, forestry, fishing and hunting",1979,10940.7183365226,3257.66514635689,128.642031650924,3129.02311470597,5384.11708150606,1246.62001311024,1.1825548465529,2.02894238205385,1.57628654908553,2.0248357943501,0.76350839810223,175.214994512086,8641.78222786296,37.5695593207652,27.2742903284441,45.5487668435985,59.8793166499903,0.00899629939478042,0.0115562928845706,0.00435755170513996,78.312915392523,100.609275148707,79.9789557696548,92.7009033437171
"Canada","11","Agriculture, forestry, fishing and hunting",1980,11641.3717763367,3721.49107686593,113.618269464469,3607.87280740146,5624.15726597731,1179.05464991263,1.20868319507105,2.07221706172546,1.69488445856865,2.06467924365911,0.726530626964976,165.454400182745,9345.64834284324,39.2625435848516,29.5214441399123,45.5829349012156,64.7642461019442,0.0102438161614115,0.0124788415501713,0.00439112302944207,80.7298213752922,100.786094207852,82.3100616938072,93.13762849466
"Canada","11","Agriculture, forestry, fishing and hunting",1981,12867.380513456,5779.3704371638,100.745894280331,5678.62454288346,6039.81572055348,1205.56744404172,1.32106050394546,2.06867438229567,1.62429215636365,2.06277876914105,0.729110556476715,169.131515278906,11819.1861577173,42.8609438093673,31.5646955613481,49.9063281231268,63.2478820791484,0.00960372260418237,0.0121963004100059,0.00431090891176831,79.8858220296744,100.718870812836,81.4973940059375,92.1871027884157
"Canada","11","Agriculture, forestry, fishing and hunting",1982,12397.4917681054,8715.76777366527,107.93325751337,8607.83451615189,5471.79912103323,1192.04006786352,1.34590903694578,2.02645155992894,1.43874312073861,2.02328740297345,0.706683016992732,167.216875841986,14187.5668946985,44.7897650361766,32.5266278089245,51.9044421456289,62.6663662382965,0.00860405454589509,0.0120997799581269,0.00422614651442552,79.479799977354,100.629616430849,81.1461644630596,91.3699717389353
"Canada","11","Agriculture, forestry, fishing and hunting",1983,11958.7052674583,8731.21777860523,115.568388820909,8615.64938978432,5450.59585715133,1171.38562651528,1.3411636360858,1.98718038391189,1.26017960452542,1.98712493622607,0.709780814998039,164.294118032037,14181.8136357566,45.0962342042083,32.9885472461635,52.7435701793245,62.5451540993617,0.00767026610337741,0.0120949243955197,0.00432018396945675,79.3852196450047,100.538579816053,81.1263931491162,92.1474374695268
"Canada","11","Agriculture, forestry, fishing and hunting",1984,13141.3667598343,7637.97249595856,116.101058128075,7521.87143783048,6000.03609975735,1169.95701751054,1.32236371342105,1.94218401808018,1.11777972129327,1.94514886735335,0.71999729013358,164.093728599825,13638.0085957159,44.8021423100795,32.5658468581791,53.2090607470808,61.2035739795797,0.00681183693509216,0.0118538891397671,0.00438771972748232,78.3797497769474,100.439215557681,80.1854891125198,92.7384263831362
"Canada","11","Agriculture, forestry, fishing and hunting",1985,14123.5928786091,8380.77311610436,130.77009741543,8250.00301868892,6939.73743205993,1319.08224629213,1.3840439257322,1.90057178306379,1.06778538246312,1.90445555918981,0.772519708770578,183.772876187493,15320.5105481643,45.9888145775211,30.434901282148,56.9102694567005,53.4787509753473,0.00581035354408732,0.0103630938291829,0.00420366555063555,72.7392640572621,100.303158071902,74.521645702939,90.9810153955662
"Canada","11","Agriculture, forestry, fishing and hunting",1986,15074.8141471127,8701.55864357015,160.74223531508,8540.81640825507,7712.99615529966,1238.80997746566,1.44161408154634,1.87308431980523,1.0437419414661,1.87733610352732,0.74567454720784,172.235852838798,16414.5547988698,49.0734434145487,33.8243058114673,60.1473825802208,56.2357069592423,0.00605995746102277,0.0108997985761094,0.00432938052628185,74.7354053433002,100.341828014036,76.5405929485917,92.2265504328367
"Canada","11","Agriculture, forestry, fishing and hunting",1987,14263.2939376036,7670.88991362111,186.831192797928,7484.05872082318,6592.30947820886,1214.55635578405,1.38948756039746,1.84931857215905,1.01587797014102,1.85430220471002,0.750020437409758,168.830245055585,14263.19939183,47.4938235702203,33.2588974785984,58.717556900884,56.6421684313941,0.00601715628503975,0.0109832346929279,0.00444245305195656,75.0233531563427,100.333687855387,76.8461801025327,93.341385467915
"Canada","11","Agriculture, forestry, fishing and hunting",1988,15079.2263216575,6392.12048462623,185.226710555909,6206.89377407031,8021.21560246437,1193.02889176859,1.34376102134056,1.80229814130297,1.00610368236334,1.80648377775107,0.736311486406068,165.812562669571,14413.3360870906,46.9540590257653,32.7497541432817,58.2667037427585,56.2066361053622,0.00606771686152813,0.0108947340820672,0.00444062545413631,74.7397571256613,100.344581629475,76.5497748133519,93.3218243490033
"Canada","11","Agriculture, forestry, fishing and hunting",1989,15911.573597908,6333.63241375603,178.023817062462,6155.60859669356,7086.85160343155,1201.97566260252,1.45390608567767,1.74611248290386,1.0766855607971,1.74536363259868,0.745249571024002,167.052105958348,13420.4840171876,51.2084163836639,35.1712525943131,65.0712549824986,54.0503677142429,0.00644520794646882,0.010448019332566,0.00446118034099982,73.4134506927131,100.423695718852,75.1378771736091,93.5558291625213
"Canada","11","Agriculture, forestry, fishing and hunting",1990,15935.3929383039,7525.81944826749,161.309287325445,7364.51016094204,7175.55103596119,1186.55811896217,1.53886306214287,1.69149492558318,1.11254812772516,1.68858497076962,0.708373346830938,164.892894492311,14701.3704842287,56.4926576830901,37.7139021447932,71.0974986142948,53.0453291323114,0.00674709562926037,0.0102404956621606,0.004295960411223,72.7387288310809,100.479420029551,74.4180647524402,91.7790918925777
"Canada","11","Agriculture, forestry, fishing and hunting",1991,15333.0154725184,9491.47591281137,147.149801931905,9344.32611087946,7170.17234391178,1169.09766685217,1.50074880251128,1.64056687520308,1.11500270515177,1.63705024113499,0.705299326781754,162.448522909983,16661.6482567232,56.1238254370514,37.3332393709139,71.4889819559132,52.2223681880617,0.00686372941519218,0.0100773476533371,0.00434167891555763,72.1262661873155,100.496473722348,73.7862761748718,92.2263368956669
"Canada","11","Agriculture, forestry, fishing and hunting",1992,15503.153344978,10239.8339101045,136.395540608571,10103.4383694959,7177.76891183837,1133.86429468566,1.34715539465014,1.62436718442916,1.14807046932379,1.62015080992597,0.68697041994775,157.47472800637,17417.6028219429,51.2351683622744,34.5708664078537,64.8124640377329,53.3398427619215,0.00729050612665515,0.0102883226434939,0.00436241693282977,73.0155628081781,100.546991863606,74.663559073254,92.4116360605282
"Canada","11","Agriculture, forestry, fishing and hunting",1993,16549.6259565448,8726.22212488523,144.766660383407,8581.45546450182,7842.39013968145,1148.89656784509,1.41795701793379,1.63055411526261,1.21224711142679,1.62541001918041,0.7066138031134,159.549844484295,16568.6122645667,53.1462757581909,35.914524215712,67.9599256407223,52.8466208241282,0.00759792098416063,0.0101874747946897,0.0044287965644677,72.6385320954709,100.581399849684,74.2608712065026,93.0315424540593
"Canada","11","Agriculture, forestry, fishing and hunting",1994,17100.6098793723,8342.57236115457,166.454777963981,8176.11758319058,7495.73005092154,1146.9045327428,1.46210232298451,1.63234703260733,1.2484275260973,1.62651274895278,0.728762141871489,159.275634307972,15838.3024120761,53.9749474771162,37.0964080481476,69.9987554482884,52.9958108691698,0.0078381576160191,0.0102119370361934,0.00457547788171021,72.7464679130501,100.611535736404,74.3530212229396,94.4773536286967
"Canada","11","Agriculture, forestry, fishing and hunting",1995,18911.0032249138,9173.87114167436,192.18968861433,8981.68145306002,9667.78264947841,1123.83627354948,1.51061846007437,1.63035239453234,1.43489472136569,1.62001856409225,0.758207662066615,156.043513178739,18841.6537911528,54.7210469062645,39.1212303069014,72.4099666313594,54.0274110414502,0.00919547818512714,0.0103818385724026,0.00485895021600886,73.4607345468797,100.77806155143,74.9646147772454,97.3201657835207
"Canada","11","Agriculture, forestry, fishing and hunting",1996,20202.6832552052,7616.22763245492,182.298921320992,7433.92871113392,10807.7787764406,1129.18866416341,1.55888615426909,1.63363188547005,1.59604792311827,1.61976697064746,0.744376777345478,156.781127087552,18424.0064088955,56.992471932012,40.1813064944683,74.5736231497239,53.8813923708588,0.0101801023679781,0.0103313900131801,0.00474787234390649,73.3712970291041,100.88111529395,74.8040810394594,96.0904801004076
"Canada","11","Agriculture, forestry, fishing and hunting",1997,17823.197139336,8510.36135467991,182.167345515657,8328.19400916425,10414.6988999147,1115.69829391944,1.49891461457194,1.6613327772415,1.95743822690936,1.64241939306453,0.733196092628019,154.896389637626,18925.0602545946,54.8738010309264,39.1056073225685,70.5091218661789,55.4617704596975,0.0126370810287361,0.0106033419946514,0.00473346147281614,74.292351579548,101.094214802103,75.6283497629178,95.9245753946511
"Canada","11","Agriculture, forestry, fishing and hunting",1998,19218.3257180059,7648.23126265005,217.625762727897,7430.60549992215,10426.8008999184,1099.30588391947,1.60159016626519,1.71429078811313,2.41369162580648,1.68757030874158,0.719366601868255,152.602875917537,18075.0321625684,58.4592135676947,42.4123280073543,73.0116137500902,58.0898378065256,0.0158168161071276,0.0110585747391387,0.00471397801347457,75.808657886972,101.340306536462,76.9935195893988,95.7018503780672
"Canada","11","Agriculture, forestry, fishing and hunting",1999,19823.0029672884,10603.9544756323,267.333193304336,10336.6212823279,10632.2950999157,1061.5801459195,1.71381879803127,1.71580224740093,2.99465150985797,1.68014703041418,0.711542787938821,147.273881679432,21236.249575548,62.8997141207154,47.0264943236361,78.0589518088,60.2448447409649,0.0203338940734676,0.0114083163372534,0.004831425503455,77.0930848506979,101.654293310968,78.0772774287592,96.9791802885997
"Canada","11","Agriculture, forestry, fishing and hunting",2000,20143.6995402483,9930.07584377169,236.18949109083,9693.88635268085,10390.4497999185,978.643612919546,1.7371804380799,1.70530052557825,2.71363849005805,1.67294504827587,0.669794231262802,135.300193438235,20320.5256436902,65.9376042937664,51.8859710431977,79.6102613742811,65.1749788877844,0.0200564272755222,0.0123646907351952,0.00495043069963211,80.1476968841642,101.637386723232,81.1657090248496,98.1806127017698
"Canada","11","Agriculture, forestry, fishing and hunting",2001,20593.5721756636,8344.19499652356,197.571794973116,8146.62320155044,10133.250199919,900.295345919582,1.63874471761209,1.69093857310358,2.34234764071528,1.66296722683931,0.629527505117832,124.016876385144,18477.4451964426,64.5348066729593,53.3991018471513,75.7370733511102,70.505895573226,0.0188873297650308,0.0134092010322437,0.00507614385612153,83.1655420568561,101.56929980736,84.2436987557069,99.493914132834
"Canada","11","Agriculture, forestry, fishing and hunting",2002,20764.7659328543,10531.9398835308,250.802694139314,10281.1371893915,10576.3350999191,896.541714919589,1.54609708666833,1.67748243410854,2.9032680783718,1.64190359756554,0.635524966021411,123.499025553595,21108.2749834499,60.8145901170127,50.5913964434163,72.0284096946762,70.2381139023755,0.0235084290370524,0.0132948708721026,0.00514599174505724,83.0152724908908,101.820526248317,83.9096643065775,100.209959212741
"Canada","11","Agriculture, forestry, fishing and hunting",2003,21012.6395890508,11806.984872921,270.144612700275,11536.8402602207,10768.6599999185,894.219624919596,1.69527153017702,1.71720246031837,3.1812317291833,1.67808614956938,0.631017700718517,123.178642814505,22575.6448728395,66.1193585576502,55.6169655523524,77.1512225037182,72.0882492168831,0.0258261631764683,0.0136231907677081,0.00512278497554783,84.1255106827371,101.934751267246,84.9374581898758,99.988705272271
"Canada","11","Agriculture, forestry, fishing and hunting",2004,23244.7990836601,11535.0444530949,256.862048009346,11278.1824050855,10982.0497999185,894.193253919606,1.83731495112198,1.74138550692671,3.36256815859071,1.70014333612613,0.632034026548152,123.175022412129,22517.0942530134,71.0872977714572,60.2787718714866,82.4543797152685,73.1056034617461,0.027299107341259,0.0138026630954257,0.00513118661698667,84.7379895637445,102.000848836335,85.5017712989837,100.067772735986
"Canada","11","Agriculture, forestry, fishing and hunting",2005,20786.1758175857,8781.8576030121,237.905361394241,8543.95224161786,11401.6773999182,896.636839919609,1.88948279147212,1.75262911905491,3.56220838284481,1.70869201674368,0.623802120625032,123.511137261271,20183.5350029303,73.3878112722508,61.8216022343145,84.2515623981298,73.3773955931846,0.0288411916676748,0.0138343153065555,0.00505057385477282,84.887074602557,102.06587233375,85.5923190293277,99.2372575668653
"Canada","11","Agriculture, forestry, fishing and hunting",2006,19696.388510667,9831.20971663053,223.712230324769,9607.49748630575,11323.2573999161,847.617820919634,1.85326768078097,1.7175654679281,3.74088126260845,1.67184042035784,0.586241097867652,116.568044110279,21154.4671165466,75.1629815929322,64.2483647988731,84.3237472135187,76.1924925326051,0.0320918249178942,0.0143421847138157,0.00502917503971362,86.3371411597427,102.18782286862,86.9569635778959,99.005749377507
"Canada","11","Agriculture, forestry, fishing and hunting",2007,21408.105,7905.43602759031,224.194944743771,7681.24108284654,11281.822199917,829.634556919648,1.84377753763636,1.73327636649306,4.23235767586791,1.68216298353737,0.568652115468417,114.066138781127,19187.2582275074,75.7653942123058,65.3213595644209,83.1315254520767,78.5759183525112,0.0371044178499726,0.014747259804815,0.00498528416535218,87.5108549158585,102.353023455685,87.9979039893862,98.519545922282
"Canada","11","Agriculture, forestry, fishing and hunting",2008,25648.447,11682.6896369615,198.322005555003,11484.3676314065,11236.8198999165,800.264269919663,1.98373031953564,1.73259127752373,4.40908757168084,1.68039175727956,0.544493419772224,109.954530664537,22919.509536878,83.4620176937144,72.9076228411896,89.4770285099615,81.4819446457956,0.0400991895925839,0.0152826058837567,0.00495198712123499,88.9878563455651,102.433842714469,89.4235563293819,98.1642411462742
"Canada","11","Agriculture, forestry, fishing and hunting",2009,20736.814,16559.0156963511,199.110594168555,16359.9051021825,10779.7864999173,765.404558919663,1.82889672299581,1.72631040205058,4.78064552921099,1.67250482654815,0.503281432182459,105.048570534895,27338.8021962684,79.8349858686458,70.3562155700023,82.793327946528,84.9781224103491,0.0455089060695307,0.0159212525980311,0.00479094032046138,91.097531778418,102.537185936246,91.4589644977461,96.7392259082941
"Canada","11","Agriculture, forestry, fishing and hunting",2010,21320.567,8950.48413287965,244.84678244777,8705.63735043187,10856.0725999156,740.590329919684,1.85033091773929,1.74096213916957,5.1795602432161,1.68341223160611,0.502776148476139,101.586674376797,19806.5567327953,80.44853185462,73.6064883483377,83.0586990582116,88.6198425727216,0.0509866109407668,0.0165711914671224,0.00494923326863999,93.1415156458913,102.651719853293,93.3779251845949,98.2323819832377
"Canada","11","Agriculture, forestry, fishing and hunting",2011,27573.233,15164.8912473646,258.171507619908,14906.7197397447,11306.3211999193,752.081832919684,1.92012552976519,1.75526399783685,5.57289800845496,1.69545867907086,0.514009564800004,103.151014343987,26471.212447284,82.2428938090975,75.2245425105128,85.4893908033717,87.9928395834889,0.0540265943471044,0.0164366651152538,0.00498307814100488,92.8032696891078,102.717476156021,92.9971186368219,98.5593644603691
"Canada","11","Agriculture, forestry, fishing and hunting",2012,29157.314,11420.2600593028,253.154748132475,11167.1053111703,11916.6854999191,751.82817191969,1.93965062301441,1.831242820815,5.88628951212221,1.76847940294405,0.513748564661679,103.115977245257,23336.9455592219,81.2495895583154,76.0152948618916,82.7756539746822,91.8329136791134,0.0570841655131863,0.0171503917257924,0.00498224017641562,94.9327715311381,102.775737448191,95.0788800646455,98.5515929750495
"Canada","11","Agriculture, forestry, fishing and hunting",2013,31849.222,21520.8121010225,287.633961886632,21233.1781391358,12278.6025999186,786.77591391968,2.27847133932938,1.87305340969392,6.69669387580853,1.80636549074098,0.526995381044994,107.800511374802,33799.414700941,93.1944298579431,85.4134344718858,95.0645187727574,89.8478586696036,0.0621211698386607,0.0167565577166939,0.00488861670806674,93.771859601849,102.859888681883,93.8644282320731,97.7380569171847
"Canada","11","Agriculture, forestry, fishing and hunting",2014,30743.105,15534.5902555135,293.783968283383,15240.8062872301,12294.313699921,734.812523919701,2.2304210917184,1.92270651518528,7.1463731791223,1.85277099790772,0.505922639676007,100.436311417919,27828.9039554345,91.3015650255575,89.7427854046634,90.6564922108916,98.992122037876,0.0711532818980773,0.0184472226404081,0.0050372483072466,99.3623284080254,102.9930916825,99.3219258584899,98.9235203288477
"Canada","11","Agriculture, forestry, fishing and hunting",2015,36304.565,27618.8047075019,270.134793381946,27348.66991412,12926.2608999192,734.413731919703,2.32408306110681,1.92652882322637,6.46173131055664,1.85831371499551,0.510907272315787,100.381888135703,40545.0656074211,94.6649496374848,93.5620483621102,94.2760069730961,99.2426932006256,0.064371486037613,0.0185124403366802,0.0050896360070963,99.5181138427659,102.904309229927,99.5363574772729,99.3135204172705
"Canada","11","Agriculture, forestry, fishing and hunting",2016,36804.889,18946.3026069048,295.130574741011,18651.1720321638,13175.7564999204,739.721259919701,2.42265948038243,1.91892839372636,6.29036975713592,1.85169671895296,0.520412309443606,101.104891341657,32122.0591068252,98.2659326791668,96.8330575456155,98.663984921539,98.1442799240477,0.0622162753321131,0.0183146106422848,0.00514725155764235,98.8167103865906,102.876540613296,98.8674807243012,99.7218375253848
"Canada","11","Agriculture, forestry, fishing and hunting",2017,39508.132,28837.1191329294,337.466287397201,28499.6528455322,13499.9707999187,731.68116591971,2.4745518822085,1.93384476544638,6.63366456816693,1.86504015759526,0.518673489189589,100,42337.0899328481,100,100,100,100,0.0663366456816693,0.0186504015759526,0.00518673489189589,100,102.933154615823,100,100
"Canada","11","Agriculture, forestry, fishing and hunting",2018,37015.636,24132.9638125796,363.737528322248,23769.2262842574,14067.352799922,708.036239919726,2.46361110878519,1.98442276244557,7.03409497300085,1.91285270481048,0.515413273494812,96.7150591306578,38200.3166125017,98.0970676936715,102.93936579488,97.0203862281452,106.100758610481,0.0727300901868663,0.0197782302156927,0.00532919359330082,103.963916864891,103.01602643215,103.876111386488,100.935242153839
"Canada","11","Agriculture, forestry, fishing and hunting",2019,38235.109,33121.9395605483,391.482358900136,32730.4572016481,14659.0564999198,734.14026391972,2.52021977697536,2.01792063502223,7.82720725103636,1.94306053265528,0.532528231429947,100.216730152484,47780.9960604681,98.1561907647734,101.625249050362,97.6021488406716,104.121938151442,0.078102800192412,0.0193885844179791,0.0053137657816183,102.675321445487,103.081079365206,102.533919223683,100.836521523242
"Canada","11","Agriculture, forestry, fishing and hunting",2020,39788.082,28898.3338437594,395.976329987253,28502.3575137722,14647.5105999231,687.214019919696,2.52716869739786,2.01366236169777,7.89273882474511,1.93868174687361,0.491511351950671,93.5959329098188,43545.8444436825,101.141626787319,109.114054145151,98.0782315510796,111.252061155205,0.0843277969391031,0.0207133118566334,0.00525141784124584,107.394313021228,103.149425846505,107.174720360574,100.454517826978
"Canada","11","Agriculture, forestry, fishing and hunting",2021,39400.562,-23341.6449254604,367.56295804509,-23709.2078835055,15774.4468999183,709.368774919718,2.13235721008132,2.01574159429764,7.2422463322117,1.93930670624508,0.52252427517455,96.5696348674313,-7567.19802554214,89.8552029436996,89.2324476467665,82.6704205592243,107.937575547763,0.0749950679854355,0.0200819513184172,0.00541085482917959,101.476186192113,103.388522451982,101.072308435177,97.8623047968713
"Canada","11","Agriculture, forestry, fishing and hunting",2022,18242.6597898211,16934.8669844213,365.790792922588,16569.0761914987,16608.7139999215,694.941265919738,2.53118755789615,2.02806089668452,7.04445566059129,1.95066872454105,0.518717617833136,94.5853067248271,33543.5809843428,104.890197893879,108.144412765463,97.5367725892869,110.875529192301,0.0744772724698712,0.0206233800162645,0.0054841247102176,106.486870217053,103.402014419692,106.068369500317,96.8217926170542
"Canada","11","Agriculture, forestry, fishing and hunting",2023,19861.0743831074,18526.0835628607,373.559614027945,18152.5239488328,18575.6523999213,712.07764291974,2.43277014883115,2.04584116755546,6.78637753741967,1.96928592280567,0.548394798553907,96.8890142066018,37101.735962782,97.6287538091944,101.468204887281,92.9296304599515,109.188215195808,0.0700427968329691,0.0203251724556352,0.00566003073769059,105.67010253132,103.335470278589,105.311588009774,98.3558288585371
"Canada","21","Mining, oil and gas extraction",1963,1991.231848844,1545.7346536783,6.99859203919341,1538.7360616391,504.928512998278,179.496341445941,1.08895737326937,1.10979146384223,1.60798411582851,1.1077471474144,1.01148464355555,40.3858485841082,2050.66316667658,281.050530639695,74.5556152354227,400.22830019775,18.6282717135658,0.0398155337129959,0.0274290917796957,0.0250455216125772,27.8676741185579,100,28.6196459721762,95.190854521277
"Canada","21","Mining, oil and gas extraction",1964,2253.91261257525,1703.96546911672,5.66511474633764,1698.30035437038,529.25164799198,177.340178961735,1.22732852821342,1.18581088107209,1.76621937058164,1.1835173134525,1.01055315502724,39.8978308066235,2233.2171171087,301.306879247834,85.0570343082362,422.16642676854,20.1477495402234,0.0442685563318503,0.0296637007457564,0.0253285237466965,29.5751503636609,100.031543028592,30.3639954392055,95.4496252048027
"Canada","21","Mining, oil and gas extraction",1965,2448.0069307165,1769.26208426729,4.92399079840543,1764.33809346888,587.170590560945,197.128965775426,1.28895667297697,1.24529855607792,1.3740548558405,1.24393484470205,1.13164762537922,44.1155337290021,2356.43267482823,296.652418068567,80.78774249891,422.185321079662,19.135611416406,0.0311467353944124,0.0281972071865534,0.0256519082899651,28.4435636058864,99.9502273344929,29.2242345420189,95.7444421211198
"Canada","21","Mining, oil and gas extraction",1966,2581.02365687428,1911.24278058958,8.92312519895055,1902.31965539062,638.516847637617,200.205284679662,1.32162248118291,1.36776061304895,1.47267407893529,1.36642535630003,1.15486899612168,44.7936754086775,2549.75962822719,282.067322987596,81.581072437366,394.126483802762,20.6992109868447,0.0328768306127879,0.0305048724810673,0.0257819655472602,30.1699376873418,99.9653281832775,30.993943857992,95.8654731541201
"Canada","21","Mining, oil and gas extraction",1967,2877.07620225578,2209.30983573357,15.2132128807358,2194.09662285283,703.918458450495,196.526352970501,1.42738100146148,1.48446249456119,2.07039556044892,1.48042835936973,1.1435168397653,43.9629025285777,2913.22829418406,287.09793673792,89.7743450475883,392.201253265975,22.8898669496874,0.0470941507809471,0.0336744908598196,0.0260109495505208,32.5473153289396,100.122117349093,33.3779092849768,96.0742499170484
"Canada","21","Mining, oil and gas extraction",1968,3149.07718444385,2387.92248033248,8.34283320005012,2379.57964713243,770.972945458671,196.856134162519,1.56262493315622,1.59706059816722,1.93417070641637,1.59350731279664,1.15606515352135,44.0857399319497,3158.89542579115,296.587338626326,98.0065962426392,399.090738173722,24.5574719902363,0.0438729328214052,0.0361456406370033,0.0262231087718125,34.3272444709829,100.094231430673,35.2066250315847,96.2639673764664
"Canada","21","Mining, oil and gas extraction",1969,3279.40638931976,2669.02506534188,8.64675154698804,2660.37831379489,821.60969732037,190.174605347394,1.62845383754772,1.7261962618174,1.56845511894423,1.72399228700893,1.1205445484627,42.5637827153786,3490.63476266225,293.527328526223,105.787395695066,384.789820848532,27.492254203031,0.0368495236767934,0.0405037376150791,0.0263262444495527,37.4035625380031,100.049554684716,38.3782795936187,96.3545915488274
"Canada","21","Mining, oil and gas extraction",1970,3763.20615658585,2526.58188987161,13.010613099523,2513.57127677209,948.016208434442,208.410659691348,1.76196124849122,1.88324531340841,1.54563736857735,1.88185739233314,1.22947735726977,46.4607239910446,3474.59809830605,290.685842291384,104.85981102699,381.617034049919,27.4777595523352,0.0332676126371874,0.0405042631857366,0.0264627248922499,37.3888524589726,100.017733333188,38.3786494910109,96.481279559699
"Canada","21","Mining, oil and gas extraction",1971,3732.15265334041,2952.43211590649,19.013662907688,2933.4184529988,1037.62780690157,213.572396982196,1.72356267764754,2.07573288875918,1.88130854561208,2.0729013577352,1.26018137013549,47.5981122888096,3990.05992280806,263.024985545173,100.123504716826,338.683398729452,29.5625664241097,0.0395248562421325,0.0435500749516603,0.0264754484902496,39.4493960371182,100.091104071838,40.46261377387,96.4936377148111
"Canada","21","Mining, oil and gas extraction",1972,4197.81911036111,3638.46633292556,22.8376427388211,3615.62869018674,1117.02189174535,214.255422304828,1.87182025602856,2.19968740892311,1.9585090862486,2.1969345848344,1.26244254298643,47.7541706009939,4755.48822467092,273.328923725011,108.380594102645,347.089494118826,31.2255472836471,0.0410123149789945,0.0460050830573671,0.0264362782789102,41.1080034385355,100.108794418038,42.1563389493475,96.4582885220756
"Canada","21","Mining, oil and gas extraction",1973,6064.22535594805,4860.63991181776,21.6904352947433,4838.94947652301,1282.89855419361,218.936259140813,2.12136024177892,2.29017213348429,1.74154209335797,2.28894712809517,1.29257081339862,48.7863475175626,6143.53846601137,298.634772181832,120.230543759804,377.819695608959,31.8222012132056,0.0356973248044657,0.0469177801693634,0.0264945190441508,41.7179396664561,100.050918720699,42.8022089946477,96.5053933538913
"Canada","21","Mining, oil and gas extraction",1974,8510.47455904442,6001.55666492254,26.5269592626337,5975.02970565991,1547.11349576918,231.944032096537,1.99502962996923,2.37510655505678,1.74697333465927,2.37419189402974,1.36663094990265,51.6025566744086,7548.67016069173,269.728116502575,106.89978257234,342.613559196397,31.2012702658571,0.0338543949611251,0.0460091911532589,0.0264837837110579,41.0710144945895,100.032239976386,42.1463817317506,96.4973021605366
"Canada","21","Mining, oil and gas extraction",1975,9629.15997489854,7144.93351029706,42.0782964734699,7102.85521382359,1800.87558052409,223.286093852814,1.80863098169008,2.48035255945786,1.97961486139193,2.47821455114376,1.32238092381617,49.6396959321663,8945.80909082115,237.807319511669,100.744082185294,297.423201697393,33.8723010210191,0.0398796733988281,0.0499240477727804,0.0266395854967209,43.8492019984434,100.099587362154,44.965114032573,96.6123470545266
"Canada","21","Mining, oil and gas extraction",1976,10975.2858322347,9201.3848290692,115.946702336959,9085.43812673224,2066.07006796011,221.334751804505,1.77341877825414,2.63673947430401,3.70482272341018,2.61749403257044,1.30983915814717,49.2040609667943,11267.4548970293,222.349450359095,99.6572837828905,274.335731116535,36.326760417715,0.0752950600136522,0.0531967073680538,0.0266205498572796,46.3980856905876,100.577673145924,47.3086138306101,96.5990650805791
"Canada","21","Mining, oil and gas extraction",1977,13059.6266827326,10915.0979031088,65.7734002948735,10849.3245028139,2455.91012091099,234.089873198719,1.83900641135269,2.78673409890722,4.36927332934006,2.76477720522921,1.3763299203356,51.9643708857366,13371.0080240198,218.39507750032,97.8534767303317,269.169598196073,36.3538369065928,0.084082098077307,0.0532052473281861,0.0264860306566971,46.426320280104,100.662134149244,47.3147569092827,96.5092970207875
"Canada","21","Mining, oil and gas extraction",1978,14790.6221048399,13321.6561192655,74.21509114156,13247.4410281239,2633.68117376142,240.950315289113,1.81084072349469,2.904298265264,4.20648976462657,2.88269834950271,1.39853758315731,53.4797034543817,15955.3372930269,207.257956412685,93.6245953013966,254.31813602098,36.8139672483575,0.0786558169346378,0.0539026614454146,0.0261508103602381,46.9109423287123,100.630004387527,47.8232513845413,96.2951878753805
"Canada","21","Mining, oil and gas extraction",1979,19920.3580320467,15802.3750200026,98.999896512617,15703.37512349,3241.71260305791,270.189481302873,1.96250531096522,3.12039629510074,4.5915863838519,3.09688547094518,1.53866952562513,59.6190052490573,19044.0876230605,208.231335199956,91.0174798740479,256.530720981173,35.4801481576655,0.0770154812994721,0.05194460152443,0.0258083730045035,45.4918729879352,100.619560158462,46.3812501759221,96.0826349638683
"Canada","21","Mining, oil and gas extraction",1980,25067.2684977048,19150.5633047342,131.615637843274,19018.9476668909,3984.0087364174,306.756877074242,1.94888166222618,3.47116641651046,6.15108956212258,3.44057063598537,1.72890225186971,67.2025126712367,23134.5720411516,185.570368995868,80.1860183348334,229.006773750231,35.0146928065496,0.0915306484478415,0.0511970534913937,0.0257267501339976,44.996698964583,100.714183593656,45.8309807261884,96.0305382963812
"Canada","21","Mining, oil and gas extraction",1981,24580.6022057261,20029.4206052477,123.219105136102,19906.2015001116,4630.291081692,304.16350465542,1.86034146071691,3.83023415681947,5.60377360569571,3.80100487457861,1.74577905325195,66.6312498414415,24659.7116869397,163.117702515674,77.1993060909311,198.109651903773,38.9679681676634,0.0841012830921029,0.0570453786117422,0.0262006049324645,49.1220266059361,100.668641664759,50.0528254553877,96.3465182489462
"Canada","21","Mining, oil and gas extraction",1982,26485.8400341126,22398.1476357103,150.328887962001,22247.8187477483,5154.41595863656,287.283900475042,1.83981411854164,4.10248616114295,5.78936077519962,4.07221168374024,1.66289317576991,62.8225316537695,27552.5635943469,153.960422644423,80.9761649525974,182.921652938574,44.2682228439023,0.0921542100071072,0.06482087837821,0.0264696937865308,54.4854300891453,100.716763972901,55.4922262672716,96.5312047943325
"Canada","21","Mining, oil and gas extraction",1983,30414.3763474266,25530.5608241379,139.653789847321,25390.9070342906,5354.02019611477,276.576667139197,1.94206301539569,4.2730711008485,5.39625999995096,4.24411062680917,1.62415879419238,60.4356326501373,30884.5810202527,157.847857120281,88.8523535684264,185.379408895829,47.9300015560818,0.0892893771988784,0.0702253031978399,0.0268741919786735,58.1534558496589,100.700896810636,59.2338115536573,96.7953996474853
"Canada","21","Mining, oil and gas extraction",1984,34709.8771248879,28648.6356108305,144.285066905942,28504.3505439246,5916.26678199563,303.331983928195,2.14445487157552,4.44334027390661,5.32180213081881,4.41445339496378,1.77473404543389,66.0177538981442,34564.9023928262,166.193163741498,89.8162375142911,196.854629551447,45.6256668786233,0.0806116812006293,0.0668676701993624,0.0268826783803042,55.8294520019663,100.656141072368,56.891844127256,96.8006643068061
"Canada","21","Mining, oil and gas extraction",1985,35834.80777282,25595.4283951087,148.317999602288,25447.1103955064,6412.41870068539,315.147916902743,2.26200075039397,4.66935989231037,5.6344755260289,4.63879225611977,1.84291407965854,68.542899735004,32007.8470957941,167.187058542767,91.2491783145207,197.593971657357,46.1801428197181,0.0822036352096647,0.0676772105360871,0.026887016551437,56.3812825091643,100.664810521587,57.4489992482271,96.8035657643759
"Canada","21","Mining, oil and gas extraction",1986,23130.7901992977,22838.5488936838,126.566778924787,22711.982114759,6227.13756405191,300.080190477381,2.05431751868781,4.66508807479273,5.10600821967893,4.63701133042185,1.7910903543571,65.1731851530687,29065.6864577357,152.848233785087,87.156004877568,179.616412069572,48.5234082305404,0.0783452305988533,0.0711490672050347,0.0274820135021859,58.6374448789095,100.643063842227,59.7596185798353,97.2437844821401
"Canada","21","Mining, oil and gas extraction",1987,25898.4851861737,19687.2146255407,122.789066994739,19564.425558546,6042.60223970851,293.928081370193,2.14293945214468,4.62420175209936,5.06902565662788,4.59632340447636,1.7606940069002,63.8231582237466,25729.8168652492,161.152319181803,92.8389672361917,189.021593952341,49.1155350534181,0.0794229837210071,0.0720165459121109,0.0275870711494358,59.1915626631391,100.649338938417,60.3205196208045,97.3271340630649
"Canada","21","Mining, oil and gas extraction",1988,26298.230940256,19628.8353012958,135.030307451396,19493.8049938444,6670.8331045638,305.275545657791,2.33936080123742,4.68595967293388,5.84023738788409,4.65351048295447,1.83536437391793,66.2406578968013,26299.6684058596,172.410438004455,97.6497785089193,203.62774711264,47.9550453676152,0.0881669592862862,0.0702515740439103,0.027707520308408,58.1315147659555,100.701422540697,59.207168447806,97.4307549253682
"Canada","21","Mining, oil and gas extraction",1989,26377.8283152565,18971.1761592082,132.412983581909,18838.7631756263,6954.98499085834,300.634523461873,2.20066740463566,4.6268088674095,5.96699041591187,4.59365981788341,1.84777336167016,65.2176905686966,25926.1611500666,163.430988251033,93.3012981235465,194.004206341198,48.0924098931424,0.0914934332062339,0.070435793997408,0.0283323948695151,58.2545306386461,100.72052223317,59.321076712706,97.9994350167298
"Canada","21","Mining, oil and gas extraction",1990,28044.2632206738,18129.1409217472,129.820298295151,17999.320623452,7175.61148862695,296.883056554226,2.19748424916443,4.56584193098413,6.0958956400838,4.53199645418879,1.82729963860865,64.3972856218258,25304.7524103742,165.276888680669,94.3532578286855,196.310348172043,48.0633133745939,0.0946607544280989,0.0703755819896357,0.0283754139784633,58.229008309895,100.738069704127,59.2846131013281,98.0404684292566
"Canada","21","Mining, oil and gas extraction",1991,23646.9662367511,18617.6135876307,129.287348750892,18488.3262388798,7808.58521163741,290.125652791546,2.27504543066665,4.49508897762955,6.48662420282579,4.45937429265055,1.80627379540924,62.9143249888801,26426.1987992682,173.600306470069,99.9860066443377,206.438205586971,48.4338673454582,0.103102500169433,0.0708801102680309,0.0287100560282336,58.5476050159896,100.78120378138,59.5841301151895,98.3738348536193
"Canada","21","Mining, oil and gas extraction",1992,23923.4009820005,17170.2325460719,117.339742196974,17052.8928038749,7472.66973973625,265.426734035534,2.31337527452118,4.3504753031754,6.57765668808663,4.31463138479373,1.68418423636463,57.3030875699915,24642.9022858082,184.440156990643,111.626358605649,216.894069099674,51.4658418595813,0.114787125214719,0.0752949198334858,0.0293908113469021,61.09207862049,100.833442713634,62.1426218579578,99.0663979925683
"Canada","21","Mining, oil and gas extraction",1993,25183.1226166426,17700.0750764507,115.263777083923,17584.8112993668,7315.56748019835,256.053169200317,2.42369183481883,4.35999192283645,6.74015004990174,4.32354747675459,1.60754653049168,55.2453444446026,25015.6425566491,195.634102939212,121.305475712899,226.740974928214,53.4995828395394,0.122003946534544,0.0782608475016396,0.0290983167297228,62.7773812359643,100.862249023392,63.8399354737242,98.771726898654
"Canada","21","Mining, oil and gas extraction",1994,28298.043953412,19702.6655823478,139.99760003375,19562.667982314,8118.84885389877,288.774177048297,2.547852701851,4.56086387829178,7.62729043400641,4.52064951743163,1.77837808358533,61.9236428088605,27821.5144362465,193.411176675058,113.767053700544,227.858639847981,49.9287864513039,0.123172508722549,0.0730036107757017,0.0287188867275564,59.7815969667598,100.866883243294,60.7939219437615,98.3937316060991
"Canada","21","Mining, oil and gas extraction",1995,29633.9441705279,21612.0334348713,182.219965581658,21429.8134692897,8482.60903046573,299.166541747564,2.64305740751503,4.78311055675254,9.38608854036488,4.73485467774654,1.85364107038048,64.1134704310362,30094.6424653371,191.652303151947,113.987177951242,225.389910709639,50.5733276136247,0.14639807324829,0.0738511680293394,0.0289118816672754,60.3309514544011,100.963519049494,61.2925166966233,98.5829442588397
"Canada","21","Mining, oil and gas extraction",1996,34989.3633303557,25269.4242527736,217.121102150173,25052.3031506234,9154.50102384261,309.806576422795,2.66859138744514,4.98862575769016,11.9224665674876,4.93034083364038,1.90245441884392,66.3571924594414,34423.9252766162,186.35084044599,111.196922626402,218.192314879758,50.9628043900997,0.179671051857337,0.074300021608869,0.0286699052255222,60.6679594863592,101.091407215139,61.5604766630146,98.3562641109807
"Canada","21","Mining, oil and gas extraction",1997,34592.8014982549,22254.8360956971,211.479221643249,22043.3568740538,9251.7372999192,330.594838909248,2.74928100630448,5.40353061999251,13.2297578747984,5.33913591371626,2.02153897175193,70.6679892367145,31506.5733956163,178.197675838403,107.570970965144,207.529485561386,51.8340662167377,0.187210051081022,0.0755523960902851,0.0286061481809033,61.4131748925015,101.118460256745,62.2992679634106,98.2950173123016
"Canada","21","Mining, oil and gas extraction",1998,28138.5238663813,23512.7846786315,276.570086334281,23236.2145922972,9233.42109991881,297.341072909856,2.79469454731766,5.66006280502101,17.0692392382908,5.57889510506142,1.80079827565009,63.1835977232397,32746.2057785503,181.185696860916,122.300628101785,201.396255681365,60.7263663805551,0.270153012069025,0.0882965723081868,0.0285010404684147,68.7437756359102,101.399927229852,69.5315986033731,98.1909349825042
"Canada","21","Mining, oil and gas extraction",1999,35077.4523368592,30365.1001442561,290.100856705105,30074.999287551,8797.50059991508,276.13046890987,2.79684840549761,5.81314175717457,18.4350504473301,5.72694296083863,1.72666489708156,58.5051449581221,39162.6007441712,179.650789855052,132.18237745489,196.243964293767,67.3561492352549,0.315101354941106,0.0978878518280395,0.0295130436531267,74.2736271129263,101.523707637827,75.0356980281338,99.0626165726323
"Canada","21","Mining, oil and gas extraction",2000,61496.7438633996,44001.1380835699,367.021733103756,43634.1163504662,10021.2467999143,308.801907909857,2.88899531105244,6.16945384111678,23.464168086068,6.06852206332028,1.88920823863617,65.0748592725381,54022.3848834843,173.762846180451,122.753049687838,191.002218807638,64.2678658154568,0.360571937432832,0.0932544784753952,0.0290313073244465,71.5535689394926,101.620928544342,72.2232410620117,98.7288478027565
"Canada","21","Mining, oil and gas extraction",2001,60059.8923576735,47874.4014555315,373.939121988278,47500.4623335432,11468.8884999245,328.647748909848,2.88696642925661,6.63827652127101,24.94950464867,6.53024702670865,2.01447880327013,69.135860124675,59343.2899554559,161.654078735399,115.46146262189,177.388184597705,65.0897143368047,0.36087646271671,0.0944552800085576,0.0291379726763702,72.2944040725996,101.621490256212,72.9700798703578,98.7974432233994
"Canada","21","Mining, oil and gas extraction",2002,54182.7569219428,51542.702977843,410.404459269758,51132.2985185733,11226.1745999188,312.365278909857,3.00677588672341,6.96749453656427,27.6885935186321,6.85099061083411,1.94749546176963,65.6234845082401,62768.8775777619,162.880206731833,126.689453538772,176.020283636535,71.9743491610167,0.421931168789968,0.104398458298475,0.0296768066548659,78.4595547178579,101.723514421487,79.1126879238141,99.1348404461743
"Canada","21","Mining, oil and gas extraction",2003,72200.9635035346,59185.3343928662,753.163311423123,58432.171081443,11954.7660999154,331.51116590985,3.08448073977158,7.39027068606913,44.7387611690051,7.22847002551974,2.03289302923452,69.5317852534489,71140.1004927816,157.968432787608,122.658422162854,170.239373207717,72.0505602503555,0.643428915364804,0.103959218063672,0.029236888163082,78.5282167891788,102.091726038306,78.8403120387072,98.8783768538396
"Canada","21","Mining, oil and gas extraction",2004,86137.2804492839,73677.8292793333,958.281632022093,72719.5476473112,13564.4830999148,363.82467990984,3.12518945028694,7.91032534438969,58.1475269529984,7.71730719517147,2.2031148209575,75.9954442525449,87242.3123792481,149.230955361222,113.707073633821,161.146285107373,70.5613992640643,0.765144904736197,0.101549603019961,0.0289900906906499,77.1654293363221,102.28267740982,77.3251779965131,98.7428792048918
"Canada","21","Mining, oil and gas extraction",2005,111468.245222312,83927.2239817436,1069.28503461828,82857.9389471254,16331.1951999151,407.100619909823,3.14587756050767,8.69928237689605,69.8947044387081,8.47720779328269,2.50060840706986,84.5373480341639,100258.419181659,135.909982999356,102.894435072935,147.501583276493,69.7581902426489,0.826790833448687,0.100277664137948,0.0295799249115231,76.4261998935983,102.368504965392,76.5204558228175,99.0599861772046
"Canada","21","Mining, oil and gas extraction",2006,117434.012904973,97975.4644025656,1260.94308743543,96714.5213151302,19732.691899917,463.3235989098,3.21432689272674,9.5283986981643,90.3086737096756,9.26525751582741,2.74798026814894,95.4704975244639,117708.156302483,126.714561448546,93.093540434795,137.596825802496,67.6567499953957,0.945932786058169,0.0970483841194316,0.0287835544948824,74.499541039701,102.515912457499,74.4840021210221,98.6141930173138
"Canada","21","Mining, oil and gas extraction",2007,123105.585,108596.945761021,1218.10720346819,107378.838557553,21806.1238999219,469.235625909801,3.23486035416996,10.2283560517818,97.3314320690385,9.94542847034761,2.83137831241593,96.6878803833269,130403.069660943,119.615275726209,92.5086171283557,128.999490327929,71.7123896328508,1.00665597056384,0.102861169682469,0.0292836941009639,78.1994132460938,102.579886199315,78.1345318553623,98.8990338082137
"Canada","21","Mining, oil and gas extraction",2008,156807.172,105631.01238654,1130.98807002516,104500.024316515,24389.1191999147,496.259016909791,3.17287546900432,10.9970020150886,111.539979918195,10.6855099252354,2.99982396247287,102.102216858295,130020.131586455,109.40717744573,85.9244075852399,117.683890418298,73.0128884079449,1.09243445784335,0.104655023701058,0.0293805957870264,79.3641119609042,102.655576416713,79.241352289462,98.9570115707926
"Canada","21","Mining, oil and gas extraction",2009,90758.753,93195.4752852525,887.837432730808,92307.6378525217,23880.2108999212,459.210404909798,2.74116846662316,11.0856803951681,97.9318727849988,10.7859124853429,2.82808943139489,94.1793600423829,117075.686185174,95.0026505101103,80.4782795197703,100.858305706997,79.7934081438638,1.03984432195045,0.114525225914563,0.0300287603368953,85.2395324666672,102.614352264772,85.1356437687877,99.3806659039533
"Canada","21","Mining, oil and gas extraction",2010,115828.751,92120.675631313,983.58372949449,91137.0919018186,25268.864899921,509.525066909783,2.97768511573954,11.6965338175335,106.211180006463,11.3769944112886,3.08705967524765,103.972546575009,117389.540531234,97.1159682559828,79.1878916365326,103.838853380018,76.2603679248361,1.02153100510853,0.10942306201071,0.0296911038244172,82.2423786117528,102.599801266138,82.1534576803049,99.1453780554234
"Canada","21","Mining, oil and gas extraction",2011,140027.178,95318.5333275259,1041.70890133727,94276.8244261886,28839.3058999165,564.144121909763,3.16648607337913,12.6451045106179,121.553870895576,12.2919181750426,3.3845029308173,114.553400790878,124157.839227442,95.2275628870093,76.4307791187322,102.139435620531,74.829842806933,1.06111097581011,0.107302952947525,0.0295451981997098,81.0423229669607,102.632507915396,80.9284645163711,99.0361470360114
"Canada","21","Mining, oil and gas extraction",2012,124525.505,105211.078834789,1106.40847473234,104104.670360057,32005.4150999164,598.916651909754,3.10194188402953,13.7246674354786,144.119915239434,13.3287839054249,3.56656229064748,121.404890786882,137216.493934706,86.5414983381987,70.6473970933729,92.1870933042712,76.6348027268798,1.18710139521831,0.109787866197439,0.02937741854987,82.5379556851922,102.727283680658,82.3470195236501,98.9049544803958
"Canada","21","Mining, oil and gas extraction",2013,135394.273,101878.630769924,1022.96618877586,100855.664581148,34963.5668999151,624.730534909745,3.25723233648912,14.6218582809631,142.48378133302,14.2107479539137,3.69649555613265,126.558576325287,136842.197669839,85.8739751428011,71.1632621540843,90.8624539933729,78.319766885533,1.12583268135698,0.112285934043605,0.029207783964255,83.9055798317153,102.684998363573,83.7442869318875,98.7650841561245
"Canada","21","Mining, oil and gas extraction",2014,155683.844,95527.21895867,874.760554139491,94652.4584045305,35677.3834999107,604.867299909754,3.50427101539765,15.3612223635923,133.089161530612,14.9454807359371,3.57145772771969,122.469288999985,131204.602458581,89.9037830491476,79.1168852488528,93.0486775755923,85.0274150157358,1.08671457650602,0.122034518677894,0.0291620679509303,89.1388808546804,102.659323125604,88.9860053578284,98.7242941347319
"Canada","21","Mining, oil and gas extraction",2015,88436.007,72023.4867395856,676.879560972109,71346.6071786135,32543.025699919,512.160040909793,3.39214833592752,15.362961183559,110.808605313498,14.9731725729576,3.09834694597285,102.079247581634,104566.512439505,90.7015428948517,91.8831903609559,90.0612969229457,102.022948258861,1.08551549838651,0.146681846973679,0.0303523685702627,101.421852087547,102.65857848746,101.250194774362,99.8826036262448
"Canada","21","Mining, oil and gas extraction",2016,76102.65,64567.1819950148,562.568245928378,64004.6137490864,28408.4107999254,454.306325919817,3.34416940178662,15.0067197340974,86.1458876870356,14.6549147821989,2.75401089817492,89.8307147822485,92975.5927949402,94.2439157457276,102.934771484945,90.8951669746243,113.245593699918,0.958980320883063,0.163139242715843,0.0306577867586905,109.012930492191,102.578935601557,108.904793896598,100.191474445522
"Canada","21","Mining, oil and gas extraction",2017,104850.063,69014.4061534316,600.033099817455,68414.3730536141,30562.8557999239,508.780079919799,3.6166069187299,14.7516161591274,81.1831490203369,14.4108483591401,3.04668790383923,100,99577.2619533555,100,100,100,100,0.811831490203369,0.144108483591401,0.0304668790383923,100,102.475809553354,100,100
"Canada","21","Mining, oil and gas extraction",2018,117643.15,81523.2721534003,676.773251202104,80846.4989021982,32711.175499924,549.005647919787,3.76812539252448,14.5493252927503,84.7656615748522,14.2064402036081,3.24206537896461,107.608827479541,114234.447653324,103.284348691082,96.822465721699,105.638150044199,91.6548289431309,0.787720334476913,0.132019282584499,0.0301282474207891,94.0549239355672,102.457350431506,94.0725536416298,99.6689967209382
"Canada","21","Mining, oil and gas extraction",2019,123012.415,82375.5761985744,659.431073873292,81716.1451247011,33270.5137999133,545.391440909792,3.73504290938114,14.3011984734182,84.6644427208792,13.962347630821,3.2863530405503,106.896520264442,115646.089998488,103.238039570784,96.6119212267802,106.527431606935,90.6920590963454,0.792022439191052,0.130615548534983,0.0307433116851744,93.3494482772681,102.460594554585,93.3641027228185,100.248807253124
"Canada","21","Mining, oil and gas extraction",2020,83008.627,84147.8481021959,609.893488102535,83537.9546140933,31027.7695999242,462.294356919795,3.38123945043671,13.814827494838,81.0573191854061,13.4883743900439,2.84707136475196,89.2377653555237,115175.61770212,99.7284529265638,104.767343566604,99.8317664687042,104.943894386009,0.908329773414578,0.151150965471918,0.0319043328058386,103.715425319161,102.537820047535,103.653295186916,101.289283183941
"Canada","21","Mining, oil and gas extraction",2021,163158.045,84452.581680339,690.493638484436,83762.0880418546,33037.1160999254,510.757342919797,3.50891063946299,13.4983244795335,89.8775221555824,13.1656475604561,3.09178107758284,98.1370473185025,117489.697780264,102.884916039092,98.8639623362683,106.030482861037,93.2410752725131,0.91583682830691,0.134155733438027,0.0315047289689541,95.1984201801107,102.542534679228,95.1330597269465,100.938434225936
"Canada","21","Mining, oil and gas extraction",2022,177907.006017612,90180.5132285744,793.505517162574,89387.0077114118,38133.4283999188,570.570805919785,3.66353985388542,13.5539312575871,97.6756702983544,13.2106248765825,3.4136860937612,108.996861636546,128313.941628493,104.08107345179,92.9363513411193,110.248816558354,84.2969151436907,0.896132868706417,0.121201883047182,0.0313191227940513,88.613399797188,102.529085864001,88.5626872562667,100.766101390963
"Canada","21","Mining, oil and gas extraction",2023,185109.825409337,93909.5117190012,912.411419770335,92997.1002992309,39847.556799925,569.223088919792,3.71905802114465,13.7078032555522,105.486130875515,13.3520173587632,3.41815391030634,108.738984057254,133757.068518926,104.783030580164,94.5684724437414,110.66324118061,85.4560840933618,0.970085676172713,0.122789609214419,0.0314344845129931,89.4676128924405,102.581967612491,89.3684978409145,100.876398554088
"Canada","22","Utilities",1963,955.199416919643,720.692528640231,14.3979117910864,706.294616849144,242.183080390431,83.6515557812874,15.9285423494785,14.6086762463692,0.385384888823438,18.7271208799036,32.3613258823555,42.4959824613931,962.875609030662,84.9203291428586,37.4824664047932,109.034809731219,34.3766055053344,0.00906873700763487,0.440679795952874,0.761514948189637,47.3389695817018,100,58.7508808551049,93.2390180617556
"Canada","22","Utilities",1964,1013.02616518271,737.228580266296,10.1512993037026,727.077280962592,244.048459962108,81.1213295699175,17.1073649262023,15.0967072840697,0.389538095672103,19.3591101575863,31.6634592952651,41.2105975370187,981.277040228403,89.4715354724458,41.5120525996623,113.3185177688,36.6330705845958,0.0094523767902707,0.469760481880817,0.768332933460197,49.6504781881891,100.0524226581,61.5850366965578,93.4471115356249
"Canada","22","Utilities",1965,1100.93507991927,754.909070215469,10.2892341478719,744.619836067597,259.1799506699,81.6677993049277,18.600653583983,15.89760676105,0.360346081002494,20.4168472268758,32.0997746768153,41.4882106436463,1014.08902088537,93.2700670315288,44.833588374657,117.002853722333,38.3183716878004,0.00868550548245154,0.492112021948639,0.773708342172891,51.3489876855509,99.9657258373724,63.7332037511118,93.6115260439226
"Canada","22","Utilities",1966,1210.04565112373,814.094285774475,19.2486055778521,794.845680196621,312.359306112141,91.8280857640268,20.8047334244844,17.1600231029848,0.367121086807373,22.0577771882007,36.4246949618203,46.6497566679366,1126.45359188662,95.3688092265669,44.5977319294012,121.239542042724,36.7848073145025,0.00786973208500577,0.472837990243183,0.78081211057754,49.8332865713602,99.8315549937976,61.9260705355616,93.8397586704331
"Canada","22","Utilities",1967,1307.40474488898,1097.5899638835,45.337235363007,1052.25272852049,352.825079962313,97.7805080923719,22.4153982858315,18.8065219532042,0.759292806639078,23.7692728625688,38.9816946495701,49.6736578076778,1450.41504384581,94.3382062549293,45.1253225051747,119.189493632088,37.860151201302,0.0152856230072455,0.478508608216383,0.784755872025693,50.9068622457309,101.446591242644,62.456581581655,93.9628920423374
"Canada","22","Utilities",1968,1448.99670638326,1088.37660845985,24.548545962617,1063.82806249723,404.623329769589,101.374835177491,24.4343937905716,20.3519604534628,0.758476366445577,25.7775473838943,40.5948650606872,51.4996185963703,1492.99993822944,95.9700853257648,47.4457762145325,120.05916504429,39.5186624836426,0.0147278055084283,0.500538607594875,0.788255644742744,52.5543151409637,101.356683978463,64.5109398832906,94.0704657380606
"Canada","22","Utilities",1969,1585.82923518788,1267.90625424303,41.1085020981715,1226.79775214485,443.554751957972,104.699143647073,26.3731650188223,22.0486086515575,0.96790839463127,27.8255648778847,42.053742203312,53.1884067258934,1711.461006201,96.7554313373082,49.5844238289303,119.613738152858,41.4537866591587,0.0181977324423232,0.52315093815996,0.790656174756956,54.433536504492,101.791426563956,66.5805903106445,94.1463238542978
"Canada","22","Utilities",1970,1820.48540072856,1171.49210232086,58.4182761889448,1113.07382613191,487.47019456415,104.991507673824,29.4408608418118,23.7983570139687,0.818641536246135,30.2804876784873,42.2491079226002,53.3369311189801,1658.96229688501,102.073196292296,55.1978905125554,123.709636024584,44.6189094773396,0.0153484934185653,0.567720846385777,0.79211733851642,57.4097537796234,101.279373245725,70.4670025490885,94.1943995617149
"Canada","22","Utilities",1971,1989.8855942415,1528.59608004066,76.6874434431836,1451.90863659748,534.762184301079,104.031371352272,31.3294820832334,25.5597229831305,0.890165365173763,32.5051840362324,42.2396480509258,52.849170480219,2063.35826434174,103.15881806953,59.2809343998308,122.573637061368,48.3635272812793,0.0168435068532806,0.615055709311442,0.799249026372811,60.8565426871549,101.620629241459,74.4543330492791,94.4281338111683
"Canada","22","Utilities",1972,2172.06720220797,2145.80679178709,68.8036412631496,2077.00315052394,580.72609724105,102.367260756327,35.244140568827,26.9261095033189,0.692118572899257,34.6247018652482,41.978151264632,52.0037825607884,2726.53288902814,111.686030380279,67.7722635418477,130.8920643158,51.7772134591256,0.0133090044380949,0.665811219112276,0.807213421746058,64.1113769168353,100.876607184689,78.9082401730236,94.6494362254696
"Canada","22","Utilities",1973,2455.6921503124,1669.30249718569,63.1382852406955,1606.16421194499,653.405602359045,108.379669819515,38.9508453397317,28.8467656946668,0.623558308110382,37.286860368854,44.8016947160786,55.0581576732849,2322.70809954473,115.322404190179,70.7449122632581,135.026733159665,52.3932636210669,0.0113254481163459,0.677226807880391,0.813715834480549,64.6848120763316,100.450817916382,79.8890326333805,94.8373049270857
"Canada","22","Utilities",1974,2853.49105206504,1306.58670341587,68.9876086255851,1237.59909479028,800.925713830745,113.877679205774,42.4011559758091,30.962878131682,0.573909802799228,40.2083396818483,47.4466503193876,57.8512116490158,2107.51241724661,117.478702798317,73.2934622580727,136.941907646574,53.5215724080841,0.00992044568195301,0.695030208283154,0.820149638476842,65.6139043162903,100.053004079564,81.22552963414,95.0846066352749
"Canada","22","Utilities",1975,3200.17302136571,1223.48885424229,86.8383302999911,1136.6505239423,966.027111899332,116.461707409533,42.5618515018455,33.3081040293141,0.510411311882632,43.5246065479981,48.8187546777593,59.1639286236265,2189.51596614162,111.642512288623,71.9388527638255,127.78227023786,56.2979923818189,0.00862706929300845,0.735661196958056,0.825143897869284,67.5991219560267,99.5483585118604,83.818884209321,95.3219354652341
"Canada","22","Utilities",1976,3911.47275041242,3347.4508581645,173.435541580615,3174.01531658388,1161.68256310678,123.764861889892,46.3804469219393,36.4518919894201,0.912406688925454,46.7441705661634,52.030682922548,62.8740177165495,4509.13342127128,112.199577720354,73.7672708161151,127.237420036801,57.9760818749543,0.0145116651052712,0.743457667631434,0.827538700598302,68.9032739414923,101.591278535671,84.3609882383447,95.4185111368656
"Canada","22","Utilities",1977,5024.33488457632,4487.35531305446,84.926353346887,4402.42895970757,1309.5352957329,122.980762284374,50.7512754406078,38.9865666375599,0.980520426235309,49.9993039909686,51.8894750128328,62.4756858173652,5796.89060878736,116.748690536242,81.2336427789983,130.17631409408,62.4027829826935,0.0156944323764874,0.800300202179953,0.830554708347195,72.8566672989683,101.802890392926,89.033389106188,95.5024711798099
"Canada","22","Utilities",1978,5793.79679094233,4536.24823174578,103.244324712538,4433.00390703324,1505.22516513495,130.901239468108,52.4668330462432,42.0916523811056,1.01507538364643,54.0225753274126,55.3135172523998,66.4993821651755,6041.47339688073,112.13009766537,78.8982263262577,124.649022022701,63.2963059364305,0.0152644333014271,0.812377101387616,0.831789942273575,73.650741977237,101.75801832141,90.034587151189,95.5361890705743
"Canada","22","Utilities",1979,6949.92187802727,4964.70961987219,133.364349504409,4831.34527036778,1801.04497658654,147.140105149318,55.4175954965384,44.6749449665932,1.09119464255151,57.3229367718733,62.2598505550797,74.7489185274867,6765.75459645872,109.911725332185,74.1383241232584,124.046253527516,59.7666773602421,0.014598132843223,0.766873125405747,0.832919750299604,70.579557012463,101.67448413162,86.3548082585403,95.5696094510624
"Canada","22","Utilities",1980,8072.06868015703,4740.84714605554,121.400482606823,4619.44666344872,1993.08833639595,148.083949599482,58.5093806809076,46.3160469757449,1.11984692439533,59.4417030914197,62.7600404792064,75.2284027023573,6733.9354824515,112.818808422969,77.7756519866587,126.326369587517,61.5672343316862,0.0148859590815191,0.790149743396813,0.83425991015013,72.1017956735733,101.711951088442,88.1814395231403,95.612807610617
"Canada","22","Utilities",1981,9060.43994286604,6044.69599351559,345.828139341881,5698.86785417371,2407.60211811073,161.498637069875,59.2474545285666,49.2610532596844,2.9561906806941,61.4774747184725,68.8276734197556,82.0432230382445,8452.29811162632,106.460572961287,72.2149281007017,120.272407120972,60.0428060178978,0.0360321129670402,0.749330321772156,0.838919667839859,70.8303858033873,104.396649189887,85.0569770800401,95.7675940057038
"Canada","22","Utilities",1982,10392.5967659974,8011.73300832115,752.049126000737,7259.68388232042,2805.43816117065,162.588312707452,58.0450312147552,52.6860205189947,4.52038496771024,64.2799619071853,70.012377372591,82.5967911859084,10817.1711694918,98.8595746532148,70.2751649081715,110.17159892315,63.7870064472714,0.054728336328899,0.77823800397408,0.847640403063691,74.0188770484137,106.834158790112,87.25056659915,96.0374552378632
"Canada","22","Utilities",1983,11859.528390105,9859.89686523799,1036.34014398956,8823.55672124843,2992.4094229886,160.939301046141,62.011170985123,55.261234515392,6.06005427952228,65.8912801912626,70.1888317545831,81.7590737043484,12852.3062882266,101.819200538632,75.8462249821512,112.214595871634,67.5903383093892,0.074120877414001,0.805920091873033,0.858483695747278,77.3223642818732,109.294970662261,89.3454816896958,96.3383407820048
"Canada","22","Utilities",1984,13559.4388919946,11339.0205094274,1077.52405241893,10261.4964570085,2907.0834434936,152.715573279721,66.1882274722834,55.4248762876978,5.99430996980952,66.1796243266491,66.7583480921441,77.5813224639194,14246.103952921,109.620249748016,85.3146419398373,119.419711698977,71.4410047772441,0.0772648593686616,0.853035527429003,0.860495103356755,80.7442499918968,109.650308167231,92.9885637508015,96.3876030295418
"Canada","22","Utilities",1985,14688.8935224725,11287.9700699647,1221.81004953152,10066.1600204332,3143.46221301365,152.334562264042,69.6793346185218,55.9667317122093,6.95292683482159,65.8337765242468,67.2393179248067,77.3877643490863,14431.4322829784,114.346383624259,90.0392138274045,124.50134658001,72.3198714718654,0.0898452991025536,0.850700069681287,0.868862390461348,81.5270222176985,110.98409246415,92.8080134383275,96.5845543802068
"Canada","22","Utilities",1986,15614.3150427072,12918.2195594355,882.996412884004,12035.2231465515,3306.53285195491,157.458654239296,70.7491550105238,54.6245620276546,5.62525500950508,65.3899274425191,70.0602511226101,79.9908638452905,16224.7524113904,117.326673147936,88.446544529584,129.51894236645,68.2885012134678,0.0703237187234886,0.817467449395084,0.875853163157644,77.9188900839396,109.109311250403,90.1843607918103,96.7478575596383
"Canada","22","Utilities",1987,16409.6817842761,12580.7183017526,759.462094108672,11821.256207644,3461.67484380628,157.890040462916,72.8209904312949,54.0756198330436,5.17002402440355,65.052040088172,70.9268605179414,80.2100131632182,16042.3931455589,121.416646832946,90.7879048506233,134.665105376743,67.4175426489532,0.0644560924567254,0.811021436385986,0.884264416882882,77.1325340397438,108.626691803399,89.6580561511407,96.9420411128262
"Canada","22","Utilities",1988,17567.643342011,13896.370471597,735.426752042366,13160.9437195547,3743.29790713574,167.071984254081,75.3250751977879,54.7922720923534,5.77882267967847,65.548290778892,75.5678706852208,84.8745495088544,17639.6683787328,122.62427720982,88.7487187074021,137.473903383357,64.5567751574779,0.0680866374327632,0.772296184877585,0.890347826557093,74.548049866736,108.891993440253,86.4637085816221,97.0843761325565
"Canada","22","Utilities",1989,18057.2196083178,11781.8341989401,771.175979715426,11010.6582192247,4174.25245076239,180.360301119849,73.5392373803546,56.114073132168,6.75479095198927,66.6194056643103,82.4022328532648,91.6251720788106,15956.0866497025,115.172268015143,80.2609541809105,131.053108918229,61.2430753023874,0.0737220001745721,0.72708628156254,0.899340552205318,71.6099008346193,109.282451014046,82.7983442269448,97.3157932378899
"Canada","22","Utilities",1990,18507.7788528398,14806.057426279,847.877482878904,13958.1799434001,4562.39120263088,186.90412574261,72.5080794012475,58.3301426048728,8.19503292212487,68.5945811441222,86.8314692253456,94.9495125982667,19368.4486289099,108.873730894379,76.3648779410071,124.306364022485,61.4327983458628,0.0863093732434227,0.722432156490863,0.914501473985773,71.7765295874185,110.078702383817,82.4241501689595,97.7210444400909
"Canada","22","Utilities",1991,20676.3194961898,15197.7607865644,971.428348439016,14226.3324381254,5155.18963085708,191.06233349814,75.8367189424029,61.5608430434043,10.6704808263061,71.4237477962543,89.8494696656358,97.0619314552673,20352.9504174215,108.417702631775,78.1322994559959,123.189864194896,63.4242922229254,0.109934767074193,0.735857474968661,0.925692167037131,73.5277396966939,111.304022284674,83.5084994139277,98.011986142183
"Canada","22","Utilities",1992,21790.5915055871,20051.2600483982,790.04656143194,19261.2134869663,5376.15650135048,188.066366201669,74.7406357910785,63.2418596664202,10.9160077611412,73.3922089628398,89.6426038132969,95.5399445358775,25427.4165497487,104.719755732404,78.2297249115648,118.182223270015,66.1941557257984,0.114255956649023,0.768183499785048,0.93827355928215,75.980419785191,111.473224170726,86.1643937919921,98.3199148839337
"Canada","22","Utilities",1993,22683.6525182776,16277.454229164,705.775870319655,15571.6783588443,5842.7854652603,194.014107598404,76.6911224261525,63.5792671965162,10.9467660246243,73.7907430515078,93.8417057254349,98.5614677068441,22120.2396944243,105.859061026678,77.8104508896503,120.622847364864,64.507224451672,0.111065371481518,0.748677396637264,0.952113517673586,74.4999993033613,111.373854022615,84.5600890241704,98.6628430337734
"Canada","22","Utilities",1994,23283.1704978521,17734.4868991755,810.075010278943,16924.4118888965,5445.05836849826,186.731847381692,78.6654335479753,63.0365890163239,12.2165691812966,72.7592226222722,91.134915126732,94.8619931476638,23179.5452676737,110.086098081892,82.926186703165,124.793290334292,66.4508376059526,0.128782547951318,0.767000778794664,0.96071052381189,76.1783390987401,111.92623270168,86.0389764891156,98.8843849902654
"Canada","22","Utilities",1995,24336.7303006781,17181.0725951942,1013.88876820642,16167.1838269878,5697.36725519015,190.57644779537,82.3205206995534,62.6791217554761,15.2760589682007,71.4417018571512,93.7792973251437,96.815095755557,22878.4398503843,114.900804175395,85.0286001961924,131.336429729667,64.7410626063224,0.157785920149998,0.737919033179808,0.968643335972334,74.6878732976398,112.830855691817,83.6826427401509,99.0813391902747
"Canada","22","Utilities",1996,25038.949088056,20320.3022300847,1142.67412357548,19177.6281065092,5607.51625275768,187.402264001734,83.5793448578582,62.0577193990806,18.8917120108307,69.7624178093613,92.3354544441478,95.2025727419232,25927.8184828424,117.978270669465,87.7910569543394,134.68001348934,65.1849184447019,0.198436990374647,0.732778703349483,0.96988402503,75.0804817479191,113.979716714598,83.2606849759596,99.1108500899464
"Canada","22","Utilities",1997,25304.2421066034,17341.3535580229,1224.91500626212,16116.4385517607,6124.84069997208,178.629799969229,82.8821451268319,61.0689002554908,23.1725986603549,67.636748032822,88.393896025045,90.7460569701996,23466.1942579949,119.673062717751,91.3341558785853,135.719072686887,67.2964779897218,0.255356534862607,0.745340902856346,0.974079744909169,76.9251286685542,115.371769706359,84.2762268173702,99.2130000387816
"Canada","22","Utilities",1998,24944.5663011613,19130.2238607321,1575.23771387488,17554.9861468572,6503.94629996447,183.309365959911,81.7502830765717,61.3951390046769,31.2484300508652,66.3487433417833,90.1333254955256,93.1233319940722,25634.1701606966,116.984468826315,87.7871112706486,133.154325247711,65.9288469280556,0.335559621651578,0.712482488770986,0.967891972564545,75.761097376262,117.176434941999,81.7102215465762,99.0504137967995
"Canada","22","Utilities",1999,25370.9922856263,18812.1092246767,1951.58887931007,16860.5203453666,6690.90319996498,178.779127959916,83.021154375325,61.8748179240644,42.4816200910433,64.8431520742581,87.7967266093085,90.8219173605286,25503.0124246417,118.922326978531,91.410924574255,134.175997862672,68.1276279143555,0.467746347199513,0.713959294834697,0.966690961398543,77.6278488462137,119.892234529659,81.8241615754166,99.018684331573
"Canada","22","Utilities",2000,26607.7371492694,20708.5924525487,1868.41173147664,18840.1807210721,7077.59659996659,180.128639959917,83.5159364963041,60.8834456568634,45.7483739015426,63.200780817663,90.2465356563357,91.5074854620164,27786.1890525153,120.213999851747,91.2667811541719,137.173472354039,66.5338418485288,0.499941329067907,0.690662414102689,0.986220255104659,76.2772129844524,120.467278338523,80.0266253612373,99.5320318544931
"Canada","22","Utilities",2001,27611.2836267729,19101.9851461721,1979.16404765472,17122.8210985174,7395.00979996422,180.361124959916,78.9228466462222,61.4445395256457,55.9606272176242,62.4784914193405,89.4431595417161,91.6255905993357,26496.9949461363,113.110835961443,86.1362487597372,128.445663773396,67.06045671709,0.610753249737087,0.681889099002364,0.976180987829448,76.7193426284581,122.191093469993,79.3520794459368,99.2605938759518
"Canada","22","Utilities",2002,27623.5763030339,21946.1194548159,1781.709992357,20164.4094624589,7511.74119996579,177.182081959919,82.5515243393575,60.8359115800941,52.5601360294058,62.1916922385145,89.1397898846461,90.0105990512391,29457.8606547817,119.285970289815,91.7131151325462,135.695384839715,67.5874977184219,0.583932743292661,0.690937432858451,0.990325481934663,77.1608176664595,121.820779221396,80.0511403142393,99.6426470555762
"Canada","22","Utilities",2003,29746.7346422805,20816.4363575088,1929.58431999812,18886.8520375107,7983.13759996445,185.006036959916,82.959176256734,61.8515315502576,57.6085709025824,62.7838479914958,92.2375286053015,93.9852609849386,28799.5739574733,117.355590020856,88.268283119444,134.126308884244,65.8098204995881,0.61295324712472,0.668018020416595,0.981404186557324,75.6661121020945,122.197990928522,78.2617062681021,99.4029970017922
"Canada","22","Utilities",2004,29536.7525035662,22099.4224828749,2165.18505732905,19934.2374255459,8549.27999996434,188.143624959917,82.9575181251325,63.2933160961787,67.5757460310865,63.3302604399604,93.7212208428067,95.5791929013722,30648.7024828393,114.906173521872,86.7945371862849,131.068370630277,66.2208103823296,0.707013147734127,0.662594635061532,0.980560914963126,76.0069598910546,123.404526991833,77.8461506287696,99.3792390807751
"Canada","22","Utilities",2005,31974.721216799,20558.2760016354,2408.68750167634,18149.588499959,8950.63359996772,191.592247959916,87.2798742665116,65.0756215330155,80.5743382856533,63.9627326592403,95.6480835527116,97.3311342867433,29508.9096016031,117.836359561126,89.6731296785054,134.120692527279,66.8600258384936,0.8278372473116,0.657166210257061,0.982707992192166,76.5263137700426,124.895762652419,77.442004398238,99.4425417347151
"Canada","22","Utilities",2006,31807.9760078337,24136.7353625186,2381.27877902189,21755.4565834967,9337.52669996597,191.464214959917,85.9451335601766,67.1970740614463,84.5253839492255,65.9215163268204,96.3076054329179,97.2660920042464,33474.2620624846,113.198768632107,88.3608375634383,127.900112855489,69.0858167289302,0.869011823211067,0.677744062380366,0.99014572754412,78.3235839669514,125.359683048773,78.9670431197526,99.6610754351685
"Canada","22","Utilities",2007,33394.299,21159.3762909091,2268.16651410558,18891.2097768035,10203.6960999637,193.427613959918,90.1235953462639,68.8803041562578,86.3191824115919,67.6018055805298,96.7491877960864,98.263521982559,31363.0723908728,116.50924494679,91.7162274747898,130.840878898872,70.0975323971021,0.878445843076059,0.687964406491848,0.984589050382894,79.122263004787,125.456810711584,79.7105601589393,99.4917557071614
"Canada","22","Utilities",2008,35195.008,23236.3627782352,2072.45601990884,21163.9067583263,10862.1626999651,200.028553959916,94.4982628295258,71.1670328873078,89.1785566272872,69.8447191957002,98.9630555781897,101.616877791052,34098.5254782002,118.621921679362,92.9946529392851,132.783760957356,70.0346580551748,0.87759591286262,0.687333843688029,0.973884041012176,79.0741352062877,125.448729050554,79.665875846846,99.1422045284595
"Canada","22","Utilities",2009,33018.214,21645.4277380668,2074.66676833827,19570.7609697286,10982.7608999645,199.614640959912,89.1832568198718,74.4391233955711,94.2146939074592,72.9819910529756,99.3025468604784,101.406605077957,32628.1886380313,108.495060686759,87.9462010894768,119.806968099221,73.4065826760944,0.929078474079977,0.719696621308544,0.979251270507861,81.6143736416647,125.894208074265,81.9343468998281,99.3208586509191
"Canada","22","Utilities",2010,33693.878,25245.2285384787,2104.54528411509,23140.6832543636,11640.7393999716,212.436937969909,90.1462304593866,75.742284831731,90.9138427925348,74.6475914940197,107.300759137448,107.920484034091,36885.9679384503,105.687653714392,83.5302317870535,119.017046633404,70.1834183840433,0.842415076305771,0.69169066616157,0.99425757860345,79.1817655235097,125.152795335307,79.9630416206774,99.814640956757
"Canada","22","Utilities",2011,35472.42,22353.1948828329,2040.40488287746,20312.7899999554,12683.7852999707,223.476494969906,93.2399865915128,79.1281611491604,94.1549682409727,78.0510170650768,112.310286120931,113.528709921485,35036.9801828036,104.569979514239,82.1289933233594,117.834137982495,69.6988111675753,0.829349406912919,0.687500255389633,0.989267703284951,78.8198367481774,125.040073912926,79.6703073176371,99.6446407289049
"Canada","22","Utilities",2012,35777.816,23386.5417213046,1975.6254572056,21410.916264099,12496.3753999723,206.973465969915,92.1538577840644,82.7779637810283,98.687107937589,81.6357553606933,104.10601431703,105.144975460203,35882.9171212769,103.13091455733,87.6445663530013,111.32655790838,78.7274555143718,0.938581301727936,0.776411378702469,0.990118775161386,85.2608292298723,125.91952977059,85.5787091758133,99.6750759648942
"Canada","22","Utilities",2013,37408.369,24789.4793981232,2004.12673299563,22785.3526651276,12389.1986999723,196.90549596992,92.1867247774553,86.8572453203549,101.55704245395,85.8088810932,100.060212998701,100.030327292029,37178.6780980955,101.306361168362,92.1587755164738,106.135906610259,86.8309118561445,1.01526252290931,0.857828654730769,1.00029876645894,90.9493647704304,126.459441974173,90.8987066945138,100.023099784202
"Canada","22","Utilities",2014,38813.175,25792.4821442125,1918.46390419674,23874.0182400158,12580.9060999757,189.100086969923,95.669596782692,91.4399579380001,101.053008793356,90.7655577824776,96.3318338297999,96.0650869462895,38373.3882441882,102.859535938421,99.5883102007511,104.625591415473,95.1854215143996,1.05192231647961,0.944833973170973,1.00277673077691,96.7182251827339,126.692692649609,96.4861817301213,100.104934156638
"Canada","22","Utilities",2015,40292.851,25936.5448483519,1754.76896186293,24181.775886489,13183.8501999722,196.203743969921,96.2517365608132,95.1447533511899,99.016754929902,94.8773922727973,99.7850249764007,99.673828953108,39120.3950483241,99.6046689050792,96.5667092071834,101.163472677823,95.4561035233744,0.993407757782485,0.951878675368564,1.00111559899384,96.9017472729713,126.34927720011,96.9316854736682,100.049777597872
"Canada","22","Utilities",2016,40899.171,28802.0867059655,1854.14383047613,26947.9428754894,13034.4665999714,193.407621969922,98.5828136114652,97.8571730051375,97.2875481635313,97.8983357925854,97.1625678390832,98.2533658145319,41836.5533059369,100.965745875318,100.335304337111,100.74153031816,99.5967641351418,0.990170131648988,0.996386586668015,0.988898110854463,99.7224361018808,126.3308881641,99.7680216439188,99.652187183588
"Canada","22","Utilities",2017,40828.05,29612.1358244729,2082.68124433889,27529.454580134,13468.0669999723,196.845797969922,100,100,100,100,100,100,43080.2028244452,100,100,100,100,1,1,1,100,126.388721262267,100,100
"Canada","22","Utilities",2018,44294.467,28676.799053673,2315.92076600338,26360.8782876697,14058.1225999721,199.623389969923,102.595324326874,100.859947078923,108.315177201337,100.279047209496,102.071073786888,101.411049678808,42734.9216536452,101.331821989089,101.16779645987,101.720581160521,99.4565655304522,1.06808062380181,0.988837483953706,1.00650840426335,99.6305737496642,126.816220448187,99.2976011363684,100.208326149026
"Canada","22","Utilities",2019,47157.502,39861.3871487469,2581.72383968855,37279.6633090584,14339.4283999709,202.112202969923,105.007739542978,102.101298825706,120.064387101134,100.792407698157,103.350471812143,102.675396200637,54200.8155487179,102.446753876849,102.271569848908,102.846624627404,99.4408617875609,1.16935888775649,0.981660762245317,1.00657485275428,99.6195106853836,127.402485635742,98.8268902798373,100.210289366256
"Canada","22","Utilities",2020,47578.678,27307.4647213142,2673.68213088367,24633.7825904305,14141.4571999734,189.051468969916,104.005184773206,102.889046421478,130.813197129311,100.892060375805,97.8442007450135,96.0403884256667,41448.9219212876,102.613946131626,108.293173817913,101.084798032976,107.131018635052,1.36206443220039,1.05051699633528,1.01878180991264,104.929311354787,128.496844880301,103.216478463737,100.576813071796
"Canada","22","Utilities",2021,49706.272,27302.6092543995,2759.45136642256,24543.157887977,14622.645099972,200.055219969921,104.194909778221,103.30228278515,133.451216973705,101.127186193342,104.039140953909,101.630424440398,41925.2543543715,100.382950376933,102.523344118598,100.8640922243,101.645037255288,1.31310301721675,0.99504835043416,1.02370074243785,101.377901943648,128.190683874653,99.9660641419729,100.744073813912
"Canada","22","Utilities",2022,63115.71408512,36411.2972423976,2767.67815651359,33643.619085884,15203.6763999731,206.066062969922,106.78956151342,102.420165861215,127.571078569599,100.609522561635,105.86711543695,104.684003974222,51614.9736423707,102.904757159455,102.011346012058,104.266147799571,97.8374555547529,1.21863010322965,0.961078280750605,1.01130174064625,98.7861080013825,127.620349783447,97.8409336285727,100.34994771567
"Canada","22","Utilities",2023,68178.6330045758,37522.2624188687,3034.26441258535,34487.9980062833,18214.2633999713,232.881921969915,104.114968923704,103.040436633714,132.503933807702,100.944459437187,121.029076689331,118.306778387771,55736.52581884,95.8413898716228,88.0042296329367,101.042825831387,87.0959703559679,1.12000289090281,0.853243244493765,1.02301050150007,91.1759125515335,127.039730284757,90.7162023061809,100.709473081899
"Canada","23","Construction",1963,3175.32496552179,307.177286919014,3.10474074299959,304.072546176013,2684.80953053011,1154.05423777591,24.4246161631674,11.4961524477986,0.0921160454433374,15.3443269846811,34.7810976167747,41.0937950431018,2991.98681744913,78.2060508138065,59.4362631573678,212.459049008561,27.9753973458541,0.00224160473245949,0.373397661826729,0.846383196789053,88.3053453188087,100,91.3069415668241,86.0645194018414
"Canada","23","Construction",1964,3468.66111709283,348.168044201496,2.97720374168752,345.190840459808,2924.10904838834,1185.15303651536,25.8455024255533,12.3245498153232,0.107773281212222,16.436328375798,35.9809667602452,42.2011673135322,3272.27709258984,79.698276663505,61.2435723247534,209.707476644862,29.204286515959,0.00255379858124597,0.389475680937564,0.8526059597576,88.7030716954139,100.012697596502,91.7064402838788,86.630919730155
"Canada","23","Construction",1965,4087.87548930669,414.247420650214,3.51426521932961,410.733155430883,3413.18503852741,1265.14939881049,27.8891849202959,13.7060442268014,0.119267601036112,18.2794944238172,38.9404655149176,45.0496938461197,3827.43245917762,79.2325756828235,61.9076014491007,203.480920233425,30.4242782950277,0.00264746751539543,0.405762900104406,0.864389126548342,89.0935053360571,100.015990454655,92.1070611889891,87.6989023083577
"Canada","23","Construction",1966,4694.84948893308,469.070461105703,4.974801130244,464.095659975459,3878.925267296,1374.55444884005,28.7496496951218,14.6700244724288,0.117872083988594,19.580797383017,42.6180883374564,48.9454108370813,4347.99572840171,74.8088597550984,58.7381926179295,195.975471950674,29.9722164377354,0.00240823566444137,0.400053795609016,0.87072695087419,88.9495027592431,100.006223257835,91.9674823677434,88.2722139437645
"Canada","23","Construction",1967,5008.79185654939,498.992773108738,6.49816454060184,492.494608568135,4163.34861673871,1294.26156207761,29.154957402036,15.4299805348199,0.142608159193466,20.560883910707,40.3437806130547,46.0863256017172,4662.34138984745,79.2380957484338,63.2616226643802,188.950059504247,33.4806047853921,0.00309437034373061,0.446138494276941,0.875395902934632,90.013846419429,100.038041803528,93.0384149361215,88.6945587081184
"Canada","23","Construction",1968,5311.08976267021,515.477286415382,4.1913574501145,511.285928965266,4307.26676973687,1265.33846656801,30.9383211052685,16.1170056722597,0.135211756225479,21.4986918434893,39.6085071085688,45.056426208796,4822.74405615225,85.0802232336678,68.6657236459394,191.960726045526,35.7707146979921,0.00300094276449922,0.477150401229387,0.879086746139585,90.6530900042234,100.03457184704,93.7024270059034,89.0284410230096
"Canada","23","Construction",1969,5648.55150388473,521.160067573853,4.48691782204069,516.673149751812,4579.70117493028,1250.35427479435,30.6941915637882,16.6943731523998,0.121533752075238,22.2958625418673,39.2265885242394,44.5228660991601,5100.86124250413,84.8317405951268,68.940286762822,183.859503340357,37.4961780654879,0.00272969291340233,0.500773299100076,0.881043651522232,91.1005894536334,100.026285865742,94.1729332764332,89.2058879462018
"Canada","23","Construction",1970,6114.58291249525,535.813132240599,5.79380301309695,530.019329227501,4793.23880636378,1201.91873534748,31.3510523117729,17.0751303703842,0.113712905165026,22.8248185134116,37.7859677510826,42.7981636842479,5329.05193860438,89.4055594735241,73.2532651238768,183.606517969253,39.8968761752477,0.00265695757425402,0.533313033750848,0.882887593726127,91.675436343309,100.023629225755,94.7699063988498,89.3736462080568
"Canada","23","Construction",1971,6908.77760687447,598.195439018395,6.43502223097439,591.760416787419,5595.88554980887,1270.45704147883,31.7759213291712,17.6857117750025,0.110295824494795,23.6579688017844,40.3141604235815,45.2386894520759,6194.08098882726,85.1827811466541,70.2405876784592,179.67001686686,39.0942177795359,0.002438086200787,0.522958756947342,0.891143419755535,91.491985977706,100.014488581959,94.5889238544549,90.1266578365224
"Canada","23","Construction",1972,7475.44021104843,722.211646817488,7.38498137045664,714.826665447031,6119.03213383742,1271.6024268874,31.842188273164,18.3233045272766,0.108120559856262,24.5252454290915,40.4788508596802,45.2794745657077,6841.2437806549,84.7442738725465,70.3236700040676,173.779725298801,40.467131527082,0.00238784926047148,0.541641564181613,0.893977928143556,91.8117156548883,100.012283021633,94.9215723961068,90.3843130370402
"Canada","23","Construction",1973,9249.26143647526,844.312908411878,7.7095319442755,836.603376467601,7582.5231406039,1398.20648529655,32.9312428826503,19.3231094284932,0.103188006659533,25.8886499275803,44.8695214146241,49.7876173007643,8426.83604901578,79.4730134139864,66.1434402126827,170.424139057511,38.8110748738252,0.00207256366650728,0.519981700895394,0.90121849261373,91.4178828929011,99.9981615576298,94.5277138735741,91.0407735860652
"Canada","23","Construction",1974,11463.0725413301,925.828624822114,9.31458226383548,916.514042558278,9165.33054803964,1478.66755321546,34.013941331106,20.2505374380031,0.108352290272144,27.1306859880597,47.6497884294834,52.6526911645203,10091.1591728618,77.3946257553383,64.6005751630527,167.965622814898,38.4605933526315,0.00205786803818978,0.515276339879499,0.904982962420578,91.3383301594621,99.9975076561498,94.446073420435,91.384494228698
"Canada","23","Construction",1975,13749.0313663305,961.618834014269,11.6447086241709,949.974125390097,10701.9483406493,1448.32627768613,37.2503166714523,21.2819552713366,0.112094650714095,28.5176454966023,46.7992343497079,51.5722929326734,11663.5671746636,85.7917748324348,72.2293203447088,175.032398088076,41.2662576378363,0.00217354405514667,0.552964467448278,0.907449168700011,91.9001877982734,100.002761663679,95.0220885900804,91.6118127991844
"Canada","23","Construction",1976,16030.9081194804,1139.71699090923,33.3329753324243,1106.38401557681,12208.5289299261,1430.05870088781,41.4730788864573,23.6418246484615,0.299500828179561,31.1322326600808,46.3803870540014,50.9218173897466,13348.2459208353,95.4610836107865,81.4446164971482,175.422495950016,46.4276922159144,0.00588158167818785,0.611373164901013,0.910815627396291,92.8135380912241,100.176903756112,95.8093307971065,91.9231068351309
"Canada","23","Construction",1977,17439.1455320533,1255.24533402369,23.6278718895957,1231.6174621341,13608.5071905146,1409.61885726103,43.9419678956071,25.4182723105611,0.371102931514654,33.3590754503881,45.8344547148565,50.1939913333815,14863.7525245383,101.618624128286,87.5442791623216,172.875510021779,50.6400699273672,0.0073933736221501,0.664602964701925,0.913146245143775,93.5005462565117,100.223742012188,96.4744813199637,92.1383249205805
"Canada","23","Construction",1978,17542.9133471151,1423.83927830668,30.5645068231483,1393.27477148354,13398.1040072611,1432.46775164989,43.2072660982788,26.7363383458205,0.414177787212038,35.0462522838391,46.6766908958882,51.0075993530418,14821.9432855678,97.8305938281947,84.7075075994577,161.605024365773,52.4163824311134,0.00811992315782922,0.687079037797319,0.915092878079248,93.7919437151436,100.240896859795,96.758645923961,92.3169988739367
"Canada","23","Construction",1979,19043.1978839465,1649.8555835144,40.0312190133429,1609.82436450106,14292.9356579577,1480.63288617686,44.1948882815117,27.7846098743841,0.453423527803774,36.3760447634955,48.1982204133159,52.7226731352665,15942.7912414721,96.8461767737146,83.8252039461738,159.062475526269,52.6995469351474,0.00860016195765455,0.689950691046494,0.914183927845567,93.8423753424637,100.254067800966,96.7979962449087,92.2344465193051
"Canada","23","Construction",1980,22264.8830300465,1850.74463949327,51.7497095298355,1798.99492996344,16446.6279805283,1450.95482731372,47.1555056519925,28.7657886566886,0.592140003497468,37.4249421546117,47.4493971963402,51.665890855649,18297.3726200215,104.425182403196,91.2700911008034,163.929125026885,55.6765560029889,0.0114609463553404,0.724364595960891,0.918389219860945,94.3714956056571,100.330953238069,97.2686371736509,92.6152287344215
"Canada","23","Construction",1981,26791.5693878446,2029.42328324493,60.0177697826047,1969.40551346233,19655.0884033593,1486.16331203524,49.7157413738476,29.2979240025478,0.668937203861317,38.000609622014,48.7757780606296,52.9196016497905,21684.5116866042,107.197333799267,93.94579668769,169.690321298957,55.3630849234931,0.0126406318832138,0.718081928762297,0.921695865804438,94.3196287528875,100.358460190626,97.1885383761368,92.9161672973415
"Canada","23","Construction",1982,26869.8092842112,2251.65059625606,86.3541775078395,2165.29641874822,19059.1230427477,1310.02577878267,48.6841011053404,29.3577628674945,0.787803408643411,37.8642114397063,43.4515990726306,46.6476609957463,21310.7736390038,116.462592493934,104.365578179321,165.830418772284,62.9351230926061,0.0168883796492015,0.81170653857991,0.931485055094036,95.5318938333735,100.457652883845,98.3413140231012,93.8042342814943
"Canada","23","Construction",1983,26676.0801178962,2473.78053482345,92.3466458040467,2381.4338890194,18722.8173924835,1288.97150619296,48.0145867181837,29.3095786568971,0.836584417012801,37.7102349796454,42.8599236848614,45.8979562294862,21196.597927307,116.290478814354,104.611600739071,163.818754545231,63.8581345765191,0.0182270516105324,0.82161033034014,0.933808979871897,95.6866627378932,100.489876471916,98.4689807288472,94.012214099292
"Canada","23","Construction",1984,26242.6910080277,2535.29585319461,113.525855547212,2421.7699976474,18670.3556887939,1283.90946329503,46.1910621741323,29.5193710075672,0.972886886623223,37.747759205315,42.5375371657236,45.7177059894734,21205.6515419885,112.526467832677,101.035389187655,156.477121962698,64.56879313753,0.0212803084837028,0.825670457174875,0.930439011430668,95.8118448579595,100.565467062685,98.5239810102717,93.7129543342179
"Canada","23","Construction",1985,28156.4989996969,2492.02785949715,140.256457446844,2351.77140205031,20453.0436121555,1376.38209763257,48.6697059324654,29.7961889044527,1.20671461686132,37.6879377153012,45.5861131307603,49.0104901222937,22945.0714716526,111.394089575367,99.3046709204949,163.342050517045,60.7955334258107,0.024621557830788,0.768976960264224,0.930129713394242,95.1559214046715,100.649587207721,97.7675325591767,93.6853555367324
"Canada","23","Construction",1986,30650.4314878569,2707.59263268718,158.939836732572,2548.65279595461,21891.2741858919,1402.85443094591,50.129121035371,30.1096965611172,1.46314940441031,37.6650795737439,46.4720855885305,49.9531222827955,24598.8668185791,112.655118650362,100.35232783164,166.488296996345,60.2759050588663,0.0292904494763531,0.754008515434004,0.930313931638586,95.0666543120106,100.759523001389,97.5696822609727,93.7018815656562
"Canada","23","Construction",1987,35521.1142852762,3056.41331215576,179.078023397147,2877.33528875861,25817.2470171113,1576.30868729754,54.1335773258292,30.8415752265558,1.74586404936316,38.2155987554217,52.2318760846019,56.1295162741251,28873.660329267,109.329262718242,96.4440474802096,175.521441198042,54.9471601998703,0.0311042062225642,0.680846750376122,0.930559882780961,94.1213808580037,100.797861037629,96.5628164531434,93.7239791428181
"Canada","23","Construction",1988,39591.8057302,3234.08012581286,214.027239532009,3020.05288628085,29187.3242927336,1659.92748967916,56.20117640024,32.6297527516298,2.36983328203743,39.763904443086,55.1370913323774,59.1070313807308,32421.4044185465,107.499700612534,95.0837406098556,172.239050746202,55.2045196475005,0.0400939317485331,0.672744063002447,0.932834724471585,94.166605840717,100.961820402771,96.4514334251891,93.9295165299672
"Canada","23","Construction",1989,44482.332725191,3282.11408445028,250.650692808393,3031.46339164188,32777.368558175,1752.32285924986,59.7569855886746,34.7716088038058,3.07373652394788,41.7397564819808,58.4190672841351,62.3970642542177,36059.4826426253,107.820484038462,95.7689056414787,171.855682392625,55.7263538267433,0.0492609157287414,0.668937825534948,0.936247049158026,94.2511506742388,101.102787268149,96.402954188477,94.2402840646737
"Canada","23","Construction",1990,44899.1588751663,3591.13627907037,278.1464835769,3312.98979549347,34451.1744154209,1766.6063088607,59.952712944478,36.1793326567162,3.79893685887635,42.8084335441949,59.0542447442793,62.9056721962046,38042.3106944913,106.72408319552,95.3057345249944,165.709836367998,57.5136253911601,0.0603910065061757,0.680517861897639,0.93877456010783,94.5273997831293,101.249766539788,96.5446515773344,94.4710817739317
"Canada","23","Construction",1991,41308.3777311284,3431.89457220601,282.605099591247,3149.28947261476,32804.4466697504,1576.54372290918,53.4499055810285,36.3420672384763,4.30630028604673,42.5514300123036,53.0896747264213,56.1378854693817,36236.3412419565,104.733361191795,95.211825550823,147.074477712814,64.7371502054485,0.0767093425418639,0.757980633871786,0.945701361612152,95.5908099484381,101.432898700455,97.4543789568238,95.1020129213019
"Canada","23","Construction",1992,40231.5178533371,3230.77688372597,272.246119493312,2958.53076423266,31759.9504426069,1507.47576353796,50.5113133468099,37.8577411709834,5.00454457816697,43.8853599418892,51.0218126233091,53.6784997026294,34990.7273263329,102.213390218664,94.0997114797075,133.424002025575,70.5268242978277,0.0932318266324762,0.817559361476332,0.950507426734392,96.3596412698189,101.587144062841,98.0886083973,95.540019168294
"Canada","23","Construction",1993,39097.638386997,3052.24096791122,277.824499250884,2774.41646866033,30789.3717236941,1485.15947644976,48.6512786264847,39.2457669703917,5.6492565890423,45.1257558925131,50.6031769165073,52.8838568706833,33841.6126916053,98.8639088344703,91.996464526881,123.96567166897,74.2112419416745,0.106823838564884,0.853299259221181,0.956873796861053,96.8084955546225,101.697737153708,98.4386952867872,96.1213560464829
"Canada","23","Construction",1994,39839.51911679,3493.05836113558,321.222076150367,3171.83628498521,31444.8161910374,1559.00590212412,49.5075831861108,41.0038624103516,6.45034584447417,46.7302558602617,53.3297031197107,55.5133952251164,34937.8745521729,95.5391404616086,89.1813281917796,120.738828675838,73.8630059359076,0.116194403500577,0.841783423095678,0.960663690330046,96.7652087260618,101.772174618409,98.3232213022554,96.4657996222388
"Canada","23","Construction",1995,38082.9437291704,4010.80543170472,351.550450873763,3659.25498083096,31035.4249071524,1526.81130794494,47.8375147248484,42.2410782933044,7.11606829058149,47.8159462241252,52.3694028301172,54.3670036506226,35046.2303388571,93.5275534672591,87.9899783189551,113.248801066783,77.6961676327744,0.130889469949665,0.879503062765858,0.963257110262273,97.291511104353,101.88874473,98.7447654461543,96.698266336639
"Canada","23","Construction",1996,39518.5158570159,4310.18316610034,359.59224031686,3950.59092578348,31866.1250880445,1542.05305544031,49.5186197598757,42.8846811892748,8.08526051041819,48.0325552757502,52.9308501931715,54.9097348561165,36176.3082541448,95.7375132163498,90.1818591723898,115.469250059996,78.1003246539949,0.147246395044604,0.874754820827544,0.963961132427056,97.3504835029879,102.008619662947,98.6876882190125,96.7606838554528
"Canada","23","Construction",1997,44000.8805222618,4445.07067737565,332.417767096161,4112.65291027948,36091.5111999737,1603.05994397921,51.6219686300161,44.4829324886955,8.79538751198503,49.6141149472402,55.3047073911879,57.0820803939367,40536.5818773494,95.5997326394741,90.4346307523498,116.048933246779,77.9280155553346,0.154083163249938,0.869171456345699,0.968862855199343,97.3258886974241,102.050620460814,98.6211507583611,97.1962957794611
"Canada","23","Construction",1998,45182.3147463341,4799.28674866389,389.20065776431,4410.08609089958,37339.0312999747,1631.11632997921,53.2977860637143,46.7366325635085,11.0425477049661,51.3443943767253,56.4009432591557,58.0811178205972,42138.3180486386,96.4629813314274,91.764394460076,114.038567051852,80.4678599813971,0.190122850925057,0.884011814912369,0.971071931386869,97.6754159947194,102.237790010199,98.7933698321176,97.3931142878113
"Canada","23","Construction",1999,47567.3679608073,5320.48772197028,421.689682021154,4898.79803994913,39067.2697999744,1691.0422469792,55.9964145183129,49.5236248756223,13.2049440401604,53.8315849727588,58.3639796327603,60.2149719067912,44387.7575219447,97.6674303335187,92.9941719560904,113.070104740812,82.2447031151682,0.219296690208554,0.893990037163623,0.969260265089949,97.9250768982417,102.374610049891,98.9126577533449,97.2326336019997
"Canada","23","Construction",2000,50945.2872348418,5988.87841954598,468.333814187834,5520.54460535815,42225.2149999747,1723.5596429792,58.9596135645874,52.5141394921318,16.8486716141028,56.1756560910302,59.6742514583296,61.3728578733421,48214.0934195206,100.131613945116,96.0678964734948,112.273787849883,85.5657391749746,0.274529689474036,0.915317585616795,0.97232316574669,98.3993009370599,102.595776175058,99.1751985942496,97.5023430081248
"Canada","23","Construction",2001,55777.0131940082,6118.04591478842,457.659859389594,5660.38605539883,44316.1846999745,1764.40159197918,63.2569576229809,54.3360451453116,18.624036226173,57.8005471989096,61.510545162822,62.8271661947608,50434.2306147629,104.174119412408,100.684085331635,116.418037885923,86.4849529849442,0.296432854673717,0.919992905930709,0.979043762249959,98.5284618141957,102.669784315531,99.2324976244563,98.0932871547633
"Canada","23","Construction",2002,60231.4830819009,6657.24772857917,418.363688467748,6238.88404011142,46588.2498999747,1818.01380897917,66.556678959324,54.4174749488622,18.6748370472911,57.8785799166009,62.9039716709231,64.7362007835073,53245.4976285539,107.456534032849,102.812148618213,122.307547385963,84.0603469005645,0.288475950415193,0.894068221738254,0.971696993484193,98.1839840068244,102.646137391537,98.9076824536358,97.4475571200683
"Canada","23","Construction",2003,63735.6248071583,7340.69075513119,395.161781452137,6945.52897367905,48481.8380999747,1839.03883497917,68.8254031138995,55.8136932400057,18.9498955032912,59.4023134049956,63.7569022773611,65.484864131328,55822.5288551058,109.466146167227,105.101238319549,123.312755559719,85.2314408533748,0.289378251824541,0.907115166122449,0.973612805388104,98.3583760545515,102.648531369584,99.0809248174786,97.6150215662548
"Canada","23","Construction",2004,70524.3977463247,7875.56416576264,396.809049759583,7478.75511600306,52424.2679999752,1959.20160997914,72.6266612282764,58.8843714195122,21.1704889021085,62.4726820638934,67.9770204044253,69.7636443532831,60299.8321657378,108.49054260841,104.103880898903,123.337754106025,84.4055266398093,0.303460191885922,0.895490518636494,0.974390329441359,98.2329374660879,102.681848351368,98.9223032201458,97.6827567742245
"Canada","23","Construction",2005,78218.2153992705,8351.49627308461,404.005434085692,7947.49083899892,57821.9175999749,2067.7837709791,76.1127557497349,62.8190083453245,24.3714405603718,66.3823967379069,71.6486948949964,73.6300597464354,66173.4138730595,107.704441510844,103.371851132335,121.161982263924,85.3170682757264,0.330998516696867,0.901566520066834,0.973090272393335,98.368523395441,102.738438403217,99.003989124345,97.5691514810319
"Canada","23","Construction",2006,89687.6978257493,9100.07551475408,434.088062608721,8665.98745214536,64439.9343999758,2185.28243197906,79.0934771259547,67.6854927061132,29.9013093295563,71.0547770040317,75.9570067675855,77.8139756621004,73540.0099147298,105.360260379656,101.644308047452,116.854401089129,86.9837225642227,0.384266567478827,0.913136443671509,0.976135792077009,98.6066485055949,102.830526355665,99.1542974427085,97.8363023384192
"Canada","23","Construction",2007,102096.763,9110.69482643378,471.952269962639,8638.74255647114,71006.050599975,2334.13605297901,82.7829158961201,73.891494916739,37.5265239770367,77.0050503334697,81.0236323750532,83.1143852898006,80116.7454264088,103.095375702215,99.6011889006642,112.033077676125,88.9033765443811,0.451504560205678,0.926494854831338,0.97484487303302,98.862546856919,102.92834918156,99.3169151572101,97.7222690442406
"Canada","23","Construction",2008,112014.12,8577.20358787887,440.271766509542,8136.93182136933,78931.4464999747,2500.44150297895,84.9916429662206,79.2402876387791,42.5167549430867,82.3330959087008,86.4511655555464,89.036223149015,87508.6500878536,99.1478817077123,95.4573767397734,107.258120204787,88.997808797616,0.477521995423467,0.924714604873844,0.970966225856839,98.8736587172159,102.959845008869,99.2977375301641,97.3745470134182
"Canada","23","Construction",2009,105679.533,8698.21048283594,418.592817708969,8279.61766512697,74402.4085999747,2313.01010797898,79.7712456017761,81.9717080160321,45.9342665200301,84.975618547048,81.0973474811824,82.3621283979616,83100.6190828106,98.222846834208,96.8542789670676,97.3155830621151,99.5259709899154,0.557711018565263,1.03173169756442,0.984643659150381,100.000353673004,103.040335394509,100.350540864118,98.6063217902072
"Canada","23","Construction",2010,115435.567,9996.61441319053,537.120537975882,9459.49387521464,80283.6975999745,2495.27173297894,86.3333201325671,85.6649231074672,57.9265522556159,87.9095735013897,87.5842852686461,88.8521369407187,90280.312013165,98.7786420828324,97.1651589991221,100.780245870601,96.4129013178625,0.65194326495787,0.989391775237124,0.985730768941229,99.6586828305974,103.128740660394,99.9216775775665,98.7034587025513
"Canada","23","Construction",2011,121695.815,10206.3585990784,572.79376428594,9633.56483479247,85476.5739999745,2569.53265197892,89.708829991449,90.8441343551389,68.9095771249482,92.6044567381699,90.3641508139995,91.4964346567246,95682.9325990529,99.1867615724472,98.0462575706012,98.7502722418471,99.2870757160833,0.753139478969672,1.01211000281708,0.98762483098961,99.9774078286601,103.217586074081,100.154987612027,98.8724823755298
"Canada","23","Construction",2012,134959.281,10014.7495098083,619.987273932646,9394.76223587561,95381.0014999745,2775.21553097886,96.8181327671736,95.2616901206365,79.3101196741917,96.5444620035257,97.6995052616634,98.8204319151098,105395.751009783,99.3156567050658,97.9738004488218,101.63385999615,96.3987793561453,0.802568033120132,0.976968630196443,0.988656934282483,99.6802059414693,103.256530037725,99.8196373083274,98.9653829796043
"Canada","23","Construction",2013,142311.354,10582.2703164811,766.224719989961,9816.04559649113,101012.830499974,2825.43884297885,101.02989419746,100.294842519733,96.8879018537287,100.566074238741,99.5503233947579,100.608793694094,111595.100816455,101.393878090074,100.418552382853,100.732890804014,99.6879485750362,0.963016236416878,0.999575390442677,0.989479346084253,99.9981751124903,103.376556769871,100.022043294097,99.0398896200674
"Canada","23","Construction",2014,149565.97,10486.8094176481,844.49532963743,9642.31408801071,106902.376999975,2864.42315597883,103.701218646911,103.55658423517,111.868465493503,102.881064492347,100.987408251243,101.996954939795,117389.186417623,102.427003265245,101.670896653848,100.139667035959,101.529093977654,1.09678240452898,1.00866799948169,0.990102187960923,100.166827041588,103.471124289234,100.099106115798,99.096489559124
"Canada","23","Construction",2015,149302.99,9943.60307806972,804.554474767172,9139.04860330255,107237.409899975,2851.40669697885,101.277714960567,103.019715073765,111.113315671935,102.361844902689,101.144109150442,101.533462253903,117181.012978045,99.9370181668321,99.7481152640142,98.3090614141664,101.463805908781,1.09435168667918,1.00815871566277,0.99616527305563,100.161215410276,103.469510438027,100.095058614537,99.6503263652001
"Canada","23","Construction",2016,144018.371,10282.5963345561,817.213810111156,9465.38252444494,100052.316299975,2697.57078997891,96.4152198223904,100.246313628943,104.30482050994,99.9187423232592,96.0920053705313,96.0556423858276,110334.912634531,99.9275948208002,100.374342857568,96.1783195133404,104.362753857064,1.08587916252725,1.04021731406381,1.00037856167322,100.41272634116,103.463771714871,100.351978001998,100.034204228841
"Canada","23","Construction",2017,151266.313,11548.9463092614,842.823584657143,10706.1227246043,104276.200299974,2808.34183497889,100,100,100,100,100,100,115825.146609235,100,100,100,100,1,1,1,100,103.401207429943,100,100
"Canada","23","Construction",2018,157425.147,11868.0063887086,872.978194303418,10995.0281944052,108868.307499975,2871.82697397889,102.931847125531,100.483786892433,101.727774573302,100.386076770853,102.691820429535,102.260591577894,120736.313888683,100.449665089188,100.656416648172,102.436273859502,98.2624736880114,0.994789615467991,0.981669235644774,1.00421696026775,99.8266172209822,103.397289353541,99.830398693345,100.379867434911
"Canada","23","Construction",2019,160788.02,12050.8643432073,870.833078558361,11180.031264649,114057.696799975,2934.44655497888,103.730999892197,99.2479677673707,103.717478431988,98.904058306526,105.489771669986,104.490362192712,126108.561143182,98.9202732479564,99.2732704867896,104.517001431539,94.9828918999513,0.992603300969533,0.946537615824484,1.00956460917832,99.4987007738369,103.395681458881,99.5040047736806,100.862473043263
"Canada","23","Construction",2020,157274.199,11676.9785558712,828.883951793513,10848.0946040777,108889.683499974,2559.59382597887,101.539203264985,97.1912577495861,103.337471778088,96.7255402678767,92.3821840475944,91.1425309447098,120566.662055846,109.386570692494,111.407048073508,104.473597333828,106.636557864018,1.13380077014513,1.06125580741831,1.01360125827136,100.612687508749,103.490475607149,100.525889448482,101.226893669472
"Canada","23","Construction",2021,183262.833,12423.5396228253,928.105166777024,11495.4344560482,127372.939199974,3047.96539097879,109.231572999327,100.467443308052,112.098508747513,99.6080707273576,109.576987296639,108.53256370059,139796.478822799,100.483349897382,100.644054903803,108.723352961618,92.5689395721015,1.03285599202061,0.917771287538616,1.00962313577085,99.2995699603068,103.425289993687,99.2764122044436,100.866430756366
"Canada","23","Construction",2022,201980.2258372,14419.8624380536,1036.64144360432,13383.2209944493,139490.329299974,3187.8787579788,110.622493768375,105.800547470395,121.840045329916,104.633343623398,114.969058288954,113.514626968578,153910.191738028,96.9575449181636,97.452193362708,104.557581613015,93.2043299580076,1.07334225186365,0.921760890359636,1.01281272166607,99.3615918509636,103.451886025325,99.3128464138713,101.155958021198
"Canada","23","Construction",2023,222282.636489372,16213.962848142,1216.9954308679,14996.9674172741,153052.039699974,3401.58216697876,109.582608611668,111.302534555893,134.858686584753,109.631863954805,122.866213052065,121.124220869798,169266.002548116,90.0068967646387,90.4712598559979,98.4547288603196,91.8912284897478,1.11339157120127,0.905119250035497,1.01438186491321,99.2281169819889,103.478276256638,99.1541493631268,101.297820126291
"Canada","31-33","Manufacturing",1963,6934.50880420247,2600.13644400947,24.9891118033645,2575.1473322061,4515.68451960944,1952.84281999007,1.1941684354072,1.07643313298832,1.3632387822111,1.07369043132406,1.09934014480882,99.3034421532003,7115.82096361891,48.1691191447123,29.2999159523326,86.2521183098914,33.970082737055,0.0137280113624658,0.0108122176637908,0.0110705139819103,70.12603790287,100,76.0618548099369,86.7397903056214
"Canada","31-33","Manufacturing",1964,7752.57825628379,2846.70078553312,20.2207212205784,2826.48006431253,4945.45664513861,2062.26517383184,1.32110120881611,1.14198125398552,1.55691349338969,1.13846272777352,1.16922832296511,104.716843343583,7792.15743067173,50.1501412077505,30.7386392120377,89.9432040579125,34.1756106356249,0.014867842112862,0.0108718205345261,0.0111656184968142,70.2807589002117,100.024357484518,76.2135041515289,87.2119575894105
"Canada","31-33","Manufacturing",1965,8507.97702077235,3019.26919906367,20.7269173326352,2998.54228173102,5497.82506306035,2161.86643724389,1.42737710536318,1.24899045693877,1.45754540102904,1.24648996000685,1.23656119874848,109.656237246679,8517.09426212402,50.6185385704749,31.7154207146179,88.8527442716386,35.694362593527,0.0132919516265199,0.0113672508860831,0.0112767064582634,71.3892447828922,99.9961840250016,77.4370340998034,87.7663599934339
"Canada","31-33","Manufacturing",1966,9295.86625952783,3087.94614860207,40.0661136363517,3047.8800349657,6244.61188104424,2285.90113128175,1.53454003324004,1.39305551626881,1.61302095619203,1.39044215442498,1.31263714506097,115.773992160171,9332.5580296463,50.4033065083639,32.294777998345,85.6448075592629,37.707806134071,0.0139324983625031,0.0120099698428066,0.011337927634429,72.7444023087644,100.012014469149,78.8958130628317,88.0792678565671
"Canada","31-33","Manufacturing",1967,9454.38966412622,3251.3658361361,65.5907132715045,3185.77512286458,6648.51327773944,2299.45257537295,1.53579625858067,1.49436930759507,2.18261768082292,1.48466276519933,1.3316542875058,116.458838411155,9899.87911387553,48.8175470337178,32.1311478763061,79.9037028289542,40.2123390264999,0.0187415374444767,0.0127483906370229,0.0114345489416993,74.3029607183041,100.174042609089,80.4368217473221,88.5817321356055
"Canada","31-33","Manufacturing",1968,10290.5665780302,3359.37107840469,29.2828114039813,3330.08826700069,7075.50024329973,2302.62419864009,1.63401498549536,1.53510742663405,1.63136732086655,1.52923231210228,1.33999050475187,116.619249349031,10434.8713217044,51.2709169744344,34.1390068804722,82.7577170486535,41.2517504082451,0.0139888340044447,0.0131130351176024,0.011490302949399,74.922129729147,100.035967977213,81.1670784396367,88.8729680257909
"Canada","31-33","Manufacturing",1969,11307.6638690915,3550.0652278232,29.6152491594437,3520.44997866374,7787.9610415785,2356.52020906654,1.73100760935994,1.60768019596747,1.28720074335553,1.6053835111599,1.37359276603798,119.317488808234,11338.0262694017,52.6263575723174,35.3476024723503,83.7125467305309,42.2249756492698,0.0107880307925715,0.0134547209063381,0.0115120824261195,75.4789221893604,99.9655780451904,81.8270436651872,88.9879003803784
"Canada","31-33","Manufacturing",1970,11354.6369588534,3482.2945721643,43.5519704594468,3438.74260170484,8246.9275351734,2335.9534470211,1.71209662300261,1.71158185527881,1.19110680966845,1.71224074894867,1.37294374751169,118.271531853295,11729.2221073377,51.0834047991751,35.2706236188382,77.7717436876265,45.3514630718634,0.0100709510649267,0.0144772010822736,0.0116084042034283,77.1413788180112,99.9438350552023,83.6562346573925,89.504713200201
"Canada","31-33","Manufacturing",1971,12152.0344275952,3901.38817043285,44.6600682940849,3856.72810213875,8735.08706021613,2340.68542520437,1.7567188617243,1.76073079577558,0.971329640801329,1.76617770119208,1.37864798216692,118.510942462819,12636.475230649,51.8173555559127,36.1167698826002,77.5712059881576,46.5595054537556,0.00819611776445092,0.0149030770027519,0.0116330859709385,77.7579239996338,99.8692592368059,84.3850548799817,89.637348080188
"Canada","31-33","Manufacturing",1972,13668.5639570966,4847.23901508865,51.8143596852123,4795.42465540343,9665.99186444731,2420.90385761054,1.89282554325586,1.79716284709188,0.916635147682275,1.80425893322887,1.42370245606354,122.506211417389,14513.230879536,54.2684578953391,37.6458899604212,81.8868934557676,45.9730347210646,0.007482356503208,0.0147278975682433,0.0116214715939004,77.4418089721099,99.8369418448679,84.0685416012945,89.5766050249094
"Canada","31-33","Manufacturing",1973,16163.7960449977,5255.94379260452,50.3210577854958,5205.62273481901,10910.3873007051,2523.24397301476,2.05284019757639,1.87885055337783,0.886063242494046,1.88769957958752,1.48306143119373,127.578540459451,16166.3310933096,56.4334256417621,39.2051033919884,84.9481930933463,46.1517802372882,0.00694523733617779,0.0147963722800819,0.0116246935092121,77.5409073185554,99.8120946889934,84.1958456337968,89.5932542019206
"Canada","31-33","Manufacturing",1974,19614.7871009136,5894.5081410167,57.6329848627342,5836.87515615395,12960.9526966082,2566.26092100797,2.13091967153617,1.99301289304776,0.894961106672334,2.00335356663967,1.51546212875582,129.735378207369,18855.4608376249,56.6482623085211,40.0196923806277,83.1281680434719,48.1421560495588,0.00689835817368047,0.01544184473288,0.0116811786399042,78.5919293330961,99.8100095003945,85.3387922443887,89.8895493929203
"Canada","31-33","Manufacturing",1975,20504.8952654426,6251.07394250408,78.7766145571503,6172.29732794691,14289.2187339409,2445.15771678873,1.93922026305167,2.06606324027046,0.906048546970875,2.07746878293015,1.45178745214301,123.461571560968,20540.292676445,52.5188964637415,38.2701733371613,72.9751118169177,52.4427745080743,0.0073387090048781,0.0168268454440033,0.011759022939588,80.6939318065342,99.8312942881459,87.6042367408858,90.3033704960288
"Canada","31-33","Manufacturing",1976,22669.402148673,7538.91001675196,188.342006106555,7350.56801064539,16375.963246778,2446.00797601163,2.10206302103872,2.12370525573637,1.60986413146367,2.1082811960257,1.45666090356712,123.50574791337,23914.87326353,56.3154413812297,41.4690085199719,76.9560432083199,53.8866173351914,0.0130347304369418,0.0170703083188039,0.0117942762031517,81.375727085911,100.167656561675,87.9875507726283,90.4901436562175
"Canada","31-33","Manufacturing",1977,25058.0147843712,8539.07794641711,141.64338859325,8397.43455782385,17712.9524162718,2387.44961757044,2.18577652260033,2.15660941245897,2.1226455104445,2.13201960448754,1.43336325381617,120.51163952098,26252.0303626889,58.9126806972773,44.191816304408,78.799869801792,56.0810778184852,0.0176136140781237,0.017691399876079,0.0118939818553098,82.4226666109718,100.367956954307,88.9792792400948,91.0094323784252
"Canada","31-33","Manufacturing",1978,28405.5158166143,9993.02631229275,200.212817191717,9792.81349510102,19675.8114086637,2483.32410794611,2.33129159812242,2.17110731027596,2.47238984444955,2.1400555533818,1.49031987377735,125.256215811697,29668.8377209565,61.0823153671676,45.3484451721351,83.4846341302392,54.3195111826085,0.0197386599014486,0.0170854239808668,0.0118981709939074,81.5564284226895,100.437398508004,87.9771589080482,91.0308738608458
"Canada","31-33","Manufacturing",1979,33930.6591700594,11372.6646062746,290.61291110612,11082.0516951684,22443.1115189847,2598.85163611928,2.43636474000888,2.21147830296204,2.98374092946286,2.17039467457844,1.55183267729314,130.951668026675,33815.7761252592,61.761056209637,45.3311107309645,85.654633694511,52.9231271861355,0.0227850547795624,0.0165740132010868,0.0118504231422011,80.8446939977974,100.548041378116,87.1022064481072,90.7883502624725
"Canada","31-33","Manufacturing",1980,37351.548477071,12332.4970558319,331.945127139269,12000.5519286927,24947.5224782538,2618.09604475107,2.47157207685097,2.30931402220605,3.54892910028345,2.25834055932439,1.57450811677453,131.917813020826,37280.0195340858,61.1612117173277,45.6493845684218,83.2111505107695,54.859696432768,0.0269025768318581,0.0171192995669801,0.0119355231922012,81.8196636208656,100.69428099342,88.0228541990379,91.2223290330852
"Canada","31-33","Manufacturing",1981,40073.6089491765,11415.2957775663,340.093500301805,11075.2022772645,27840.2441286672,2595.11490780159,2.52941623264512,2.45084313776945,3.77281475253714,2.39674285065533,1.56730739117342,130.75456949636,39255.5399062335,61.6405260779946,47.1333725239014,80.2409431765139,58.7398037186796,0.0288541713461277,0.0183300886530168,0.0119866357039021,83.5760758581662,100.756242571332,89.8584411710231,91.4913852854115
"Canada","31-33","Manufacturing",1982,36070.7507678663,10888.7847649896,440.466709934064,10448.3180550556,28393.6765761641,2265.22213019371,2.19582500490943,2.45540319210064,4.2081900802243,2.39077470384103,1.38504851510977,112.999288810317,39282.4613411538,58.4327491097677,47.346415583425,69.5290266334833,68.0958987575187,0.0372408545622641,0.0211574314229024,0.0122571436483529,87.1587650098978,101.012059257784,93.4613535800738,92.9650524528855
"Canada","31-33","Manufacturing",1983,40177.8692543727,12459.0445121805,474.029503175885,11985.0150090046,29767.2038701335,2210.09054066905,2.30255423661697,2.40049831695284,4.51113243609009,2.32894390950617,1.35529881574997,110.213932835707,42226.248382314,62.6340365378801,50.9024233447151,74.576105907365,68.2556734833323,0.0409306910662078,0.0211311206268073,0.0122969826126274,87.2172289353092,101.119182420754,93.429388199008,93.180658038092
"Canada","31-33","Manufacturing",1984,47091.3837894741,16222.0720837568,572.761541827965,15649.3105419288,31873.7890598034,2264.73197616254,2.59685288984596,2.38208445301316,4.96122712695073,2.30244596016816,1.38872103220162,112.906467585207,48095.8611435602,69.6418576858038,56.0394181323127,84.7581429061732,66.1168546299417,0.0439410357356777,0.020392507262089,0.0122997474095414,86.3437152805011,101.20222693978,92.4223077460362,93.1949839715995
"Canada","31-33","Manufacturing",1985,51278.9033639976,19640.5726075003,676.754667250242,18963.8179402501,34108.1380686417,2304.64351820902,2.7270285472289,2.39332076112395,5.53216198343779,2.30478867854415,1.40975941497116,114.879831561574,53748.7106761421,72.303435745651,57.8376959410984,88.5890440836261,65.2876397294691,0.0481560767302537,0.0200626049604609,0.0122716006439785,85.9616818294185,101.315847313736,91.9125586281556,93.0565923924323
"Canada","31-33","Manufacturing",1986,55863.7543759858,22839.2617821841,776.668499950308,22062.5932822338,35705.5384090798,2403.02509871193,2.76727798690861,2.40894912661787,6.21614041836349,2.31092340187024,1.47125663796417,119.682688606839,58544.8001912639,71.2714897237958,56.3360692047655,89.3133541010745,63.0768710589581,0.0519385091588617,0.0193087524083094,0.0122929778323856,84.85026864582,101.414939745534,90.6372014216345,93.157426599274
"Canada","31-33","Manufacturing",1987,62047.2183064449,24794.9264619278,909.635959322466,23885.2905026053,38544.4047532001,2544.11835663565,2.93373782547257,2.45361465445024,7.22389414476939,2.34202556086096,1.5527398241761,126.511031845004,63339.3312151279,72.5946409301529,56.5012416862553,92.9621550272535,60.7787563333605,0.0571009028969093,0.0185124216181424,0.0122735527608252,83.6285095331686,101.547777285636,89.209528308872,93.0677198725639
"Canada","31-33","Manufacturing",1988,70462.6094770697,30911.9694696933,1250.34055583555,29661.6289138577,42191.0830666754,2669.04380581373,3.10675071597638,2.53852613436027,8.51002041862258,2.40993058628432,1.62551455694155,132.577786481419,73103.0525363687,73.7871745167378,57.0953491360182,95.1515807483501,60.0046249226482,0.0641888859700889,0.0181774839529553,0.0122608364499235,83.1931699288523,101.734885635571,88.5742426785513,93.010543006484
"Canada","31-33","Manufacturing",1989,71119.5437811683,27621.064303439,1365.90567930279,26255.1586241362,44969.6671409853,2708.18801902528,3.19283706470279,2.71447204886738,10.2640280441866,2.56084347192057,1.64706238515088,134.508463062243,72590.7314444243,73.2384177480414,57.835199198363,91.4497708784625,63.2425851293017,0.0763076747032417,0.0190385304658158,0.0122450465023061,84.9681102167666,102.051374958192,90.1612803560301,92.9388562153448
"Canada","31-33","Manufacturing",1990,67984.9702838863,24555.5447822187,1415.15308749702,23140.3916947217,45470.5364829819,2573.37538337175,3.10600940856136,2.8071064133767,12.3463080863053,2.62386739351078,1.58136214509532,127.639228108013,70026.0812652007,72.2192210517774,59.2903054101143,86.0270696787703,68.9205219142154,0.0967281631933514,0.0205569042715486,0.012389311409476,87.681194584817,102.524668601857,92.5875581599851,93.6320278937439
"Canada","31-33","Manufacturing",1991,61814.6865950495,19763.1408084497,1415.37470287564,18347.766105574,45004.7740970492,2360.01445774575,2.84477531078265,2.84580418313952,14.3308890212959,2.63302154958992,1.46101316958024,116.596196150745,64767.9149054989,69.4469492909425,59.4468268251609,77.7202512867899,76.4882071801344,0.122910433568242,0.0225823966519948,0.0125305388838871,90.728266211941,103.042491116612,95.2964406749745,94.3480423641169
"Canada","31-33","Manufacturing",1992,60492.099854701,19782.429825079,1334.84472788972,18447.5850971892,45016.4767633439,2253.5109661946,2.8876560623981,2.78253926729035,15.7045746980476,2.55445599140535,1.40491650786145,111.208422375238,64798.9065884228,72.9364404890377,63.2663638515261,80.6854828602874,78.4110866152667,0.141217493806877,0.0229699867765963,0.0126331844104487,91.4184236099282,103.346624632231,95.7581062609286,94.8843489117098
"Canada","31-33","Manufacturing",1993,65876.967545099,21525.25177751,1375.59099117137,20149.6607863386,45973.1654279829,2273.95824407444,3.02821531586694,2.75950064323558,16.9875084630301,2.52032294942612,1.42708351911439,112.214061409381,67498.4172054929,75.86400790849,65.7513327301856,85.3193408154107,77.0649797593248,0.151384846512737,0.022459956602332,0.012717510632719,90.9256991405316,103.493949585811,95.1331472214208,95.3195817737352
"Canada","31-33","Manufacturing",1994,76089.97204665,30195.0498753295,1571.50410292506,28623.5457724044,48690.2145614608,2345.10602888192,3.23231632796938,2.78319322879075,17.8545713087374,2.53624637725351,1.46902248374903,115.672328565666,78885.2644367903,79.2308680171741,68.0846904697966,90.2945912326619,75.4028447776711,0.154354732286742,0.0219261288218445,0.0126998609085239,90.2328064935674,103.534474067579,94.3793995317741,95.2336847320871
"Canada","31-33","Manufacturing",1995,88631.7503869617,36418.2989840291,1852.76216899152,34565.5368150375,51505.030922506,2453.92713918375,3.38039599397506,2.83959033666375,20.2504372097872,2.5734355888514,1.54163230656709,120.921023690286,87923.3299065351,79.849699618145,68.1131323531903,92.5556911389006,73.5915117860999,0.167468291218362,0.0212819533801064,0.0127490841502935,89.3627293399646,103.707659285645,93.321570845183,95.4555405851803
"Canada","31-33","Manufacturing",1996,89414.00919023,39681.3127480616,2053.93477444977,37627.3779736118,53865.5251352144,2516.86999354919,3.45873240643701,2.89861359176203,24.0576013274639,2.60532840586065,1.57968595618366,123.984705957398,93546.837883276,79.8595061544642,67.9694782675526,92.772204807494,73.2649163707945,0.194036846252071,0.0210133047115977,0.0127409743321603,89.1962668244102,104.036733868578,92.8512981699728,95.4202693332593
"Canada","31-33","Manufacturing",1997,94600.9576369559,38429.9465549558,2058.62918866774,36371.317366288,58611.0366997281,2566.66247569435,3.71842909813089,2.98435142961125,27.7822786342834,2.66483049370674,1.62285869904065,126.414414519217,97040.9832546838,83.496782837198,71.6684475329697,96.8725609572899,73.9821956029093,0.21977144568478,0.0210801157751012,0.012837607999157,89.5533599606494,104.316782886789,92.9658838620292,95.8465245815407
"Canada","31-33","Manufacturing",1998,98837.3064192005,41023.0629129732,2686.28281270175,38336.7801002715,61762.5109997331,2572.88584569875,3.91871834172561,3.1026431503152,36.3994877488933,2.72647578621498,1.62751273056218,126.720021064732,102785.573912706,86.4954778503726,75.3466421969192,98.198185007131,76.7291597003016,0.287243384613229,0.0215157459989864,0.012843374842329,90.8608148285084,104.980108565092,93.6796008886666,95.8724604954778
"Canada","31-33","Manufacturing",1999,108507.612992999,47000.8080277451,3447.53275378146,43553.2752739636,64574.4005997394,2601.61810169877,4.19652062761884,3.23375069854151,47.9325651851962,2.79020532082136,1.64410543688034,128.131092804158,111575.208627484,90.524790175234,79.7994543358042,100.896027169602,79.0907794631643,0.374090036510176,0.0217761767246148,0.0128314322534755,91.9976686594743,105.773928981701,94.1107662928331,95.8198690335738
"Canada","31-33","Manufacturing",2000,124318.843016541,52214.6216415924,3461.1233841089,48753.4982574835,71301.2291997393,2732.98330669873,4.71412821006707,3.39481926441727,54.2041001324912,2.91367467466429,1.72340325362333,134.447002149904,123515.850841332,96.9497741298404,85.430973762543,107.963255383516,79.1296756096023,0.403163322838953,0.0216715481049971,0.0128184580248342,92.0167584003137,106.007413242465,93.9330128780243,95.7638560723903
"Canada","31-33","Manufacturing",2001,119591.76022913,50629.1664801643,3272.21448275337,47356.951997411,71390.4203997414,2652.92174869877,4.55205451092808,3.39846860685569,56.3471049107555,2.90934026778764,1.67420690114555,130.426459402394,122019.586879906,95.1628080745682,85.0367862604947,104.139486277174,81.6566216143639,0.432022038848057,0.0223063654500633,0.0128364053491651,93.2362558828573,106.208555393018,95.0005498443708,95.8417566068917
"Canada","31-33","Manufacturing",2002,120924.997185157,49129.6884966062,2997.90898070173,46131.7795159044,72864.9522997374,2654.95504969878,4.63214347970935,3.32823430427726,55.9489217076558,2.84667494852353,1.68245780473228,130.525190313789,121994.640796344,97.3839472497939,86.467471147879,108.207994970817,79.9085790021324,0.428644628467131,0.0218093912882255,0.0128899088420217,92.4150501776524,106.187138533342,94.1839957723322,96.0777182032001
"Canada","31-33","Manufacturing",2003,119303.121242787,48990.4942608444,3282.40280820448,45708.0914526399,74037.0936997388,2648.7508246988,4.59081531117081,3.34793301939847,62.3676720846457,2.8421836161915,1.69542105376665,130.220090410126,123027.587960583,95.8451999330312,85.8967868714942,106.611560460462,80.5698617490455,0.478940475991221,0.0218259994079262,0.0130196580913663,92.7205603680385,106.489488490017,94.2108735050194,96.6563749731007
"Canada","31-33","Manufacturing",2004,127195.119833344,48263.2268251022,3293.38781851224,44969.83900659,77646.8025997434,2685.03794869882,4.7016048646951,3.35548225619487,64.0122216280623,2.84348874672979,1.72489746260425,131.992652343991,125910.029424846,97.0473879915416,86.7883558051028,108.938758051973,79.6671059566309,0.484968068231841,0.0215427805732645,0.0130681324450465,92.3132044995963,106.524679315999,93.7636141516594,96.8754611369037
"Canada","31-33","Manufacturing",2005,126776.816267699,47912.6158902889,3266.73994053518,44645.8759497537,79765.9487997418,2646.39102069885,4.75932173231842,3.41760028777304,67.1180274299188,2.88996871669426,1.70994755819552,130.078703671015,127678.564690031,98.0861891554428,89.1464295585043,108.271720015485,82.3358394470455,0.51598013768394,0.0222170780853055,0.0131454843101772,93.4741196021516,106.695642529817,94.7905145107171,97.2309902176229
"Canada","31-33","Manufacturing",2006,127518.776594736,48796.2733448218,3145.29313988249,45650.9802049393,80694.3906997549,2561.28907269889,4.67743058384742,3.42902944579093,69.2780638129442,2.89394496989132,1.6667477343445,125.824646462198,129490.664044577,97.827026015487,90.5746619623715,106.054078771772,85.4042230259604,0.550592159492042,0.0229998259582693,0.0132465918340192,94.7691347893652,106.868534082979,95.9499405555989,97.6969386402125
"Canada","31-33","Manufacturing",2007,127554.807,44978.9683315226,2896.36889777734,42082.5994337453,81484.6947997582,2487.15561170894,4.53720954580563,3.4714238289298,81.3716177053822,2.89981083139931,1.63118831288217,122.123664408402,126463.663131281,95.7682238777511,90.5219914370011,101.61841956843,89.0802984551869,0.66630507772238,0.0237448724245766,0.0133568569268213,96.243217810543,107.350640236996,97.0038222940656,98.2115424258815
"Canada","31-33","Manufacturing",2008,120387.348,41529.9784774634,2495.45673730842,39034.521740155,79011.47219976,2335.53669070902,4.2957615790641,3.52937862239631,79.8536032755441,2.9548434023129,1.53308720069622,114.442849313503,120541.450677223,93.8559737085699,91.4569253728068,94.6309408357358,96.6459009760469,0.69775965693404,0.0258193798916911,0.0133960942941616,99.029416733638,107.458655124419,99.7082081954359,98.3989482092754
"Canada","31-33","Manufacturing",2009,106769.083,39057.5984768505,2320.29739754913,36737.3010793013,71148.6880997585,2051.8930357091,3.62863445540864,3.39727848375278,81.4031745554429,2.83381745980903,1.34652464031542,99.6343197648158,110206.286576609,87.4206114438127,88.7358981953652,83.0430536926771,106.855292826485,0.817019424106001,0.028442182036252,0.0135146668687442,102.566459667491,107.813241666026,102.928879809577,98.9646618034837
"Canada","31-33","Manufacturing",2010,112605.853,41851.1699466594,2798.42415655825,39052.7457901011,71503.057099748,2093.51229069911,3.7720620922358,3.37584929928785,92.7455599456381,2.78856101159835,1.38282356407955,101.636134074191,113354.227046407,89.5511179494939,90.4265132596181,86.8734404707793,104.089941378613,0.912525459478192,0.0274367087748811,0.0136056293037488,101.598052694946,108.086185437687,101.680901719314,99.3892444978658
"Canada","31-33","Manufacturing",2011,121940.221,45424.1018259437,2831.5502056149,42592.5516203288,74242.5160997568,2108.91768270911,3.92023918072457,3.40304125032195,96.7830473210967,2.80457959412538,1.39759194326298,102.382394904763,119666.617925701,92.1751795472492,93.2937113665108,89.5646412736202,104.163551642549,0.945309468596869,0.0273931821650999,0.0136507057152065,101.624946503304,108.178452510602,101.624377959146,99.5951174498344
"Canada","31-33","Manufacturing",2012,125230.428,47280.7223846053,2770.80541460503,44509.9169700002,75394.2071997437,2080.86278169914,3.94072971572335,3.35695765543899,97.8964847117496,2.76228189284041,1.37091108949409,101.009993735491,122674.929584349,94.2566807359937,95.0555314406372,91.2687337085267,104.149063516323,0.969176227929538,0.02734661978174,0.0135720341997447,101.619539597221,108.240844376206,101.562265595985,99.2402910689038
"Canada","31-33","Manufacturing",2013,124155.411,47911.109957342,2723.79329198866,45187.3166653533,76089.0569997409,2052.76828469916,3.94355523673365,3.30950441066027,95.8248546519534,2.72442989003613,1.35450386589251,99.6350684722368,124000.166957083,95.5477694987102,96.4363566322141,92.6437665299331,104.093734791164,0.961758305798273,0.0273440860914879,0.0135946498222154,101.598703573784,108.222319981376,101.55884388197,99.3418114552668
"Canada","31-33","Manufacturing",2014,126096.543,49882.2382102551,2854.69118959143,47027.5470206637,77291.7350997545,2030.89445469917,3.99635694703053,3.29829616711727,99.7355556918145,2.70807217264916,1.3343127524839,98.5669631447081,127173.97331001,97.8484110386895,98.7865879188047,94.203244527443,104.865377423414,1.01185582379555,0.0274744405858725,0.0135371194354945,101.891248559062,108.344421438893,101.736308675366,99.0848653654655
"Canada","31-33","Manufacturing",2015,133485.87,51311.0332873075,2739.90697922675,48571.1263080807,79738.6444997707,2061.24812070917,4.02607807236937,3.26949518573424,96.1448217740586,2.68865310029139,1.36373066327899,100.029752662294,131049.677787078,97.6123936796333,98.065915492961,95.7398470828557,102.429571887756,0.961162246383317,0.026878533923486,0.0136332503778452,100.957126208558,108.223774432834,100.913753356221,99.5121580448501
"Canada","31-33","Manufacturing",2016,133588.571,51419.9243513767,2768.88267243339,48651.0416789433,78922.951699766,2046.13893270917,4.02129889705496,3.20249399946371,90.7189996829846,2.63917217670274,1.35981166274079,99.2937637965553,130342.876051143,98.4650090100208,98.6755307849789,97.6268483649763,101.074174202656,0.913642470728174,0.0265794353622266,0.013694834506696,100.429964406468,108.108188667394,100.494612970628,99.7847646704325
"Canada","31-33","Manufacturing",2017,139070.734,56067.2388336934,3083.88103893964,52983.3577947537,81144.6200997609,2060.73919669918,4.1042604283203,3.1909951911066,94.060044903799,2.62362870293258,1.37442312064053,100,137211.858933454,100,100,100,100,0.94060044903799,0.0262362870293258,0.0137442312064053,100,108.176929076037,100,100
"Canada","31-33","Manufacturing",2018,152543.77,58769.1003450901,3362.71191763414,55406.388427456,85269.5882997666,2109.13858669918,4.25605774433199,3.25562411365243,101.320849940535,2.66797713494874,1.40822928511798,102.32170915985,144038.688644857,101.384822232908,101.345580681884,101.639962107959,99.7103684220562,0.990218505656978,0.0260743996250174,0.0137627615554975,99.8816380057591,108.304411665929,99.7617399721478,100.079750840937
"Canada","31-33","Manufacturing",2019,144435.53,63712.6426604384,3503.8629145039,60208.7797459345,86815.8123997592,2096.6770926992,4.22271864172346,3.3268511583496,107.158412889665,2.72089798266572,1.41089689100789,101.715263814342,150528.455060198,99.5796714356867,101.15121536201,98.6847428263031,102.499345354781,1.05351359148278,0.0267501442815122,0.013871043913165,101.033471863357,108.460958662872,100.768184496161,100.53913379751
"Canada","31-33","Manufacturing",2020,134585.599,52738.7947430669,3487.00096647498,49251.7937765919,83760.4975997595,1836.78146669919,3.89319018222048,3.24972986870504,108.451010828152,2.6510798848335,1.25132261045566,88.2714873451288,136499.292342826,99.5479516691967,107.460848354632,93.1428659514593,115.372065543521,1.22860749365335,0.0300332526908509,0.0141758414646756,105.989883010342,108.86880815622,105.304906395792,101.848238878401
"Canada","31-33","Manufacturing",2021,165990.864,61471.1638463202,3868.52101221049,57602.6428341097,90699.954199743,2003.6179756992,4.13856985580236,3.27326903465789,114.680436860207,2.66159633024231,1.35618108351097,95.9438161113431,152171.118046063,100.507930267708,105.09895346578,98.3014281557738,106.914981234285,1.19528742453938,0.0277411972768888,0.0141351588719081,102.848856262561,108.792552991311,102.259365916493,101.671351192647
"Canada","31-33","Manufacturing",2022,177238.84253366,63956.2473258975,4286.79540959505,59669.4519163024,98786.3269997593,2068.11727769922,4.2657741782163,3.30893565002498,123.131557338843,2.67898346645243,1.38713988179675,98.9844873432735,162742.574325657,101.759728286016,105.001574782092,100.230703595185,104.759889949665,1.24394802300515,0.0270646799145592,0.0140137098148139,102.017701858042,108.90496827638,101.322997475642,101.144981166177
"Canada","31-33","Manufacturing",2023,189481.083226349,68512.6301382419,4955.02276975965,63557.6073684822,105400.905599763,2028.20325669926,4.16572238463489,3.35698983104961,133.631964279191,2.70369599448277,1.36433842561564,97.0526703604148,173913.535738005,99.8091881251707,104.579828268741,96.4787210398368,108.396781322961,1.3769014678621,0.0278580278568567,0.0140577113494047,103.396840903882,109.208580308504,102.400260170296,101.337487275443
"Canada","41","Wholesale trade",1963,1971.65090422441,631.130773469526,29.6356206625883,601.495152806936,1365.98448406412,571.487408933657,8.72824706785747,9.61937608601327,0.726097215397996,15.1780733438096,28.2849333391109,36.6191254984602,1997.11525753365,43.7885103809707,23.8352143833267,90.7361037744275,26.2687214811226,0.0198283603312298,0.414484866506379,0.772408760561478,64.9714300350917,100,76.7812276888479,83.7792494434
"Canada","41","Wholesale trade",1964,2222.65568506358,682.684047956733,21.7523529365324,660.931695020199,1498.53665809758,605.007643353665,9.66849683234451,9.97705100942462,0.758432024453439,15.7378275291368,30.2735734887129,38.7669972656693,2181.22070605432,45.769644671299,24.9400198991078,96.9073609347226,25.7359396216636,0.0195638578674516,0.405959414944774,0.780910971289545,64.5540809960973,99.9833410570896,76.3006636197651,84.4103210361206
"Canada","41","Wholesale trade",1965,2354.25461671915,754.763946546594,21.5401032862795,733.223843260313,1625.05443414848,634.223537833411,10.2127256849177,10.3917996241131,0.668273870374978,16.4777161625404,32.1136513857703,40.6390603938839,2379.81838069507,45.8389933582671,25.1303194166731,98.2767764422645,25.5709642973858,0.0164441270023938,0.405464988679222,0.790216384791301,64.4234152606657,99.8182693177584,76.2722569114208,85.0979685293966
"Canada","41","Wholesale trade",1966,2706.02301373566,822.808777262012,36.3221050538486,786.486672208163,1827.13996161168,674.465576543867,11.4207425470021,10.9784561009518,0.613628403629261,17.5021952794754,34.3769457679297,43.2176443535931,2649.94873887369,48.084760433438,26.4261107189491,104.028676181635,25.4027174899436,0.0141985620180672,0.404978002416743,0.795437749606813,64.2900891700721,99.6516378660527,76.2445389564918,85.4833956858256
"Canada","41","Wholesale trade",1967,2879.86771276183,915.623926932584,63.0502052035195,852.573721729064,1971.58585201038,684.349354046609,11.9114016587449,11.9409403732193,0.928728344912091,18.6704818134646,35.1189180477757,43.8509658985893,2887.20977894296,48.1347826443951,27.1633735190497,99.7526265641474,27.2307351241342,0.0211791992691766,0.425771278485457,0.800869885716827,65.707466791144,100.36235895639,77.38311027071,85.8835457611589
"Canada","41","Wholesale trade",1968,3004.33797397302,931.3058504576,30.6371151146818,900.668735342918,2119.94007350015,690.162734781485,12.133212300377,12.3327877984783,0.827294916965128,19.4335224904606,35.7327395128352,44.2234691512821,3051.24592395775,47.9650470709999,27.4361386232976,98.381748706274,27.887427275978,0.0187071465184034,0.439439122787526,0.808003989705074,66.1965131687476,100.164009361532,78.1083616997802,86.4097999034888
"Canada","41","Wholesale trade",1969,3418.16976208973,1003.70649872678,32.486924914904,971.219573811878,2415.69474474747,724.337636273985,13.1418751494821,12.6243421324336,0.663040722196903,20.0594193541356,37.634579098852,46.4132899366367,3419.40124347426,49.7496391194771,28.3148968052542,104.099485039453,27.1998432984784,0.0142855790464775,0.43219128360693,0.810857820038842,65.7036130735138,99.9004497968168,77.7330636221262,86.6235137282032
"Canada","41","Wholesale trade",1970,3794.5044570208,1143.17362035626,47.0462536244065,1096.12736673185,2655.44260220855,754.782192245159,13.9365926342057,12.9093198317175,0.580242337611276,20.6363683974484,39.4198417220627,48.3640818498541,3798.6162225648,50.7297292929524,28.8159975360883,107.957605945778,26.6919567951157,0.0119973814330361,0.426687897467253,0.815064407599865,65.336529001718,99.7097998980988,77.4483827935875,86.9390829055503
"Canada","41","Wholesale trade",1971,4171.37556294108,1295.28895265693,48.4618798211278,1246.8270728358,2928.87536647237,782.644958445757,14.424726488077,13.104406942809,0.501017696617197,21.0874393532706,41.0894090798523,50.1494407506525,4224.1643191293,50.7799669127402,28.763484242622,110.075385715891,26.1307140152675,0.00999049419331119,0.420492014220442,0.819339327912997,64.9160860461202,99.4923088921932,77.1184471154495,87.2562917082606
"Canada","41","Wholesale trade",1972,4777.30930172808,1468.06054566333,63.8195066217109,1404.24103904162,3327.94213223739,840.572467108013,15.7771083592736,13.7037342321101,0.569390572205899,21.974819230183,44.3574772580671,53.8612543030707,4796.00267790072,51.9526737405796,29.2921294972037,115.129993708614,25.4426570814725,0.0105714317197666,0.407989370365076,0.823550766353732,64.3875455124163,99.5620056711856,76.4371567264877,87.5671413238198
"Canada","41","Wholesale trade",1973,5488.94521732387,1677.21259437341,67.3764988081091,1609.8360955653,3876.67855546627,897.780399253729,16.6750081359052,14.3544071804292,0.588023809690225,23.0324654293347,47.6013119575475,57.5269596432115,5553.89114983968,51.5452540152109,28.9864234774886,116.166470173982,24.9524870938022,0.0102217084535184,0.400376894106425,0.827460937493933,64.0078308041096,99.5194132053365,76.0188903427966,87.8562858052529
"Canada","41","Wholesale trade",1974,6665.0598449379,1820.44306332416,77.5088249114251,1742.93423841273,4666.61695553661,906.498649339848,17.0929005795265,15.2824952077026,0.566766552096167,24.6274263600924,48.1272723224663,58.0855978372293,6487.06001886077,51.4789986778627,29.4270890133992,111.846268212218,26.3103002753421,0.00975743683803328,0.423985071636945,0.828557751223139,65.0034899455283,99.4637318982889,77.2449592550411,87.9388006470322
"Canada","41","Wholesale trade",1975,7745.06719968677,2030.47649754197,100.421295426176,1930.05520211579,5588.43220946495,894.19365602404,17.7821371217259,16.0988370653576,0.520755247254331,26.1154778873538,47.4641382683419,57.297132356721,7618.90870700691,53.3326129784074,31.0349512974187,110.456035113186,28.0971078362688,0.00908867906359097,0.455790312938592,0.828385929907265,66.1824893450614,99.3750425595661,78.717154410028,87.9255528593576
"Canada","41","Wholesale trade",1976,8755.15252173551,2242.37064673257,219.922603831251,2022.44804290132,6383.82155423423,898.021040898851,19.0936156161684,17.7107787759418,1.02049480631234,27.4868268414766,47.6804520527723,57.5423792070814,8626.1922009668,55.6587147441489,33.1818320327962,107.807882745987,30.7786695996787,0.0177346647874919,0.4776797070305,0.828614539575807,67.7897118059207,100.668007956133,79.6228698724506,87.9434298711377
"Canada","41","Wholesale trade",1977,8703.45307354938,2274.10229044909,131.282816245512,2142.81947420358,6731.38665055933,925.694497238278,19.1843042929025,18.3946381735476,1.17987793002748,28.3212103015955,49.19999820691,59.315607724155,9005.48894100841,54.1055069269983,32.3427594000527,104.292914662983,31.0114637265308,0.0198915256084782,0.477466410414309,0.829461251340671,67.920723216303,100.899773712781,79.6144706477144,88.0102587911829
"Canada","41","Wholesale trade",1978,9490.01060707526,2319.36416883958,172.0847517316,2147.27941710798,7426.43302373563,963.890976686664,19.8766711554567,18.8920696990763,1.3268100991034,28.9025009463399,51.243270238298,61.7631186450512,9745.79719257521,54.0081520357672,32.1821041286576,105.211718313894,30.5879465181282,0.0214822393721485,0.467957279042866,0.829674267790619,67.6920477894487,101.024964943932,79.2483313510583,88.0273171354359
"Canada","41","Wholesale trade",1979,11497.2978467468,2757.02858973121,249.522059411221,2507.50653031999,8470.23803297527,1045.8964726366,20.7411913799119,20.0007425148227,1.63769288475949,30.1814414511371,55.5168203511213,67.0177743046703,11227.2666227065,52.3099725461512,30.9487917125092,103.702106881984,29.8439372574462,0.0244366946194656,0.450349802933307,0.82838949707186,67.2902362520024,101.284890799554,78.5769550727072,87.9239423830785
"Canada","41","Wholesale trade",1980,13174.9127978527,3300.10498845747,271.233577175143,3028.87141128233,9648.66112463349,1054.04387678596,21.6577245895914,20.996536691958,1.86498603591413,31.4418694246735,56.1255260360821,67.5398344767197,12948.766113091,53.5220677382954,32.0665941179595,103.149033135006,31.0876342156203,0.0276131271325069,0.465530744460311,0.830998868607356,67.9811804593195,101.552421331963,79.1748132066296,88.1315178378897
"Canada","41","Wholesale trade",1981,14706.3365940509,3639.81228029534,292.067684327914,3347.74459596743,10575.2312384797,1018.63609587626,22.6098030972215,21.7143259934241,1.92471017355562,32.5226423734801,54.4494064887801,65.2710146348729,14215.043518775,56.6618991435329,34.6398829920158,104.123900065185,33.2679461394838,0.0294879769270094,0.498270825961757,0.834204995791331,69.1685862231791,101.690918141077,80.4479517748393,88.3845572386427
"Canada","41","Wholesale trade",1982,14912.5573849043,4110.95378597821,347.506659186311,3763.4471267919,11368.8291303768,986.736790749484,21.239815580625,19.6177778643295,1.88458392544085,29.1686668122696,53.3247997082824,63.2270069463558,15479.782916355,55.5067644146657,33.5929480240076,108.268203093709,31.0275289180997,0.0298066287882297,0.461332399254916,0.843386430635965,67.9222154752789,101.714417729175,78.9786288488947,89.1025970504187
"Canada","41","Wholesale trade",1983,16835.4078542937,4513.00272991706,396.832226619833,4116.17050329722,12292.309173172,971.60792086143,22.9813164577923,19.6887950938058,2.14639474956528,28.9264995068859,52.9514074363129,62.2575962884478,16805.311903089,60.3097754224921,36.9132729624137,116.722817969812,31.6247273707533,0.0344760298746637,0.464626025278353,0.850521231031501,68.2689108956526,102.0559184398,79.1158553846023,89.6544536564908
"Canada","41","Wholesale trade",1984,18676.0802419161,5456.4932314404,490.620334719345,4965.87289672106,13329.139414105,1016.45335699193,25.0487697449001,21.2622893292844,2.5427332175113,30.9569752003922,55.5554009570887,65.1311515549762,18785.6326455454,62.1505343306797,38.4589695512397,117.808432370453,32.6453453096668,0.0390402005308477,0.475302132102822,0.852977409898784,68.8776910814966,102.371904679591,79.5748538129798,89.8409212760556
"Canada","41","Wholesale trade",1985,20718.2025905329,6319.42485047694,542.186970448065,5777.23788002888,14531.6631222071,1031.01848210104,27.5357722442831,22.4287272283615,2.79799989240143,32.5226515962048,56.6130586480924,66.0644392108956,20851.087972684,66.3609528037104,41.6801725303101,122.770106229941,33.9497731249378,0.0423525867444277,0.492286803379707,0.856936944055003,69.6832280359583,102.589393908988,80.334800201619,90.1339977936244
"Canada","41","Wholesale trade",1986,23502.5571184274,7217.81372918656,615.06161890406,6602.7521102825,16061.8362290384,1047.85243874779,30.4788381011633,24.1143780914609,3.27830794552848,34.6869747382801,57.8376621686511,67.1431064946301,23279.6499582249,70.7816922496395,45.3938456118364,126.392801778106,35.9148978211032,0.0488256816921431,0.516612598808699,0.861408790689134,70.8957054803755,102.972561849653,81.4284450983842,90.4599005988126
"Canada","41","Wholesale trade",1987,25937.3610139083,7901.42464118631,706.012511678073,7195.41212950823,18497.8213162908,1106.41530041804,32.8773127363761,25.1354262466646,3.87572560417119,35.7225892040384,61.4849299808846,70.8956314803575,26399.2459574771,72.254549598599,46.374243447546,130.800697047017,35.4541256235635,0.0546680454527724,0.503875746052643,0.867259783106943,70.6173386272604,103.282396620679,80.865107826046,90.8866912678922
"Canada","41","Wholesale trade",1988,29366.5856224438,7918.63764661736,778.498710045219,7140.13893657214,20910.3965245925,1131.93080355363,36.1316096295638,27.0686861245849,4.67815676039241,38.0187288600504,63.2119931200444,72.5305851064079,28829.0341712099,76.2153596044586,49.815687515213,133.481209480454,37.3203746872758,0.064499090328986,0.524175129764554,0.871521896966743,71.6646965816546,103.742422734424,81.7001657947042,91.2049393571152
"Canada","41","Wholesale trade",1989,32037.8131531707,8617.43427419696,890.953966969117,7726.48030722784,22942.1041334356,1181.03319125159,38.6723212731494,28.980078907761,5.71096604114372,40.1081092695746,66.1533491004374,75.6769125132374,31559.5384076325,77.4635314304117,51.1018750485954,133.444499568953,38.2944783888901,0.0754651035762691,0.529991353209063,0.874154968846883,72.1721852247801,104.193275344743,81.9224714395228,91.40494440418
"Canada","41","Wholesale trade",1990,32567.3995999493,8984.25454705452,1002.17016807276,7982.08437898176,23932.1557671557,1215.69692670609,38.3982524090714,28.9710572891855,6.95598212512401,39.1495712259717,68.644459146056,77.8980562497583,32916.4103142102,74.881472732793,49.2929531976486,132.540045141552,37.1909886894969,0.0892959652654438,0.502574430104515,0.881208883132677,71.5983832632974,104.708974711853,80.869028193026,91.940581227297
"Canada","41","Wholesale trade",1991,31769.6530286267,7817.94049954852,1111.60592548584,6706.33457406268,24030.1974359778,1198.44493472962,36.9411467016663,29.4537600970122,8.40529352293129,38.8191781657664,68.1153048264727,76.7926025697489,31848.1379355263,72.1444198979095,48.1050849502249,125.420817511899,38.3549445016661,0.109454468811589,0.505506739799681,0.887003468395347,72.1726028905389,105.407714711196,80.9756748490856,92.388065148847
"Canada","41","Wholesale trade",1992,31120.4897014782,7403.75119193113,1214.56793366065,6189.18325827048,24350.3447531685,1163.86276356085,38.8560235666975,31.0957610058394,10.3380073256762,39.8640869413363,66.493097049152,74.5766852175164,31754.0959450997,76.2913397588503,52.1021059777152,124.956014292111,41.696357132451,0.138622510447113,0.534538198165626,0.891607033152691,73.6298680320465,106.322487940483,81.8976442432149,92.7525832958183
"Canada","41","Wholesale trade",1993,31995.5421388794,7283.5391971789,1320.65283998352,5962.88635719537,24517.5748550418,1175.15182306485,39.6614711590249,32.9593107747987,12.1806124129841,41.3300792469475,67.6222431996517,75.3000528373003,31801.1140522207,75.8440116390361,52.6712394806958,120.334649683727,43.7706343261318,0.161761007516191,0.548871849217008,0.898037128151319,74.4606167088849,106.979184208299,82.313071692635,93.2664858343875
"Canada","41","Wholesale trade",1994,34897.8404374344,9048.25816781074,1451.16748144478,7597.09068636596,25428.3136111082,1251.50331065072,43.086948997832,34.787050605003,13.2498774556839,43.3527470732808,72.0025038153418,80.1924173272162,34476.5717789189,77.5494215430895,53.7294552700918,123.859160947767,43.3794762203742,0.165226063726441,0.540609056544396,0.897871721730792,74.296542073538,107.074025490192,82.0588428964603,93.2535285378142
"Canada","41","Wholesale trade",1995,38113.4151972402,10463.5476909613,1605.44298223312,8858.10470872815,27438.2390346795,1319.13202300131,44.501703376473,38.0900691680452,14.8069731721966,47.2889595205601,76.1692186318642,84.5258536657112,37901.7867256407,75.0151259473485,52.6486293205289,116.832823747683,45.063217366235,0.175176854536794,0.559461483909784,0.901135159582104,75.0622478630758,107.338756625277,82.6999429543043,93.5010871136786
"Canada","41","Wholesale trade",1996,39935.7560030471,11915.0814229162,2175.43089419966,9739.65052871656,28918.0641230739,1385.77727714861,46.4893361154807,41.3166195854638,21.6045717380332,48.2980542259214,80.4410845659158,88.7962730788886,40833.1455459901,73.6426396964034,52.3550533187114,112.51969929272,46.5296776011727,0.243304938247118,0.543919835272955,0.905906090162705,75.7478805669141,109.038236307736,82.1516406429236,93.8552937327584
"Canada","41","Wholesale trade",1997,44373.7210885648,13315.5569744517,2533.92068843408,10781.6362860176,30162.3537999821,1439.89908697929,51.9070238628229,46.9227425066712,27.7752423536929,53.3146491378619,84.5103025225894,92.2642293547606,43477.9107744337,76.4636724496026,56.259098705781,110.622314659982,50.8569169599314,0.301040203206984,0.577847444353157,0.915959555654479,77.7891473074711,110.340981777979,83.3697452030983,94.584202541521
"Canada","41","Wholesale trade",1998,46191.6930337497,14846.1160763742,3108.38107388698,11737.7350024872,31664.7361999827,1418.01738197931,55.9078360968131,49.9425477280831,35.1305257351138,54.3423580765112,84.0942685794706,90.86211814638,46510.8522763569,81.0408026818055,61.5304124946162,111.944301282363,54.9652030427301,0.3866355578297,0.598074964408875,0.925515168422485,79.702104068454,112.081841578074,84.0904466748185,95.2612566151286
"Canada","41","Wholesale trade",1999,49031.7003176364,15465.761215716,3362.57419609475,12103.1870196213,33283.4481999826,1463.01299897931,59.6307330227507,53.0443515251118,41.1906271030123,56.1862902081836,86.3747440453568,93.7452965332458,48749.2094156986,83.262850252651,63.6093065230246,112.416744305981,56.5834804376561,0.43938873336866,0.599350498488825,0.92137682891349,80.4414685502732,113.05952031995,84.135303836589,94.9706470135547
"Canada","41","Wholesale trade",2000,52006.7298564553,17191.9562244316,3321.34379709228,13870.6124273393,35674.9249999827,1496.84742897931,63.5894939001299,55.6476724718439,44.6554270774346,58.4354360727697,89.7656796705041,95.9133009703874,52866.8812244143,85.1786930469058,66.2989316984958,114.271614742385,58.0187230643066,0.465581172013063,0.609252684263377,0.935904392428519,81.0913277657411,113.49175536479,84.4880495011278,95.9845088349231
"Canada","41","Wholesale trade",2001,54375.2561547232,16456.9011877749,3486.30261510679,12970.5985726681,37252.380199983,1511.0693429793,64.6142643682732,56.3058231914106,51.8195655933461,57.0980206992134,91.2320107853141,96.8245967320313,53709.2813877579,85.2799178055846,66.7333162740637,114.755918137664,58.1523962833956,0.535190099854073,0.589705742407955,0.942240028510575,81.1502828158484,114.506229432292,83.7967917982715,96.4286077903782
"Canada","41","Wholesale trade",2002,56231.3345845913,18932.188559511,3180.76254298856,15751.4260165224,38077.9129999825,1531.1558769793,66.7001429966211,56.6465005769706,49.555022376803,58.1289561087665,92.4373400654919,98.1116789981961,57010.1015594935,87.0819914414322,67.9838972053954,117.748037949828,57.7367558637052,0.505087904751015,0.592477436960744,0.942164490602505,80.9646626882133,114.106872850616,83.8985816806783,96.4233451328031
"Canada","41","Wholesale trade",2003,59897.0570112156,20964.4060642312,3348.28690406117,17616.1191601701,38807.7642999826,1529.28905897931,69.796330075818,59.7981503179,53.6151432152486,61.067766064196,93.4096076671874,97.992059140338,59772.1703642139,88.8409711016883,71.2265164015588,116.719881308645,61.023465413928,0.547137632228591,0.623190966695971,0.953236501882383,82.5096187773666,114.618143728172,85.117977496088,97.1681258928651
"Canada","41","Wholesale trade",2004,64894.4840729764,24352.1685225266,3660.66113783668,20691.50738469,41043.7009999832,1568.82910697931,72.4588137987499,63.9676965349412,60.3689252396791,64.7098576134057,95.3907360381722,100.525661731214,65395.8695225098,88.8114263185297,72.0799172578349,113.274070700937,63.6332011481591,0.600532482950413,0.643714813700281,0.948919254998078,83.7684023316598,115.217352992157,85.9649231481516,96.8869315982412
"Canada","41","Wholesale trade",2005,70076.3081830025,25128.3201474001,3801.65859712788,21326.6615502722,43901.9683999828,1595.6890049793,76.9369560101932,67.8390265019877,65.530697453547,68.3431267387996,97.5666333171679,102.246759974783,69030.2885473829,90.9762463490933,75.2463511109478,113.4110555197,66.3483385866886,0.640907325275723,0.668413617758207,0.95422713972776,85.0671120934418,115.634372857101,86.9829387748994,97.2289825982832
"Canada","41","Wholesale trade",2006,75819.1058890906,30402.4739189637,3749.45066327143,26653.0232556922,46019.7085999835,1563.43057897932,80.8221150026403,73.5369979204638,67.5964573169909,74.6680517526961,95.3724513437994,100.179740944075,76422.1825189472,93.9932104963653,80.67710521208,109.906737136667,73.4050589744646,0.674751767971996,0.745340834873785,0.952013355644841,88.4061669862592,115.944617311341,90.1554543438063,97.0892757859347
"Canada","41","Wholesale trade",2007,79642.576,29952.93628764,3972.32566570087,25980.6106219392,48581.6431999834,1579.49418497933,84.7415870159799,77.2533916036238,75.9787573093186,77.6676161756626,97.8772076528012,101.209046568095,78534.5794876234,95.1587028946947,83.72926125627,109.693031279166,76.3305200703051,0.750711125988123,0.767397963021092,0.967079633409533,89.7625367530235,116.56247522301,91.0532977187394,98.0242726184696
"Canada","41","Wholesale trade",2008,80440.054,30631.4782438688,3990.04300307572,26641.4352407931,49615.4268999834,1584.13033197933,83.9805621500529,80.1568565313203,84.9501703601328,79.6792221271094,98.2180166223062,101.506116365554,80246.9051438522,92.7861965366072,82.7344845384625,104.770278905883,78.9675138812833,0.836897060017564,0.784969664686615,0.967606880639525,90.9333461158409,117.199528266987,91.7390279174458,98.0573202552274
"Canada","41","Wholesale trade",2009,76293.012,30456.038440778,3911.82269467308,26544.2157461049,47519.8040999834,1477.56599897935,78.2563324639131,80.8596130134283,88.6791406814745,79.9699507329332,91.4734235288513,94.6778072501047,77975.8425407614,90.0172777250202,82.6554128542373,96.7804934348586,85.405033515221,0.936641260049635,0.844653599989714,0.966154859155234,93.7272254021556,117.860482963619,94.0273295600232,97.966967199334
"Canada","41","Wholesale trade",2010,81294.836,33215.2209321753,4277.36523578906,28937.8556963863,48244.5390999831,1481.92633297937,84.1409316898506,79.8711633180974,90.5654872271068,78.6042936324344,92.0866046708157,94.9572038132937,81459.7600321584,96.8729608672563,88.609319052075,105.345819685571,84.1128004096891,0.953750569626903,0.827786523568947,0.969769548520803,93.1585520170764,117.970063058928,93.3699282371238,98.1870236884893
"Canada","41","Wholesale trade",2011,86833.627,34852.7165031693,4299.84808923907,30552.8684139303,50972.1337999832,1505.80114197937,90.4472948190684,83.8420618468791,92.3687038301012,82.8557826094626,93.9656939061002,96.4870268913806,85824.8503031526,100.881893981713,93.7403687657291,107.878185276803,86.8946474444316,0.957317338983658,0.858724590019099,0.97386868404476,94.4001963661609,117.992657371218,94.5962588573481,98.4329572125677
"Canada","41","Wholesale trade",2012,91268.77,36179.4298895001,4303.80346555748,31875.6264239426,54102.3780999839,1546.77604597936,93.6081741928075,84.7535587811516,95.9628920371094,83.4412471949334,97.3994562041686,99.1125705663724,90281.807989484,101.750813952391,94.446318623248,110.447485083806,85.5124211760757,0.968221200285046,0.841883594766171,0.982715468356695,93.7915227791639,118.058003249179,93.9343318103468,98.9654389739549
"Canada","41","Wholesale trade",2013,93911.796,39326.8404085579,4372.0014688484,34954.8389397095,55508.7947999836,1543.34289797937,97.5646877366037,90.8893208670697,97.5033193416403,90.1117902923497,97.5144454092962,98.8925851817406,94835.6352085414,103.000000061651,98.6572325491375,107.344500768464,91.9071138650458,0.98595176941176,0.911208763799087,0.986064276002982,96.5902037043688,118.158493314269,96.655023446674,99.1650469620335
"Canada","41","Wholesale trade",2014,98142.364,39711.7040088641,4413.58132627591,35298.1226825882,57708.0378999839,1545.39745397937,100.061421879605,95.7961829999029,100.043447722808,95.2959380525883,98.348517090226,99.0242347033773,97419.741908848,102.8594563373,101.04740741429,104.452410050311,96.7401397111082,1.01029256143694,0.962349654486531,0.993176239986348,98.6471406434056,118.290265104859,98.6032527320294,99.5855782057528
"Canada","41","Wholesale trade",2015,96915.85,39811.1045732295,4162.40654246319,35648.6980307663,58771.1710999838,1519.87383397939,96.7980496418459,95.6262707252407,97.1721207055883,95.4417896630184,97.652657103712,97.3887609740463,98582.2756732132,99.9975917791744,99.3934502027828,101.225373433177,98.1902529294163,0.997775510579544,0.980008254632722,1.00270971852426,99.2444504067955,118.225743661643,99.2543789231218,100.152546028296
"Canada","41","Wholesale trade",2016,100194.531,41655.5220112438,4409.00244509545,37246.5195661483,57396.6506999836,1515.62517297939,96.636932468315,96.1606390746182,97.0585208695493,96.0513457011862,98.2555863830382,97.116520067375,99052.1727112274,99.2423852090311,99.5061729984483,100.495310137578,99.0157380102853,0.999402787519718,0.98903199614803,1.01172886255472,99.5875131810119,118.234099007728,99.5904763983073,100.681097798841
"Canada","41","Wholesale trade",2017,105459.941,42988.3873067824,4872.58740208577,38115.7999046966,60544.0335999829,1560.62549597938,100,100,100,100,100,100,103532.420906765,100,100,100,100,1,1,1,100,118.23733312462,100,100
"Canada","41","Wholesale trade",2018,109309.018,44938.0832192099,5150.58251594361,39787.5007032663,64601.1634999836,1641.53372897936,103.275617179648,106.288757292228,105.746762999317,106.358679947651,106.180373231116,105.184346482127,109539.246719194,97.2233715418984,98.185348517801,97.1651375090442,101.049976395764,1.00534696022745,1.01116452689777,1.0094693438929,100.432029667908,118.266998000412,100.406838243055,100.55502280441
"Canada","41","Wholesale trade",2019,110145.825,45168.0629300538,5058.6926348657,40109.3702951881,67030.9749999839,1649.34931897937,106.941460672392,111.932007294041,110.950554407092,112.058526043226,105.927627758098,105.685145041432,112199.037930038,98.7194189145355,101.188734358521,95.5414481145331,105.910823370835,1.04982166002229,1.06030536268172,1.00229438788745,102.368102534136,118.503004254231,102.13859893221,100.130162312259
"Canada","41","Wholesale trade",2020,108082.036,44523.9011649871,5007.37677265281,39516.5243923343,66132.300399984,1466.94470797935,106.0507130717,111.628840208752,118.214265557072,110.824654740414,95.098819998217,93.9972281472153,110656.201564971,104.527142029122,112.823234431559,95.0029695492486,118.757587227916,1.25763565465918,1.17902045544198,1.0117194078242,107.195290761289,119.473724555026,106.085950464642,100.691720875526
"Canada","41","Wholesale trade",2021,123299.335,46116.7879396252,6201.44058910671,39915.3473505185,72043.9594999837,1603.24889497936,112.183343864037,114.514635205525,139.264801954547,111.501717078249,104.452019033406,102.731174077945,118160.747439609,103.432263779497,109.200877796764,97.9641979059671,111.470190264389,1.35562357974107,1.08537372495762,1.01675095189856,104.538367924076,119.912569917136,103.07883912384,100.993723392401
"Canada","41","Wholesale trade",2022,133600.082592656,49577.2030956173,7568.64824730438,42008.5548483129,78321.5175999842,1625.23914697939,112.500942276903,118.010842633089,161.848669435487,112.616052824307,106.050423037202,104.140240638543,127898.720695602,101.571879576716,108.028310273815,95.3310219355716,113.319156849933,1.55414149653486,1.08138844440721,1.01834240430928,105.209429571965,120.830980855526,102.952600136134,101.090286664599
"Canada","41","Wholesale trade",2023,143919.849365421,52089.4345274036,8896.58762392653,43192.8469034771,85623.1803999845,1705.29109597938,112.536020310563,120.328142743421,179.214219073848,113.016771905304,111.437977684957,109.269719120487,137712.614927388,97.8126840462845,102.989209834496,93.5242726637329,110.120300218527,1.64010871919819,1.03429177648645,1.01984317871339,104.062072031684,121.234272713226,101.491268020913,101.182191284262
"Canada","44-45","Retail trade",1963,2747.40408206593,730.536150945215,33.2038056109401,697.332345334274,1996.81089837926,1271.17492095014,12.2606029186654,10.3548780663086,0.833384561950539,16.9969074883404,30.1915676197888,38.4782261448814,2727.34704932447,50.1204940842451,31.863742555337,118.404126443143,26.9110068310312,0.0216586013817948,0.441727937882123,0.78464031855598,76.8284407525812,100,86.4193278107933,82.7483650562809
"Canada","44-45","Retail trade",1964,2942.61033924301,740.72911409913,24.4563929572566,716.272721141873,2183.30986171364,1298.49380598958,13.1692599594654,10.6038515637665,0.873140384369109,17.3893059165582,31.0636976767312,39.3051636648473,2924.03897581277,52.3879381079638,33.5051650509811,124.193175284204,26.9782658944888,0.0222143938087708,0.442417847813477,0.790321036228456,76.8784326548333,100.026023138592,86.4530947159693,83.1909215550186
"Canada","44-45","Retail trade",1965,3150.94194314555,780.814745825785,23.7902626940817,757.024483131702,2414.05164177018,1321.24653895877,14.0382165888307,10.8784133268346,0.774189925426719,17.9251848978313,32.012663436545,39.9938846191186,3194.86638759597,54.2503644180205,35.1009078575975,129.046545365229,27.2001918054099,0.0193577076295466,0.448198145004959,0.80043896064154,77.0353304209594,99.9172397258052,86.7239216861979,83.989643868687
"Canada","44-45","Retail trade",1966,3538.19667923437,818.663259902953,39.6876476472589,778.975612255693,2638.30970326587,1373.32665272031,15.0708082374578,11.3093641495834,0.714467773107998,18.7290928483034,33.3944936071011,41.5703398826239,3456.97296316882,55.8766562833158,36.253752747779,133.259554101572,27.2053684947393,0.0171869601048569,0.45053980557258,0.80332500771926,77.0388577414806,99.8048383609767,86.8284423156876,84.2195126671558
"Canada","44-45","Retail trade",1967,3787.12862311103,973.734998636735,68.5708497731859,905.164148863548,2896.57948576054,1409.0885333917,15.7677546328502,12.0569250464185,1.07127249759956,19.546790227064,34.5016805209339,42.6528452948701,3870.31448439728,56.1525027182997,36.9676501622428,130.777578629254,28.2675750306126,0.0251160852269896,0.458276349254827,0.808895169417536,77.7628001826866,100.359107163812,87.1685388253818,84.660501600468
"Canada","44-45","Retail trade",1968,4232.68289674989,958.63395655568,33.9036083838743,924.730348171805,3151.32718304241,1435.01852885985,16.9525889391544,12.2774351927728,0.956581288632802,20.0486947891693,35.6324227689963,43.4377413883309,4109.96113959809,58.6566413225426,39.0273260011363,138.079237829198,28.2644419354433,0.022021892899104,0.461550120894527,0.820310210202792,77.760710689082,100.187949312569,87.3110173049126,85.564059951255
"Canada","44-45","Retail trade",1969,4478.39174737908,1066.60051959762,35.532628329546,1031.06789126807,3583.89044337813,1492.40159028416,17.4285666763243,12.4371960443241,0.772119611622669,20.4754229484611,37.1172103529506,45.1747158817545,4650.49096297575,58.2659835946307,38.5803570341071,140.132603958415,27.5313210090323,0.0170918531871612,0.45324962313113,0.821636829993695,77.289467862659,99.9864227640881,86.9578309938469,85.670409536743
"Canada","44-45","Retail trade",1970,5039.58069610605,1096.76631978694,51.1628784146775,1045.60344137226,3863.83572050601,1507.63642566536,18.9467003212711,12.7088301925383,0.687311084178762,21.0456415991714,37.6889066072307,45.6358714878135,4960.60204029294,62.2917557320995,41.517121736857,149.082960699209,27.8483346065432,0.0150607638634073,0.461164450530793,0.82586144141665,77.4890203148375,99.8729325943267,87.283975841346,86.0114948051162
"Canada","44-45","Retail trade",1971,5450.23524201227,1244.13170127054,53.3077328304307,1190.82396844011,4257.79039640322,1546.61820488157,19.6521459303979,12.8407715676663,0.596734854073339,21.4160057714832,38.85836678186,46.8158426243509,5501.92209767376,62.9506890139818,41.977554666881,153.044899419307,27.4282611352323,0.0127464298541313,0.457452105333759,0.830026004095634,77.2261037294158,99.7064187311451,87.1334097925006,86.348047923998
"Canada","44-45","Retail trade",1972,6137.19665289908,1321.82386899466,69.1251259910118,1252.69874300365,4825.40587095742,1611.52950689037,21.9434767320903,13.449440142204,0.678689733091609,22.3393370849608,40.8252444535867,48.7806955465485,6147.22973995208,66.9491888956349,44.9839357275072,163.155317247981,27.5712348737833,0.013913080276684,0.457954459949094,0.836913947129549,77.3147177087805,99.7978589754123,87.1535057356485,86.9060389067261
"Canada","44-45","Retail trade",1973,6777.05980632371,1406.33107458253,70.4582322208161,1335.87284236172,5379.86493132781,1676.4502405069,22.7684560624676,14.3189348524883,0.689984859030019,23.842217890602,42.90647603433,50.745833961741,6786.19600591034,65.9165468994436,44.8676359908353,159.00942561039,28.2169662701452,0.0135968769288573,0.469835965422846,0.845517211652856,77.6935391488976,99.7730522562816,87.6018305580639,87.6100310532938
"Canada","44-45","Retail trade",1974,7974.60806925357,1571.77654172018,80.3568479288193,1491.41969379136,6442.09863889815,1753.57083703081,24.3046025390482,15.3389933187554,0.672764146993008,25.6660317898259,45.1300266639991,53.0802599361435,8013.87518061833,66.6506819615619,45.788401504226,158.449788939736,28.8977358762156,0.0126744697143977,0.483532518881834,0.850222412593519,78.0679957209609,99.7015507525029,88.0851541189033,87.9990239771736
"Canada","44-45","Retail trade",1975,9626.28770676677,1850.72201811841,106.799607043148,1743.92241107526,7440.83683641576,1780.81342085923,25.9169609461951,16.1517736682325,0.631660799274532,27.2027861248004,45.8823673376514,53.9048878327806,9291.55885453417,69.4235792443606,48.0790555145809,160.458916020901,29.963467725482,0.0117180616576742,0.504644146727227,0.851172670648793,78.6288344330913,99.6174112943687,88.791509540563,88.0779279184398
"Canada","44-45","Retail trade",1976,10852.223886545,2304.80613896522,228.819093385137,2075.98704558008,8462.56476847582,1751.43339137237,27.3888490056079,17.8088886607314,1.20162319595899,28.6622446349584,45.2810745122734,53.0155598574509,10767.370907441,72.6570884922099,51.6619065784676,153.793139635941,33.5918147589428,0.0226654815904978,0.540638346780188,0.854109145202387,80.5079352865161,100.699237759504,89.9629963028578,88.3189200709513
"Canada","44-45","Retail trade",1977,11131.091967698,2356.4229761769,125.184970579834,2231.23800559706,9240.97925397099,1744.29713789998,27.9358628313228,18.510306465904,1.33065212771073,29.6587622252877,45.2696210390794,52.7995468049494,11597.4022301479,73.5280873297629,52.9092852530017,150.92058514958,35.0576995183013,0.0252019611574771,0.561723802949526,0.857386545500346,81.2285273705047,100.870538364001,90.6283567621489,88.587010502695
"Canada","44-45","Retail trade",1978,12191.6118434752,2454.44138698957,156.847875165258,2297.59351182431,9662.27451585907,1805.6560605604,29.7086558674594,19.182089872827,1.43070722436825,30.6653581146054,46.8782502294047,54.6568698713682,12116.7159028486,75.4996918203252,54.3548431100739,154.877054921655,35.095478240834,0.0261761646383216,0.561052218811186,0.85768267263987,81.2462781171632,100.915958409427,90.607650582658,88.6113988445305
"Canada","44-45","Retail trade",1979,13908.1894490478,2963.34449436273,234.603259739424,2728.74123462331,11010.8128735195,1918.92408370328,30.2240669739324,20.4119250350601,1.77442093321253,32.2500534512982,49.7635906493509,58.0854716614488,13974.1573678822,72.3198564603053,52.0337807534616,148.070634798132,35.1411884094375,0.0305484466676064,0.555217208861927,0.856730422013237,81.2682045017699,101.14796374101,90.4255363660019,88.5334039620346
"Canada","44-45","Retail trade",1980,15636.698490543,2835.71114175156,241.495669859839,2594.21547189172,12228.1802568411,1996.42054197444,30.1910455235356,21.225544903299,1.99173025236409,33.3072208314503,52.2957131845068,60.4312749003582,15063.8913985927,68.8882291964548,49.9593059608886,142.239201212889,35.1234438431038,0.0329586005863378,0.551158665548074,0.865374977951968,81.2599893081904,101.274086970421,90.3037195899887,89.2472030488528
"Canada","44-45","Retail trade",1981,17632.9034494843,3335.95303078393,258.397445670646,3077.55558511328,14324.6737200575,2028.03176077569,31.4723960750183,21.7439549086032,2.00381920212273,34.1750581501556,53.0249282517107,61.3881405572425,17660.6267508414,70.6871686666009,51.2678764812419,144.740900205629,35.420448821589,0.0326417966716915,0.556704566060091,0.863765016669085,81.3891196868059,101.259091364727,90.4604826679261,89.1124515460565
"Canada","44-45","Retail trade",1982,18348.1708418685,3524.20840307169,310.023081923207,3214.18532114848,14973.8588061855,1922.35828892385,31.095934371419,20.3426750158755,1.89378505022231,31.9466797695379,50.7964454339125,58.1894244085707,18498.0672092572,73.2338770129304,53.4391509925968,152.860596490637,34.9594023701655,0.0325451758540402,0.549011785117993,0.872949783404814,81.1870794807674,101.254380076472,90.2417153236998,89.8794910293149
"Canada","44-45","Retail trade",1983,19640.1033908003,4149.69021355641,355.808859809062,3793.88135374735,15598.5017942714,1953.49753705589,31.8032641905763,20.5606854736373,2.12385761638293,31.9702958935388,52.0499836623105,59.1320036019289,19748.1920078278,73.2970197335314,53.7835051297651,154.679980058808,34.7708249699264,0.0359172273390319,0.540659777212351,0.880233722718177,81.0991602192812,101.428109109985,89.989000918455,90.4787159575658
"Canada","44-45","Retail trade",1984,22298.2954938039,4814.25315485053,449.003532204201,4365.24962264633,17805.3712934465,2055.05752574914,35.6290721902153,21.8049199891588,2.53796799484247,33.5094390469994,54.5517066277668,62.2062053878556,22619.624448297,78.1531809409588,57.2757524238428,163.399233787282,35.052644431862,0.0407992736258102,0.538683220396874,0.876949595102884,81.2377285052262,101.673155912859,89.9255617076511,90.2124281718615
"Canada","44-45","Retail trade",1985,24339.4093272119,4636.95032513767,400.832303507453,4236.11802163021,19461.819883691,2166.46203144738,37.8868346299264,22.892664428729,2.25186319914809,35.7691256877254,57.5241419196067,65.5783988548346,24098.7702088287,78.8812239468226,57.7733450214198,165.497706690623,34.9088492986914,0.0343384900892876,0.545440668152092,0.877181250596604,81.1700913593594,101.353917102152,90.1325011765129,90.2314295647301
"Canada","44-45","Retail trade",1986,26128.0252074489,5320.02694357171,414.030032188696,4905.99691138301,21127.3306260296,2300.37052336447,38.864917855691,24.0676609152117,2.35454953324994,37.6243395135033,61.587356508071,69.6317837586641,26447.3575696013,75.8502506939935,55.8149106023082,161.481907164176,34.564188386481,0.0338142929299434,0.540332840587641,0.88447190612732,81.0117577519573,101.328749359419,89.9794421746984,90.8333136080202
"Canada","44-45","Retail trade",1987,28896.4968494035,5323.79205672797,485.114341009548,4838.67771571842,23169.1741461515,2290.6903150244,40.5319611856865,25.3425196116754,2.82767967087947,39.1404947814556,61.693151511446,69.3387656700437,28492.9662028795,78.2073192000375,58.4549793957429,159.936588021868,36.5488473392656,0.040780646202087,0.564482139294345,0.889735358212457,81.8939935326813,101.639385124725,90.6811165639267,91.2687415975676
"Canada","44-45","Retail trade",1988,31155.0351638573,5531.3675947287,564.234156123151,4967.13343860554,24958.1439793792,2357.32509397463,42.1616132351705,27.3341212519678,3.63012287817429,41.4360403877266,63.950161909318,71.3557879156092,30489.5115741079,77.9086915949772,59.0864658169482,154.245358197258,38.3068032046612,0.0508735588830937,0.580696277038269,0.896215482687267,82.605460753334,102.039476390967,91.1093551873528,91.8107098464347
"Canada","44-45","Retail trade",1989,32942.6627156789,6443.81196343946,627.292644627135,5816.51931881232,26819.8478629469,2360.68030999002,43.4440809076577,29.1305437629473,4.39203878710531,43.54181171218,64.0914833046007,71.4573496743235,33263.6598263864,79.1836267366195,60.7972183486512,149.135839211201,40.766336696944,0.0614637795429388,0.609339863717696,0.896919401527013,83.5753021639947,102.400604958826,91.8532425750421,91.8692910113036
"Canada","44-45","Retail trade",1990,33895.580751849,5818.17230861821,713.228701121438,5104.94360749677,27728.4049992827,2379.62017880106,42.0074723523115,30.5873855071475,5.51610685594728,44.7221761516503,65.1535269110465,72.0306559465402,33546.577307901,74.8709467116369,58.3188807602817,137.335936549711,42.4643995049121,0.0765799892207178,0.62087698027965,0.904524970026682,84.2037733936218,102.853275587799,92.1353954014966,92.504807148591
"Canada","44-45","Retail trade",1991,33324.7486978775,5861.64218894378,806.571348206087,5055.0708407377,28233.1816279637,2290.30165713739,38.5240288250529,31.814072162181,6.81114242938422,45.3340459254953,63.342620658214,69.3270010687897,34094.8238169075,69.806785928046,55.5685782323506,121.09115937333,45.8898721590647,0.0982466041279627,0.653916154263079,0.913678937234892,85.3393676872813,103.430403198539,92.8557777863673,93.2786435446088
"Canada","44-45","Retail trade",1992,32679.018673747,4421.58465208308,811.325052770084,3610.25959931299,28223.2858764022,2320.34592919332,41.7286849724034,35.0972441972407,7.98766955250157,49.4757136045457,64.7408623127448,70.2364355419479,32644.8705284853,73.1173279081412,59.4117350210369,118.894477121609,49.9701386131408,0.113725440234379,0.704416635365799,0.921756091595496,86.4638836570177,103.798093108897,93.7541386396376,93.9760496441611
"Canada","44-45","Retail trade",1993,33265.7669105986,4771.93184276772,982.773782184974,3789.15806058275,28373.7137074682,2319.30157738113,43.3477684580138,39.5786522069388,10.7163025666312,53.6470412647692,65.1643236494554,70.2048232087103,33145.6455502359,74.2720646892089,61.7447156431776,109.523104100079,56.3759730428724,0.152643395095133,0.764150364787376,0.928202944913484,87.9332387167309,104.633966000373,94.6162325641382,94.5412257331479
"Canada","44-45","Retail trade",1994,34529.5419990824,5352.1130703828,1325.04724937829,4027.06582100451,29307.2090351252,2413.09418053837,46.2679916298707,44.2843237010315,14.5912244080363,56.689423896717,67.7990306736297,73.0439076930896,34659.322105508,75.3728479563675,63.3427113788546,104.479390816107,60.6269914899708,0.199759635934932,0.776100645312,0.928195558190871,88.8921552063369,105.593681853206,94.7856024310026,94.5405856143555
"Canada","44-45","Retail trade",1995,35214.1926961098,5499.2664699317,1494.36569911653,4004.90077081517,29492.1436872062,2459.96310437042,47.78206966213,46.787503411439,16.8278926156858,58.1010658714851,69.2421669494148,74.4626212160316,34991.410157138,75.8152994534754,64.1692017844823,102.125709170556,62.8335433904465,0.225991139458609,0.78027156340524,0.929891612981618,89.3886065134477,106.122235769945,94.8442078296378,94.6864022664998
"Canada","44-45","Retail trade",1996,35689.7298127376,6793.69450544473,1730.02490399836,5063.66960144636,30219.5000265473,2465.64821254194,49.003381766255,49.1736390754452,21.1611371579622,57.2516050731711,69.6034893134171,74.6347083727847,37013.194531992,76.7648804586156,65.6576314621521,99.6537630478618,65.8857522827493,0.283529441185282,0.767090892714572,0.932588749000831,90.1138316085301,107.20424378936,94.6414268914926,94.9141969957393
"Canada","44-45","Retail trade",1997,40180.8694710424,7087.63360637714,1636.980102733,5450.65350364414,31897.0226999809,2475.87101597878,51.6626256322369,52.2092760030037,22.3230826083102,60.9185120728111,70.3567144258954,74.9441507130906,38984.656306358,79.3487328243118,68.9348336603578,98.9529631272124,69.664243981998,0.297862907190314,0.812852123790502,0.938788601331179,91.0365099425428,107.439062726122,95.4029586025055,95.4296072647424
"Canada","44-45","Retail trade",1998,43367.2787660275,8739.53816596018,1755.31162648274,6984.22653947744,34712.0358999807,2567.06153197876,54.8090743865801,54.3668393015769,24.3721653857579,62.6096066671834,73.3061815109562,77.704470507862,43451.5740659409,80.8031975279144,70.5352909920859,100.813427984198,69.9661666133818,0.313652036060035,0.805740084939497,0.94339722067264,91.1119220087585,107.66790296097,95.277050675081,95.808205806176
"Canada","44-45","Retail trade",1999,45506.3899355488,9735.41492829459,1657.15952030573,8078.25540798885,35613.673299981,2540.7484829788,57.4300237847709,55.3547077375889,24.7049381627141,63.8156640285617,72.7504597641867,76.9079794559265,45349.0882282756,84.8607603102166,74.673686906158,103.749122941846,71.9752464298076,0.321227242445912,0.829766488211179,0.945941634130144,91.6497779452956,107.766794131068,95.7525738137989,96.0128273781087
"Canada","44-45","Retail trade",2000,48802.2203062532,11687.0495807461,1917.78961591748,9769.25996482856,37960.0072999819,2592.9935119788,61.0284365428206,60.0661422922938,31.2563924474977,67.0921015826543,74.606851589554,78.4894266727306,49647.056880728,86.8233361441555,77.7537040718677,101.60205768808,76.5276863885698,0.398224242073067,0.854791586928025,0.950533782093155,92.9234767920426,108.640624969283,96.2873945729428,96.3738407548497
"Canada","44-45","Retail trade",2001,51756.1224642643,12173.3316031176,1988.23371189719,10185.0978912204,39614.533499982,2639.34205597877,64.1106348965433,61.2098651132794,35.3741035970647,66.9566768229042,75.576818539477,79.8923883958773,51787.8651030995,89.9118824853927,80.2462364485421,104.739055996767,76.6153902046043,0.442771887376572,0.838085807262703,0.945982715712339,92.9485166378072,109.085176612311,95.9142607532485,96.0207556225633
"Canada","44-45","Retail trade",2002,55601.8605480283,13525.8360199374,2023.0812575093,11502.7547624281,41536.9888999817,2725.47486597875,67.9164988437002,63.4591244716704,38.6368301044152,68.7456687147471,78.5483866367719,82.4996123798086,55062.8249199191,91.7006176550826,82.3234156919777,107.024008618366,76.9205122801301,0.468327413788812,0.83328474803322,0.952106129604025,93.0373534505177,109.315367729676,95.8025837743395,96.4925475723396
"Canada","44-45","Retail trade",2003,59985.9268836782,15715.0041073565,2038.31662764005,13676.6874797164,43907.964599982,2828.05802897872,70.2851773206436,67.1640735465409,40.9038292232965,72.7589987047555,82.7827630490474,85.6047854598594,59622.9687073385,89.947585694084,82.1042619791399,104.646984033718,78.4583165365616,0.47782175965474,0.849940786766794,0.967034291416626,93.5074404523754,109.393202580675,96.2189956591983,97.6180260472287
"Canada","44-45","Retail trade",2004,63199.343029445,17442.92244468,2468.13621507615,14974.7862296039,46417.7796999819,2928.49287597871,72.7972939273175,73.1535402357193,53.7077023774829,76.9454209252109,85.7485290069168,88.6449294180203,63860.7021446619,88.7362283730129,82.1223440587667,99.5130156281516,82.5242241332849,0.605874501001801,0.868018299866445,0.967325819647901,94.7838999343992,110.343211000307,96.6898283035054,97.6395563765745
"Canada","44-45","Retail trade",2005,66862.5698037665,18247.5341393547,2559.78275465569,15687.751384699,48385.501599983,2957.55829497871,75.3468608228103,77.3143791584852,61.0361568243147,80.3589011630125,87.7600732599262,89.5247341929931,66633.0357393377,88.9537097583984,84.1631773632314,97.4551715255428,86.3609145063918,0.681779816209629,0.897616752369,0.980288565512379,95.9692774275073,110.846209580735,97.4545991586887,98.5884033186886
"Canada","44-45","Retail trade",2006,71174.3570435571,20668.2241560561,2538.60762012676,18129.6165359293,51290.4424999826,2982.04699597871,79.9657768179338,81.3814185559311,65.1947479428443,84.3976432463002,88.1918233200178,90.266002573562,71958.6666560387,92.7306875995865,88.589030795693,98.2604853010465,90.1573308174466,0.722251413423499,0.934988155452221,0.977021478802567,97.1345499831721,111.081992944864,98.4281553407288,98.3518962785233
"Canada","44-45","Retail trade",2007,77188.744,20945.3425284839,2954.0124924422,17991.3300360417,54172.0426999826,2996.91532097873,83.3682393583168,88.1908982038901,82.1473170446042,89.3897840349238,87.9306883511368,90.7160639792091,75117.3852284665,94.7034940069124,91.9001946308249,94.5315685135401,97.2164072551718,0.905543224003097,0.985379877762452,0.96929567371099,99.2292456094065,112.023075948508,99.7060087096187,97.7936687946046
"Canada","44-45","Retail trade",2008,78924.313,23147.8065863532,3063.85820961741,20083.9483767358,56248.9214999827,3039.02971797872,86.088937919367,92.3416443377116,96.5720350509954,91.8890342690421,89.5125986620531,91.9908588677912,79396.7280863359,95.2974125441633,93.5842310626685,93.2287252807875,100.381326442907,1.04980034146423,0.99889310090152,0.973059712277501,100.140014060724,112.670041095833,100.04096695224,98.064974369243
"Canada","44-45","Retail trade",2009,78196.334,22157.7084708428,2663.25456683968,19494.4539040031,56205.8944999819,3003.18127297868,83.8270139323033,89.9561993251115,91.2244799504317,89.9140372125726,89.0362912002397,90.9057331695726,78363.6029708247,93.8498106104448,92.2131212295875,93.1864780428788,98.9554741913913,1.00350634409674,0.989090941545456,0.979435378780283,99.7294791632676,112.485800573965,99.7937832191665,98.5225787835498
"Canada","44-45","Retail trade",2010,80821.845,24343.666949231,3109.35879377345,21234.3081554575,57294.2811999824,3110.06966997867,86.2496891118778,91.2586878685326,101.347327585518,90.0504288167478,94.1147422893056,94.14122487433,81637.9481492134,92.4486456234928,91.6173432277021,94.5112088792349,96.9380714881867,1.07654566552334,0.956546177691622,0.999718693005538,99.1345731685759,112.77095593714,98.9478712368484,99.9659274430628
"Canada","44-45","Retail trade",2011,82360.701,22037.8677545213,2914.07415816312,19123.7935963581,59378.1520999825,3093.1235059787,87.0206224727689,92.0655580972729,102.937822686504,90.7550800423123,93.1106991417967,93.6282676723488,81416.0198545037,93.7585654237918,92.9426813462968,94.5202791046205,98.330942551939,1.09943102917095,0.969312818644779,0.994472091138509,99.5376675111302,112.858617647715,99.2730910235305,99.5902411965849
"Canada","44-45","Retail trade",2012,84019.403,22294.8357066504,2788.14970608364,19506.6860005667,62184.1057999825,3120.66497697872,87.3425936953512,94.1861634087766,105.65677364764,92.7999937415842,93.8910288022998,94.4619428275424,84478.9415066329,92.9641759073681,92.4632620089247,92.733996729728,99.7080523536666,1.11851154533774,0.982406151766407,0.993956147754817,99.90838443178,112.925433568529,99.5837938600274,99.5523808261593
"Canada","44-45","Retail trade",2013,88010.897,23761.2928120213,2757.11346115668,21004.1793508646,64964.9164999827,3200.2259789787,92.202466518521,97.9017293352608,104.522466476247,97.1170046615338,96.2444859698281,96.870239417425,88726.209312004,95.3831111972722,95.1814169893913,94.1785882073412,101.064816112811,1.07899461284335,1.00254737931477,0.993540292133475,100.268023507395,112.795370598239,100.057466263089,99.5218012380485
"Canada","44-45","Retail trade",2014,91692.193,23717.7137011952,2685.213297992,21032.5004032032,67257.1457999826,3181.0963459787,93.9336590799585,99.2602535395498,103.472873955806,98.7691612267218,96.0294602119867,96.291189018844,90974.8595011778,96.9802483021743,97.5516659801301,94.6337085896431,103.083422845806,1.07458299155031,1.02573415317774,0.997281902845689,100.793401601764,112.781371296444,100.594145408044,99.7974160704271
"Canada","44-45","Retail trade",2015,93509.986,24876.7126153755,2534.73928815027,22341.9733272252,69402.6430999826,3193.30193497871,93.8222033825175,97.9154738043986,98.4691817522483,97.8535039433358,96.7620146783378,96.6606499058025,94279.3557153581,96.6688816716299,97.0634932353019,95.8195877905283,101.298174489639,1.01871011469722,1.01234063746411,1.00104866636666,100.332607259952,112.611674161809,100.285125900339,100.07535162041
"Canada","44-45","Retail trade",2016,97949.156,26702.4625171086,2650.73859968014,24051.7239174284,69776.8129999822,3252.34072197869,97.4050874454309,97.0727468758329,95.8606592873644,97.2089881493611,98.5442213215312,98.4477429014752,96479.2755170908,99.2644642629125,98.9409046613819,100.342362383155,98.603323971563,0.973721250098137,0.987417134048936,1.0009799962621,99.6039791385318,112.473510879207,99.6791529901037,100.070342298917
"Canada","44-45","Retail trade",2017,102078.621,29405.6603224077,2985.92065095759,26419.7396714501,72885.530399983,3303.62141997869,100,100,100,100,100,100,102291.190722391,100,100,100,100,1,1,1,100,112.558404343415,100,100
"Canada","44-45","Retail trade",2018,104952.197,28851.5145396551,3262.99606226716,25588.518477388,76125.7371999828,3296.82018797872,102.68150198952,102.347816815093,108.506067375343,101.632111028012,100.559516365958,99.7941279845554,104977.251739638,101.605378060695,102.893330562908,100.326030573793,102.558957006902,1.08729911836231,1.01841774742238,1.0076696735255,100.712936571113,112.842673158611,100.45916065818,100.550739691
"Canada","44-45","Retail trade",2019,107871.892,31234.5433102613,3593.70204241338,27640.8412678479,78604.0991999832,3324.79001397873,104.784450729551,106.88820559718,122.031131135703,105.132881888629,101.994869607843,100.640769365159,109838.642510244,101.394952411873,104.117298973896,98.0318175837308,106.20765945196,1.21254171550431,1.04463511707836,1.01345478826549,101.702174827492,113.235806373563,101.093640376669,100.966271123037
"Canada","44-45","Retail trade",2020,106390.276,28806.845956385,3571.2305337729,25235.6154226121,77419.5052999834,2988.69034897868,101.675784009268,98.8979964326045,128.835585510116,95.5538849528664,91.4192822371382,90.4670956213243,106226.351256368,108.803967972471,112.389795771559,102.808739991569,109.319300850079,1.4241154159452,1.05622806056286,1.01052522587659,102.521234148885,113.841484342571,101.366921398218,100.755397915896
"Canada","44-45","Retail trade",2021,117835.9,29764.740723277,3998.18269900018,25766.5580242769,84288.7928999837,3229.42311297872,108.315057977244,99.4630331172465,140.724881139878,94.930893288954,98.0602562029343,97.7540311807139,114053.533623261,109.927397303545,110.803673944665,108.899813913339,101.748267478988,1.43958135986971,0.971119984949358,1.00313260761241,100.581992064897,113.883715157776,99.4125584081228,100.213904290172
"Canada","44-45","Retail trade",2022,126816.98640995,31075.8036925644,4248.82158033592,26826.9821122284,91640.8586999829,3321.76552297875,109.878253198241,96.0172952398371,142.600007984213,90.9492790560964,101.335988052889,100.549218590554,122716.662392547,109.815589261957,109.278077680221,114.435897120182,95.4928308601069,1.41821100136933,0.904524971262584,1.0078247198075,98.9544813966016,113.82439046527,97.8552041102278,100.561926180423
"Canada","44-45","Retail trade",2023,133121.373206666,31644.4413924321,4715.90248008051,26928.5389123516,97167.5222999836,3329.90220497878,111.593955270068,93.5452835050817,149.265425204742,87.5548530097863,101.7689140374,100.795514426718,128811.963692416,111.899710572928,110.713215667152,119.29404785438,92.8069905065985,1.48087368821619,0.868638386417894,1.00965717191105,98.2527663439372,113.999807374853,97.011773979519,100.699129170393
"Canada","48-49","Transportation and warehousing",1963,2833.10827422873,1418.46578602557,31.3529370200285,1387.11284900554,1771.10891080395,844.303641197253,15.5889603285264,19.2066977933391,0.620560578186689,24.2903540157004,39.0558319171703,50.0723839816982,3189.57469682952,56.3627647846078,31.1328502637787,81.1641881194832,38.3578656857227,0.0123932700790421,0.485104803968964,0.77998746637359,62.9864114103975,100,71.5779869199744,87.6959886973426
"Canada","48-49","Transportation and warehousing",1964,3096.50920914306,1470.86736956574,25.5582258797492,1445.30914368599,1898.70687961018,869.143945138762,17.11471522365,19.6682021455706,0.630460789117131,24.8775325453082,40.469984376516,51.5455663493799,3369.57424917592,60.0288908038104,33.2030792088791,87.0171818297299,38.1569231624267,0.0122311351638629,0.482631859677055,0.785130269055678,62.840810868063,99.9885340210333,71.4201600209547,88.0189660126585
"Canada","48-49","Transportation and warehousing",1965,3387.89275305162,1551.09263157347,30.166623010101,1520.92600856337,2109.22234102506,899.715070600741,18.205846637073,20.2959774921147,0.694195670937621,25.6403994635271,42.2918798657168,53.3586215799771,3660.31497259853,61.4375848160364,34.1197843909536,89.7017482609364,38.0369224150475,0.0130100000783776,0.480529644587908,0.792596933980523,62.7557267233695,100.037391762774,71.2886460697671,88.4950095038143
"Canada","48-49","Transportation and warehousing",1966,3670.52639950852,1769.79371191145,47.7311955368528,1722.0625163746,2303.52379017628,907.874368691863,19.550166427208,21.1913143766376,0.689755888533343,26.8032353879775,42.833528753144,53.8425179972192,4073.31750208773,64.2944377815971,36.3099036865582,92.2555631979161,39.3579556916935,0.0128106172257577,0.497807984934171,0.795533536439663,63.6819016856361,100.021974420728,72.3520280662722,88.6820390025046
"Canada","48-49","Transportation and warehousing",1967,3942.43301809051,2055.90677470062,73.8010421259672,1982.10573257465,2545.53111116223,913.868981136308,20.1344383337029,22.4608405122252,0.956809187910098,28.1641240857219,43.3945434657532,54.1980352797386,4601.43788586285,64.0718431866452,37.1497568680869,89.6424081847869,41.4421674075369,0.0176539459958577,0.519652122818755,0.80066635703261,65.1464489830331,100.468122301836,73.690276575549,89.001640141484
"Canada","48-49","Transportation and warehousing",1968,4229.01502463686,2205.64001389237,40.9261605339534,2164.71385335842,2757.99655424965,893.507402240061,20.9365468583113,23.1119968764755,0.859927998287245,29.0898486785543,42.8038972148566,52.990468774967,4963.63656814202,66.2830201047755,39.5100238633892,90.5873558663445,43.615384824438,0.0162279749201517,0.548963791999826,0.807765966302933,66.6471153110918,100.365433337064,75.4639271811486,89.4383229323685
"Canada","48-49","Transportation and warehousing",1969,4606.62761706851,2396.75704899041,44.7325904423781,2352.02445854803,3032.84214855294,904.106666197105,22.5509339543245,23.6085011414753,0.746345021045298,29.807591038977,43.3321318612895,53.6190701322084,5429.59919754335,70.2434582270888,42.0576744406808,95.5203967383899,44.0300458088212,0.0139193950809859,0.555913986674526,0.808147768218388,66.9270048429314,100.238576241065,75.8777225220072,89.4618718063708
"Canada","48-49","Transportation and warehousing",1970,5024.20285726505,2552.22002042123,60.2948843455541,2491.92513607568,3222.82626792442,894.041026271837,24.4797161366922,24.054623123401,0.664725987912076,30.4612339864281,43.0587725643438,53.0221159527324,5775.04628834565,75.8911757022574,46.1688782064357,101.767198808771,45.3671504638649,0.0125367684025409,0.574500535089609,0.812090800048971,67.817204035688,100.140682273476,76.96430639778,89.7053119248223
"Canada","48-49","Transportation and warehousing",1971,5266.98055686432,2744.26969845413,60.5527502278903,2683.71694822624,3459.95358321588,873.462067273412,24.9251734106008,24.3394181296197,0.573263221806701,30.9375822396156,42.2049306408076,51.8016574747237,6204.22328167001,77.7348342645789,48.1165557738436,102.406611685874,46.9857902548696,0.011066503462489,0.597231512422386,0.814740931048417,68.8765430330782,100.014590882636,78.2654457677288,89.8685044075458
"Canada","48-49","Transportation and warehousing",1972,5871.51930709686,3139.03972115611,72.4147154955173,3066.62500566059,3869.89661370523,882.700346623654,26.2131835861321,24.9271342780735,0.59628084527173,31.6732811681512,42.9288806634203,52.3495440979527,7008.93633486134,80.1283836848743,50.073375113036,105.159234486051,47.6167170270512,0.011390373221895,0.605034517757909,0.820043066336832,69.2866756963776,100.043577263991,78.7086769828456,90.1925691453328
"Canada","48-49","Transportation and warehousing",1973,6493.50518275726,3320.89774343598,83.0105450223445,3237.88719841363,4344.67224008154,893.868104244734,27.8566645852904,26.0966652103597,0.657172072172636,33.1174023074424,43.7828455400401,53.0118606160058,7665.56998351752,82.5348793339743,52.5479850388041,106.744154322952,49.2279744704534,0.012396698862032,0.624716844921368,0.825906599603878,70.3099312490949,100.133231801859,79.7995428666824,90.552797889159
"Canada","48-49","Transportation and warehousing",1974,7540.34152236169,3451.80322380375,99.2346072764184,3352.56861652734,5152.70110482475,935.42364963028,29.24590639924,27.3186330907648,0.676896968193861,34.6836691552209,46.0998098706509,55.4763593147953,8604.50432862851,82.495482369915,52.7177824220348,107.05479407433,49.2437381042758,0.0122015391160201,0.625197283736875,0.830981168195661,70.3193232249063,100.115467695892,79.8244540556549,90.8766448811872
"Canada","48-49","Transportation and warehousing",1975,8426.7691129718,3735.66634936424,131.406696030228,3604.25965333401,5921.87477740428,925.33870147772,29.078151440156,28.176777421066,0.68176540132497,35.8014067315542,45.6698300502319,54.8782600390248,9657.54112676853,81.490315675173,52.9866497579881,103.198996129402,51.3441523128267,0.012423232821889,0.65237867793358,0.832202588379357,71.4861013720401,100.13812978754,81.1307675114104,90.9575697161576
"Canada","48-49","Transportation and warehousing",1976,9515.56340591802,4789.49872455836,220.767793811839,4568.73093074653,6731.22505459364,899.707927205829,29.6440889662149,28.6294909856246,1.02534758872006,35.7760214483101,44.5596714029629,53.3581979328488,11520.723779152,83.7719174780173,55.5567656230106,103.543891091531,53.6552809029548,0.0192163084295024,0.670487813200403,0.83510450369859,72.7603054575658,100.856364308883,81.9902707257355,91.1473369479601
"Canada","48-49","Transportation and warehousing",1977,10554.5386809333,5443.63477874982,128.489686474828,5315.14509227499,7602.35657412749,934.366999962934,30.6694419206479,28.6755737901967,1.12000908940011,35.7309523346099,46.1255647662091,55.4136935091588,13045.9913528773,84.8834303179223,55.3463232252852,106.953193491573,51.7481726524098,0.020211774716208,0.64480365902165,0.83238567663037,71.6717884436342,100.930281927229,80.7129435238457,90.9740672301186
"Canada","48-49","Transportation and warehousing",1978,11814.7026899741,5941.16617519571,171.243289659496,5769.92288553621,8359.22138300698,958.014954764512,32.4571627725661,28.790303718937,1.27747891265154,35.7513597982765,47.5079902578001,56.8161622602438,14300.3875582027,88.1496146758004,57.1266370014532,112.736437550039,50.672735668179,0.0224844280541178,0.629246298518351,0.836170349559901,71.0478207476578,101.047706006836,79.9176435324226,91.2152554426142
"Canada","48-49","Transportation and warehousing",1979,13721.0400060146,6881.98671313159,260.060977068186,6621.9257360634,9353.6466443451,1005.43448278847,36.0974747645278,29.4466737682455,1.60712707645192,36.3082030477823,49.9363008166304,59.6284310929114,16235.6333574767,94.3439643586507,60.5373545855696,122.585915980278,49.3836132001569,0.0269523622707386,0.608907569464772,0.837457902234942,70.2836081227393,101.304369739947,78.8594994987315,91.2967397155691
"Canada","48-49","Transportation and warehousing",1980,15231.4108072218,7756.41904673133,295.433041981572,7460.98600474976,10446.6415340738,1055.31543481387,35.7095050180969,30.3818778415472,1.91294776756972,37.2499360069145,52.1824432994491,62.5866774646155,18203.0605808052,89.7972761119716,57.0560804067062,117.535542748,48.5436822536619,0.0305647758446874,0.595173565939404,0.833762797664909,69.7730625020137,101.510025331478,78.1273410259309,91.0648936730238
"Canada","48-49","Transportation and warehousing",1981,17328.9740761079,8519.65399248304,317.333234462914,8202.32075802013,12307.0380404608,1093.04158587952,38.128031741792,32.3591828607668,1.95240974712985,39.7404927509591,54.7599927256506,64.8240695948117,20826.6920329439,90.8016660000896,58.8177076510538,117.827548074521,49.9184686537432,0.0301185926667911,0.613051494596998,0.84474783931235,70.5915203686384,101.48654191156,79.0620789712665,91.7617614969989
"Canada","48-49","Transportation and warehousing",1982,17823.7368669441,9921.58921579777,400.06855316398,9521.52066263379,12828.4313174944,996.528287789248,36.195291460031,33.635407382917,1.9442527295508,41.3804919295125,50.36614225187,59.1002391083491,22750.0205332922,88.997213128662,61.2439002043186,107.610682540489,56.9124725895827,0.0328975442212066,0.700174695632774,0.852215541117071,74.6135383552723,101.633638482379,83.4466294730484,92.2292754969887
"Canada","48-49","Transportation and warehousing",1983,19484.3046787523,11229.9019559181,427.151751280923,10802.7502046372,13306.8834016574,975.838823241131,37.7627871730383,34.2991431792814,2.04920290874923,42.1402715616337,49.4584938961902,57.8732269735204,24536.7853575755,92.974548233115,65.2508753146191,110.098339703859,59.2659939197356,0.0354084784262476,0.728147949671353,0.854600589644321,75.9770003369977,101.764521454285,84.8621905923626,92.3719521813709
"Canada","48-49","Transportation and warehousing",1984,21680.9708485653,12648.4437066831,475.387672016039,12173.056034667,14561.4206603642,1066.0479357859,41.8822058890184,34.9431990003206,2.15069047877713,42.8813887047052,54.5072669655138,63.2231805939793,27209.8643670473,97.0199035808688,66.2450156659895,119.857961169022,55.2695999663899,0.0340174356710858,0.678254214701574,0.862140538540139,73.5693681766212,101.693417238321,82.2304142252258,92.8101217032045
"Canada","48-49","Transportation and warehousing",1985,23427.5829138429,13649.2185175832,592.26189670421,13056.956620879,15558.6539389106,1110.51879335759,43.9953789781939,35.3037308369598,2.66624685676684,42.9513232650902,57.1047697514669,65.8605751848255,29207.8724564938,98.938613451302,66.8007815825007,124.619630659927,53.6037390166825,0.0404832002952376,0.652155301476722,0.867055436294217,72.5274221559746,102.027967418057,80.8000126019118,93.092240425093
"Canada","48-49","Transportation and warehousing",1986,24471.8630780801,15387.9846284804,603.551424454118,14784.4332040263,16005.4177811886,1153.09920143261,44.6270149248858,35.0616267115575,2.85303891815454,42.5197908026059,59.5830892695165,68.3858545265162,31393.402409669,98.4849217429504,65.2576694900872,127.281644094897,51.2702911359578,0.0417197231490072,0.62176295225088,0.871277981127128,70.9983964622348,102.088616590065,79.0493592117812,93.3282829599617
"Canada","48-49","Transportation and warehousing",1987,25951.2357860084,16339.0568205229,598.892947951196,15740.1638725717,16641.4686499197,1176.15822664038,47.2664543293054,34.3055778043553,2.93258327008181,41.5221895350483,60.8347284491183,69.7533961408218,32980.5254704426,104.330424095871,67.7622265643975,137.780668201731,49.1812294488104,0.0420421575483056,0.595271224518173,0.872140022061463,69.5577594167416,102.103309106753,77.4342637194679,93.3751066633386
"Canada","48-49","Transportation and warehousing",1988,26970.3504060418,16057.8085630643,679.603249940862,15378.2053131234,17585.4134289146,1179.18485345367,50.0171707829159,35.4400136163775,3.72763615107279,42.5291650984139,61.5461623690336,69.9328936729529,33643.2219919789,108.021867089937,71.5216662087878,141.131917510895,50.6771731513295,0.0533030446088131,0.608142504402937,0.880074584885039,70.5788433235487,102.569114548957,78.2120126839107,93.810490618155
"Canada","48-49","Transportation and warehousing",1989,27991.6599862551,15187.860012559,676.742045983086,14511.1179665759,18523.5547120578,1220.3680455513,50.0911401932602,36.5274673274698,4.06176139696468,43.7235890043446,64.1922558278685,72.3753095381512,33711.4147246168,104.295058529163,69.2102603953018,137.132804046313,50.4695144802318,0.0561208155499991,0.604122998345128,0.886935838167722,70.444528177517,102.675569458748,77.9821847040989,94.2018618330837
"Canada","48-49","Transportation and warehousing",1990,28130.6299845707,15016.2082324364,617.413656192749,14398.7945762437,19410.0064018977,1191.60345662874,50.1518444415927,37.2007102643667,4.03619443623002,44.5785363694902,63.0402183363446,70.6693930037112,34426.2146343341,104.628775824944,70.9668532726169,134.814212108287,52.6404836424916,0.0571137555407906,0.630804008280489,0.892044146085053,71.7722509240492,102.709797394468,79.4255213526226,94.5034879586602
"Canada","48-49","Transportation and warehousing",1991,28414.8068183628,14844.6037748554,685.584471075283,14159.0193037801,19983.6129816517,1150.60484677882,46.5491301951997,38.864271268925,4.94668603105711,46.2335517980477,61.2191043028318,68.237923997833,34828.216756507,96.9001416972013,68.21592373865,119.77358297316,56.9540645318565,0.0724917427325925,0.677534559807474,0.897141951516225,74.2516055683632,103.171456796205,81.8011812983036,94.8102961946459
"Canada","48-49","Transportation and warehousing",1992,28839.429800906,15215.7631866715,686.086092952026,14529.6770937194,20447.6722747561,1127.52911620506,48.703739381556,40.3039367910402,5.89738168935747,47.6245655806177,60.3262447793088,66.8693916528713,35663.4354614276,100.669633848056,72.8341296035475,120.841146695087,60.272623684486,0.0881925428598429,0.712202764275825,0.902150345444611,76.0666352021577,103.565846743688,83.4794573772234,95.1135167916367
"Canada","48-49","Transportation and warehousing",1993,29659.6471532267,15026.2910278623,745.606897127882,14280.6841307344,20777.5151935236,1162.33644049909,49.8993975601717,40.4268191608834,7.02779957405317,47.3611784344938,63.1451667165973,68.9336794545377,35803.8062213859,100.330090045098,72.3875440205984,123.431421506577,58.6459615688224,0.101950158901471,0.68705426446486,0.916027799709168,75.1910496397245,103.867015180031,82.2783592188232,95.9547531591217
"Canada","48-49","Transportation and warehousing",1994,32591.0962796512,16113.0543302032,778.107545049721,15334.9467851535,22312.5134422134,1235.33152591081,54.3335268133673,40.6701343994892,7.198402870892,47.6022031060299,67.0013850869431,73.262735693511,38425.5677724166,105.285011230393,74.1625688681179,133.595641164269,55.5127160001635,0.0982546283967058,0.649746459170867,0.914535670183519,73.4789117165851,103.788285722253,80.4658743559302,95.8639900918997
"Canada","48-49","Transportation and warehousing",1995,34441.8042302652,16290.5218337513,789.703977168027,15500.8178565832,23841.2480739158,1291.0220901033,55.7636895109453,40.7641288722633,7.37144258551133,47.6602438136885,70.1187727204337,76.5655276966931,40131.7699076671,105.107952480706,72.8313265623242,136.795979832377,53.2408384015146,0.0962762591373051,0.622476527589412,0.915800815716995,72.2228294699396,103.746148475433,79.1224895296002,95.9418626008459
"Canada","48-49","Transportation and warehousing",1996,35203.6066037624,18052.3570720881,902.58514500889,17149.7719270793,23919.1893695587,1317.31038476058,57.104446654226,41.416712508975,9.10854906920456,47.9298957915733,72.1225996866801,78.1245847942516,41971.5464416468,105.18383164952,73.0940801856623,137.877786996859,53.0136737597387,0.116590047719201,0.613505926691337,0.923174182322015,72.0938546214801,104.155926072322,78.6673428681704,96.3906639113152
"Canada","48-49","Transportation and warehousing",1997,38142.6593264286,19244.5631846196,1199.78253170714,18044.7806529125,24310.895799843,1352.27513082903,59.1806861362268,43.8088203773053,13.6194155149464,49.6581392879715,72.9378224365732,80.1982086725986,43555.4589844625,105.699797569301,73.793027445072,135.088517852183,54.6256844166564,0.169821941666383,0.619192624247956,0.909469471248849,73.0415263335046,105.121070180683,78.9665500283132,95.5809477643724
"Canada","48-49","Transportation and warehousing",1998,39820.7197129329,23291.6220192243,2632.19325941235,20659.428759812,25950.8571998429,1394.60959981933,60.4364244951719,49.6954844694437,31.3419407677065,52.6662822830299,75.7020351145326,82.7089023182373,49242.4792190672,99.8576841727406,73.0712448130818,121.613513059386,60.0848071689205,0.378942772654783,0.636766790597546,0.91528279293631,76.2943310550773,108.59434786464,79.8933567289529,95.9119556533275
"Canada","48-49","Transportation and warehousing",1999,41859.6056880607,25422.9923318358,3132.85996743681,22290.132364399,27455.4616998403,1446.38299381932,64.1789165094905,54.4730111775591,41.6931950278794,56.2480908055405,78.2408111317676,85.7793821052571,52878.4540316761,99.7631564511802,74.8185810323729,117.817824133669,63.5036180497513,0.486051473030186,0.655729726946743,0.912116748938117,78.3346216812124,110.128354751878,80.8854167164152,95.7382611870882
"Canada","48-49","Transportation and warehousing",2000,43933.8084762601,27385.0136834209,2757.02263018632,24627.9910532346,29134.3477998483,1442.88483081933,67.5498792836752,55.794482667778,41.8320136661876,57.7660603348379,78.6167519639598,85.5719195853543,56519.3614832692,103.538300618715,78.9393058038123,121.069102272878,65.2018593694459,0.488852112572536,0.675058601171366,0.91872137898628,79.3388103323707,110.162536472151,81.898925736594,96.0962822762771
"Canada","48-49","Transportation and warehousing",2001,46388.7226437496,28276.0200833305,2552.81050351117,25723.2095798193,30166.9877998492,1432.89168281934,69.2411793378249,57.1725347634209,42.9473433057006,59.1820597875524,78.9046236793227,84.9792646216351,58443.0078831797,104.686750128449,81.4800876968247,121.109164784007,67.2782178311122,0.505386149161457,0.696429417823947,0.928516197811792,80.5522100602989,110.332068797318,83.0244565417737,96.623398677455
"Canada","48-49","Transportation and warehousing",2002,47780.1342362091,31087.5665007512,2247.9761189626,28839.5903817886,30807.9836998438,1433.90678581934,69.224676833029,57.9076756056253,39.4384348520837,60.4634040053608,79.8658841644174,85.0394664550954,61895.550200595,103.36807947071,81.4029999465986,119.543179913621,68.0950598816411,0.463766254612015,0.711004037605153,0.939162573492746,81.0329309384676,109.953436839837,83.807160066825,97.1834730447696
"Canada","48-49","Transportation and warehousing",2003,48314.1456240669,32679.6147991194,2504.92076413264,30174.6940349867,31454.6805998404,1440.72957881935,69.1752319948415,57.8619336079882,44.7242822214632,59.8016108903418,80.0047411208791,85.4440999237365,64134.2953989598,103.246895080821,80.9596356642344,119.552230078414,67.7190510048477,0.523433241866695,0.699891636095622,0.936340147444793,80.806254729944,110.456118819591,83.1913046727874,97.0390568327513
"Canada","48-49","Transportation and warehousing",2004,50530.7717896755,32757.4104501907,2713.33867782698,30044.0717723637,33340.9682998401,1486.24248481935,71.4131704359345,57.7961607426625,51.2262858766476,59.0288657790821,83.3671303066223,88.1432943771954,66098.3787500308,104.486282851316,81.0194024860621,123.560405255812,65.5706836816569,0.58117053870749,0.669692075797364,0.945813642384023,79.5075647151435,110.920012960974,81.5113679928332,97.5262005835593
"Canada","48-49","Transportation and warehousing",2005,55758.0310701162,34859.3911537174,3150.70118883115,31708.6899648863,34217.1437998455,1449.06109381937,76.0048297721531,59.9520265880481,62.2495267226028,60.3175608721659,82.045264244303,85.9382098598712,69076.5349535629,110.062077194046,88.4412531935268,126.776080972891,69.7617819661411,0.724352145851134,0.70187127437863,0.954700643381844,82.0097585175132,111.983578969261,83.2776655681071,97.9832069774942
"Canada","48-49","Transportation and warehousing",2006,59878.1657727306,39311.5680782852,3568.18151795241,35743.3865603328,36683.4105998515,1499.04823981935,78.0346105362769,62.5332698162042,74.7558818326788,62.0315205571557,84.4582904746099,88.902754185549,75994.9786781367,109.036782840206,87.7752452678921,124.788949571378,70.3389567500811,0.840872507466481,0.697745768682145,0.95000758129874,82.3557576789973,112.759341095221,83.0498442121499,97.7473642593669
"Canada","48-49","Transportation and warehousing",2007,61330.199,41253.836031506,3924.15995758686,37329.6760739192,38817.8272998532,1518.53362181935,79.2445819186511,66.0550168789988,88.0907021667866,64.79326956201,86.0935072600948,90.0583568407154,80071.6633313592,106.645514367369,87.9924803189665,119.967544726865,73.3469043809328,0.978151337166755,0.719458713605099,0.955974662211158,84.155489145859,113.580477597446,84.2501892271065,98.0438863401226
"Canada","48-49","Transportation and warehousing",2008,61825.76,43889.5373493271,3581.26078583109,40308.276563496,39052.5933998496,1487.27317181937,78.7373913426333,70.0785656080989,91.2264579016548,68.9011632955389,84.6682496871455,88.2044204374327,82942.1307491766,103.563975617729,89.2669448448847,112.3558832282,79.4501741075536,1.03426174617139,0.781153177514652,0.959909370383591,87.7423151872321,113.872869666952,87.6156744980101,98.2364970665134
"Canada","48-49","Transportation and warehousing",2009,59131.162,45241.3723333528,3109.0365089991,42132.3358243537,38337.5745998482,1423.11976981937,75.6655771066506,71.6209537159584,84.6862458015076,70.968689373108,81.9544797400722,84.3997302502376,83578.946933201,99.8713713933489,89.651444243138,105.647262680602,84.8592211178978,1.00339474486969,0.840863935971031,0.971027744959428,90.8905860043795,113.734295481527,90.8694604960835,98.7637049282492
"Canada","48-49","Transportation and warehousing",2010,62531.243,50295.2468617778,3142.82401581591,47152.4228459619,39795.8138998486,1486.05523981937,78.6706125510678,71.9839821905436,79.4119638793067,71.6761995853266,85.7958955449124,88.1321896003354,90091.0607616264,101.435861593656,89.2643345272887,109.289053143551,81.6772878524621,0.901055156344424,0.813280594869662,0.973491024493801,89.0007568659232,113.294166533337,89.3256533774494,98.8764235660154
"Canada","48-49","Transportation and warehousing",2011,66508.774,50825.0005460888,3200.89282409506,47624.1077219937,42017.7293998522,1508.07884181937,81.7276819809586,72.9520490311607,83.9173410822997,72.4366340289946,87.9395180352947,89.438324268238,92842.729945941,103.454262166365,91.3788162397205,112.029316607748,81.5668782124845,0.938270498344982,0.809905984058322,0.98324201347458,88.9342235844208,113.453297006537,89.1334031179768,99.318058699019
"Canada","48-49","Transportation and warehousing",2012,69775.525,54388.0417798456,3335.93615053829,51052.1056293073,43930.6749998523,1546.47662682936,82.8552236310638,76.0197651236335,92.1691949001693,75.2196898217658,90.1332082879386,91.7155484104208,98318.7167796978,101.401083916795,90.3393427473086,108.991685907361,82.8864532145086,1.00494623319176,0.82014108976553,0.982747307845761,89.7231256080194,113.720007704322,89.7129823627832,99.295584106157
"Canada","48-49","Transportation and warehousing",2013,73212.633,60820.1700312235,3342.13033804737,57478.0396931761,45501.1834998552,1544.51450782937,84.3577148113785,81.0135530971718,92.7012498435747,80.4475073184857,90.1232585580352,91.5991827201745,106321.353531079,99.6145755296917,92.0943968125591,104.127904018968,88.4435326728398,1.01203140782126,0.878255732523772,0.983887147043135,93.0593879396273,113.746121918971,93.0275032628893,99.3459408822296
"Canada","48-49","Transportation and warehousing",2014,79118.023,66152.4636274215,3359.43644699124,62793.0271804302,47623.8637998513,1575.67986482936,89.5633177095773,86.2973378748283,95.9855497001748,85.8300263775992,91.9402613251452,93.4474795253584,113776.327427273,101.119199208921,95.8434814555624,103.78456614674,92.3484917015982,1.0271603919946,0.918484124061451,0.983870959303892,95.4073550858326,113.797579089225,95.3314817156032,99.345249039717
"Canada","48-49","Transportation and warehousing",2015,82519.565,70719.025138468,3371.7330956237,67347.2920428443,49610.7539998512,1615.25638283935,92.0073357383374,92.0832880444129,99.3185206756023,91.7305846440917,94.2920784956314,95.7946097635327,120329.779138319,98.9677531363725,96.0464643735758,99.9175178170887,96.1257509913333,1.03678610853751,0.957575638864515,0.984315075017162,97.6695409468662,113.828125143638,97.5656660985767,99.3638762555645
"Canada","48-49","Transportation and warehousing",2016,84985.048,76036.5121129192,3684.38342705615,72352.128685863,49861.4363998635,1620.21007484935,94.1961295490868,95.6606263923228,101.070124664955,95.3936887741737,95.9962666325382,96.088394080393,125897.948512783,98.3326600438741,98.0307043848365,98.4690704018288,99.5548185687105,1.05184528924891,0.992770143440652,0.999041221900559,99.7307809493818,113.875150478313,99.5836528373361,99.9620412041944
"Canada","48-49","Transportation and warehousing",2017,90406.74,81044.3931963948,3912.04023082595,77132.3529655688,53033.0031998638,1686.16625384933,100,100,100,100,100,100,134077.396396259,100,100,100,100,1,1,1,100,113.707079452107,100,100
"Canada","48-49","Transportation and warehousing",2018,95716.449,84240.7075548936,4440.67121720405,79800.0363376895,57929.634899864,1830.48826783929,101.970548589925,105.843696275183,112.598731771568,105.496387252141,107.521153422816,108.559180547024,142170.342454758,95.7343791727577,93.9308385307445,96.3406912064105,97.4986138821623,1.03721059061231,0.971786879014285,0.990438145175954,98.4953218218185,113.832633804967,98.3867771450969,99.6149842271098
"Canada","48-49","Transportation and warehousing",2019,103316.706,88989.561833622,4703.82727652315,84285.7345570988,62246.1194998606,1910.28803583927,105.345541320324,113.913583774976,124.666887775446,113.36058504784,113.306430972866,113.291796196152,151235.681333483,92.6927810272677,92.9860279891147,92.4784716881729,100.548837250093,1.10040525405387,1.00060718299116,1.00012917772695,100.303327214859,114.042669826722,100.008238373295,100.012997760805
"Canada","48-49","Transportation and warehousing",2020,93521.284,81107.4955295209,4721.29823854877,76386.1972909721,59886.9288998636,1605.64689083929,80.5442149944807,121.344464652313,133.651400703018,120.709466338049,97.3063812187612,95.2247079535468,140994.424429384,72.8018172897539,84.5833153237627,66.3765052862224,127.429600216267,1.40353699764788,1.26762758250658,1.02186064215844,115.128335631847,114.942315003078,113.890900160871,100.916053212153
"Canada","48-49","Transportation and warehousing",2021,101156.28,86658.9345691356,4908.11955387193,81750.8150152637,63698.0149998668,1755.1830928493,85.8334226767743,127.71871022782,137.112885622747,127.248836524677,105.505272302308,104.093121828433,150356.949569002,72.7877578361583,82.4583038428283,67.2050496937121,122.696589346534,1.31721369495227,1.2224519189117,1.01356622271549,112.646384908101,114.701324365698,111.66974074968,100.567764621341
"Canada","48-49","Transportation and warehousing",2022,121585.828863754,108300.269058907,5360.71214094577,102939.556917961,69576.6429998573,1822.85705883931,99.5856068277545,134.578094548614,141.558347413846,134.236317492367,110.032677152626,108.106603051623,177876.912058764,80.4823508635086,92.1179687610764,73.998377790808,124.486470529789,1.3094329432056,1.24170322351418,1.01781643347061,113.61731619652,114.679995255529,112.653296430212,100.739356677565
"Canada","48-49","Transportation and warehousing",2023,133960.063140675,117990.230697098,6132.25043893856,111857.980258159,77541.465599867,1914.4013848393,106.864639530207,141.277486714585,153.28869505869,140.685262790936,116.010385709447,113.535743018752,195531.696296964,82.1297311937006,94.1242261589431,75.6416623875107,124.434370144784,1.3501360098852,1.2391275121853,1.02179615533309,113.588490961394,114.787992035659,112.518779117829,100.894312959919
"Canada","51","Information and cultural industries",1963,1146.82334757482,931.261733858246,511.41794980183,419.843784056415,553.942745190676,179.402964685941,5.64993167045858,8.76515770274291,6.11323901782111,15.7196777555922,23.8828028645121,30.4188512662885,1485.20447904892,44.2826581842576,18.5737838059654,64.4589847903196,28.8148872750394,0.200968766516048,0.516774207480131,0.785131649299988,46.0403781274371,100,82.7218383814048,91.1019811960872
"Canada","51","Information and cultural industries",1964,1251.59279052122,979.590244213119,530.951094690226,448.639149522892,580.46134457563,181.653997998056,6.06822113390721,9.11093786092872,6.43603111271866,16.0914535776409,24.4791335821052,30.8005274979859,1560.05158878875,45.9958013017323,19.7016792465779,66.6036935662806,29.580460469466,0.208958470374883,0.522440843868441,0.79476345279171,46.8041709574792,101.34360107859,82.9794679172567,91.5167308861549
"Canada","51","Information and cultural industries",1965,1392.67230351571,1035.41597360028,573.660963857974,461.755009742308,635.656300735809,185.025890038046,6.58746392213529,9.59416629861931,6.88766729482985,16.6164919795619,25.2029739777841,31.3722520658044,1671.07227433609,47.8204444353671,20.9977400038666,68.6611396665418,30.5816945448966,0.219546473118434,0.529655695252868,0.803352399595667,47.7861577875983,103.070387989282,83.3009768851685,91.8875840687817
"Canada","51","Information and cultural industries",1966,1540.41358102353,1163.45220064034,669.070607154012,494.381593486328,721.899533779053,201.052178051461,7.09079441378662,10.378285023756,7.6060314983829,17.4995503909544,27.6272359118652,34.0896055514851,1885.35173441939,47.3446433403447,20.8004589641775,68.3233732505487,30.4441335001129,0.223118788713927,0.513339773454552,0.810429908616578,47.6531282107948,103.652761250456,82.6020873940286,92.1956972704626
"Canada","51","Information and cultural industries",1967,1727.1518997251,1274.18522752599,749.925244052458,524.259983473529,787.329741020886,209.674558255505,7.67541011789347,11.2860933234815,8.57437269684985,18.1026450862572,28.9722549297103,35.5515819544244,2061.51496854687,47.7849683065368,21.5895037462272,68.0076789895422,31.7456852917257,0.241181185912959,0.509193799293209,0.814935745105561,48.9012431650517,106.593007500967,82.4292714692326,92.3913807770668
"Canada","51","Information and cultural industries",1968,1877.3287590527,1311.68783767143,754.731536351202,556.956301320229,852.567567762912,205.053384403103,8.17694264306224,11.6193989633839,8.7949377933979,18.7346241253231,28.5827781396394,34.7680341443982,2164.25540543434,50.2717704058125,23.5185648089905,70.3731980357174,33.4197755188755,0.252960456632977,0.538846230060483,0.822099346225033,50.4638873445312,108.419242267708,83.6315413888362,92.7055924943803
"Canada","51","Information and cultural industries",1969,2040.42101385615,1480.65477622603,853.224223914193,627.430552311832,921.583052555501,207.154270159444,8.69791344549101,11.9918547938486,8.99514334889499,19.5744379475046,29.0247492025806,35.1242519552993,2402.23782878153,52.1413324726431,24.7632702799204,72.5318442811093,34.1412389624979,0.256094944323443,0.557291240605377,0.826344977809599,51.1269865472328,108.890185682654,84.3645250588209,92.891435969885
"Canada","51","Information and cultural industries",1970,2252.39096365716,1662.13850102206,976.355547796227,685.782953225827,990.827609981839,209.443001436743,9.40804371543063,12.3743667627556,9.14809307819604,20.612904161819,29.4763895034653,35.5123201036409,2652.96611100389,54.9861682322087,26.4923375548929,76.0284861100691,34.8452782770645,0.257603362762495,0.580443747456132,0.830032772216516,51.7796457561776,109.121671905769,85.2615687905164,93.0481512362539
"Canada","51","Information and cultural industries",1971,2491.61348774039,1866.82064229142,1068.66375226335,798.156890028064,1124.58559706635,216.221376442398,9.98061159420082,12.9516977073326,9.58125979879891,21.5545545152118,30.7666684479903,36.6616343386932,2991.40623935776,55.789991422976,27.2235861118367,77.0602574251734,35.3276604847462,0.261342953516034,0.587932177711533,0.839206134777214,52.2267078481421,109.693485582873,85.5491213104378,93.4321597929169
"Canada","51","Information and cultural industries",1972,2847.43473043218,2205.83711090451,1248.72042512842,957.116685776093,1259.68748932112,220.808182438089,11.0405342739534,13.6845359363835,10.1652372804313,22.6503996098157,31.7249460895648,37.4393548719881,3465.52460022563,58.9384257094396,29.4891146273834,80.6789088448341,36.5512065663883,0.271512084414598,0.604989046613155,0.847368930315121,53.3596011318588,111.206178324254,86.2159569944243,93.7671309326656
"Canada","51","Information and cultural industries",1973,3314.5400218945,2646.53281138128,1494.71557176218,1151.8172396191,1467.93907291871,239.134991452633,12.4298405027622,14.5071904649211,10.7361823232167,24.1289016076098,34.7133994640637,40.5467755245677,4114.47188429998,61.8830124733463,30.6555585295082,85.6805494683339,35.7789004852705,0.264785107676725,0.595088050663605,0.856132183508167,52.6354064948214,110.201330001141,85.8212781031343,94.1152076651599
"Canada","51","Information and cultural industries",1974,3802.07919917847,3251.65914066336,1868.5671761935,1383.09196446986,1739.30777686377,244.269097605379,14.0256568327863,16.1024749124005,12.0341286843533,26.4370145312787,35.6340387212617,41.417294089961,4990.96691752713,64.6678825633789,33.8642519772579,87.1024914436302,38.8786261058602,0.290558061524115,0.638308588529607,0.860366170804453,55.5440475878744,114.042165503221,87.513709982951,94.2790769093188
"Canada","51","Information and cultural industries",1975,4402.70206421735,3724.76598395433,2151.4423940116,1573.32358994273,1982.28187833781,239.96910011298,15.4838812136692,17.5841424176615,13.3676340597167,28.2066001430373,35.1194841854227,40.688203662745,5707.04786229215,67.7508505843123,38.0549638957066,88.0559361150143,43.2168069237275,0.328538319620051,0.693237784022987,0.86313675768338,59.5107538091488,119.428893381989,89.5334784751698,94.3845937484496
"Canada","51","Information and cultural industries",1976,5088.37512339093,4483.43248676183,2605.28521459048,1878.14727217135,2291.87302338129,248.034405488677,16.777651036649,19.7703705720174,15.6284282184397,30.0578212599084,36.3712814171208,42.0557246793013,6775.30551014312,67.1590869203325,39.893857886383,84.8626027293372,47.009939129043,0.371612386604091,0.714714143891618,0.86483544617225,62.8937416928361,125.164534223238,90.2918116005379,94.44822938549
"Canada","51","Information and cultural industries",1977,5779.58457472921,4090.83674339831,2283.38665555429,1807.45008784402,2614.9523156388,255.538506423158,18.210515310021,20.687012322671,16.2130916702635,31.8113673528642,37.6706508402777,43.3280901087845,6705.78905903711,69.9244381750993,42.0293515460746,88.0287352565843,47.7450362356887,0.374193545793434,0.734197313405573,0.869427910293239,63.5173530688853,125.479002447469,90.9581136380308,94.6305386711917
"Canada","51","Information and cultural industries",1978,6646.67932663179,4517.89276971658,2519.18165072053,1998.71111899605,2922.82709913613,258.120300101344,20.1883714235774,20.8492675116328,15.9594438167328,33.028898549497,38.2356349011816,43.7658487491418,7440.71986885272,76.7030465071836,46.1281387213432,96.8301232276548,47.6382113166298,0.364655188300119,0.754672866938167,0.873640886535563,63.430822440597,124.383711020105,91.6338265269478,94.8097442229093
"Canada","51","Information and cultural industries",1979,7571.29928318351,6044.76455177387,3298.28983377918,2746.47471799469,3349.4948344033,274.729706864277,22.1264649173314,21.2734691348049,16.0496609743357,34.3075178779279,40.6162175616639,46.5820735246209,9394.25938617716,81.1568255230833,47.4999570502943,104.009669401456,45.6687895689333,0.344545868398336,0.736496151460383,0.871928072076832,61.7780972552767,121.97433586664,91.0093371676596,94.7400561463157
"Canada","51","Information and cultural industries",1980,8665.0502869867,7851.54762552137,4215.01632518487,3636.5313003365,3868.70352407609,281.618627310136,24.7566411514954,22.2568224461618,16.6407153633569,36.2774680292649,41.7960852140904,47.7501314036794,11720.2511495975,87.2866656274729,51.846226227532,111.231696309662,46.6110182148039,0.348495697795601,0.759735459627855,0.875308276342666,62.6121630967494,122.469418578595,91.8652575126566,94.865989073459
"Canada","51","Information and cultural industries",1981,9880.11895182973,8005.00409061489,4497.91271320668,3507.09137740821,4443.65945453777,305.009472661002,26.1564126246073,23.9258170916972,18.2584720763202,38.036865740395,45.311300606563,51.7161898630048,12448.6635451527,85.5403339538176,50.5768361781777,109.322964914265,46.2636887115549,0.353051377618625,0.735492422027878,0.876153110401052,62.3054807886217,123.044135069699,90.9876318366889,94.8974331683861
"Canada","51","Information and cultural industries",1982,11009.4248211155,7784.17808342487,4492.68920251342,3291.48888091144,5011.86396407527,299.681402186956,26.1873883862118,24.8285348975805,19.1281460371292,38.9797542478038,45.136258023539,50.8127834807858,12796.0420475001,83.8012441960017,51.5370081942357,105.472950757009,48.8627727055518,0.376443578304704,0.767124955131488,0.88828548510055,64.4731141462157,125.888364197914,92.0259922692755,95.3871974432535
"Canada","51","Information and cultural industries",1983,11988.2069377319,7914.4442789082,4398.17042313602,3516.27385577219,5285.76138228122,291.606158985709,26.8152528337464,24.5380867743981,18.8645301121667,38.6295417003861,44.5629665085353,49.4435774461595,13200.2056611894,86.861085467528,54.2340466017983,109.280128806636,49.6284614541056,0.38153651265847,0.781285329574926,0.901289283872333,65.0814069063213,126.468515198298,92.4677226545115,95.937815396193
"Canada","51","Information and cultural industries",1984,13105.5186600542,8625.48306438823,4784.7970614115,3840.68600297673,5618.64891644182,297.952993427995,28.1834326160173,24.4059854405777,18.6986018210052,38.5867218577696,45.5307859133302,50.519721384191,14244.1319808301,90.8115939857476,55.7869913843917,115.47754416488,48.3098179718288,0.370124800942717,0.763795222945241,0.901247763563044,64.0338727267127,125.190213777968,91.9083406544429,95.9360588244868
"Canada","51","Information and cultural industries",1985,13932.2194533533,9242.64769263579,5142.56546956429,4100.08222307151,5863.95926970939,303.560537454337,29.2688749079281,24.8084740965776,19.128390008689,38.9120504928902,45.9765866503663,51.4705141874485,15106.6069623452,93.0194215898768,56.8653244872101,117.979343646798,48.1993904436792,0.371637826251862,0.756006640057604,0.89326068286254,63.9447393523746,125.363040811834,91.6538570465253,95.6024595717303
"Canada","51","Information and cultural industries",1986,14847.921932757,10081.5189447651,5589.66645693669,4491.85248782846,6220.89137198102,317.515975531828,30.8400614719238,25.5464012545394,19.7963721691115,39.8190083701138,48.4056769866994,53.8367426161605,16302.4103167462,94.3727879805045,57.2844120451416,120.721745363033,47.4516102073215,0.367711180266859,0.739625141402242,0.899119720741967,63.3326718554051,124.908927366227,91.1064141814459,95.8433233571577
"Canada","51","Information and cultural industries",1987,15879.0049782566,11428.0588802917,6380.15707322596,5047.90180706577,6729.58218642066,331.623255652834,33.042121782176,27.0650403567907,21.1330553411453,41.786256183257,50.2800532278507,56.2287167762529,18157.6410667124,96.1495690192006,58.7637841952862,122.084140081046,48.1338396259136,0.375840967974401,0.743147960312418,0.89420595223481,63.899236659681,125.860722646892,91.2263083023789,95.6459848020499
"Canada","51","Information and cultural industries",1988,16946.6150605246,12357.113639584,7084.10563705234,5273.00800253169,7335.04650845495,351.218117899434,36.2536791932085,29.4822791316495,23.3524298881791,44.6769747269872,54.2080564106384,59.551143478098,19692.160148039,97.2176835686754,60.8782251285267,122.967695378373,49.5074945831941,0.392140746999556,0.750228662585104,0.910277338848669,65.0392573236796,127.775023276079,91.4626862698138,96.2811214311943
"Canada","51","Information and cultural industries",1989,18486.1112778997,13227.5710552788,7555.45727776574,5672.11377751302,8083.92949943058,357.647481580407,39.1062787071336,32.6951287372268,26.0849904580002,49.0690455421896,55.0270015466059,60.6412807447299,21311.5005547093,97.7588630872302,64.487883875263,119.608884312503,53.915630302825,0.430152367127687,0.809169017203747,0.90741819550683,68.5953097986077,132.067428744478,93.3281137843286,96.1673308076214
"Canada","51","Information and cultural industries",1990,19562.967266756,14381.7915866412,7893.11433846755,6488.67724817368,8566.89361466776,363.559844000929,40.2867996831665,35.5471768376271,28.5216347964927,52.9665978048103,56.3415862467363,61.6437573393452,22948.685201309,94.745902953267,65.3542246968985,113.333331271817,57.6654934285429,0.462684885340177,0.859237011028259,0.913986893053569,71.5330704136279,135.473255338175,94.8786339591218,96.4287109521957
"Canada","51","Information and cultural industries",1991,20576.6634621607,14738.3129280044,7996.56062516086,6741.75230284357,9178.43800394855,361.475711914341,40.5061925114767,38.341648924364,31.6871886990459,55.135281164655,56.3029819881022,61.2903802138769,23916.750931953,90.9090146565871,66.0889887942082,105.645410794363,62.5573683677083,0.517001013674109,0.899574794156224,0.91862673704469,75.245988309919,140.670348746742,96.1154859694951,96.6137202578978
"Canada","51","Information and cultural industries",1992,21462.8997728415,14538.2364426389,7924.08450257247,6614.1519400664,9599.19608458473,353.645672544701,40.3368973051123,40.8473072978331,34.7961719830182,56.6519783565952,55.3431754849877,59.9627499631102,24137.4325272236,87.6910352950714,67.2699256287078,98.7504439668465,68.1211374110808,0.58029646746397,0.944786194619961,0.922959262526076,79.2553360367687,146.15749492535,97.4344888633339,96.7915040386981
"Canada","51","Information and cultural industries",1993,21840.3230711732,13882.1718553278,7946.67854241945,5935.49331290832,9920.29095548492,361.855531116894,41.2785651088944,41.8488509979432,35.9153572676658,57.4962433932732,56.456112165672,61.354780843213,23802.4628108127,87.744525084828,67.2784818747513,98.6372722895623,68.2079707934813,0.585371779901626,0.937111054804353,0.920158321646375,79.3152054568063,146.579477080439,97.2267281132842,96.6717770208349
"Canada","51","Information and cultural industries",1994,22691.3431189968,14971.4318154764,8939.34029031617,6032.09152516025,10079.454155966,369.824734558538,43.0138334137494,42.9627730703968,37.3140855438911,58.0435467058105,57.8051268359551,62.706007199068,25050.8859714424,89.1594133945319,68.5960330358728,100.118847876204,68.5146048830795,0.595063969316893,0.9256457124043,0.921843526927899,79.5255410882187,147.413135760261,96.9338389165143,96.7442507823282
"Canada","51","Information and cultural industries",1995,23333.7218276613,15353.8313523184,9273.85973347178,6079.97161884666,10417.5468134341,383.741947741967,44.3538313218463,44.7050260708051,39.9780313822468,57.8038696647371,60.3867913480673,65.0657543671768,25771.3781657526,88.2136697685394,68.1677047368886,99.214417751591,68.7074583328847,0.614425080767438,0.888391600572866,0.928088699430037,79.6590360443519,149.114243901299,95.9893494999297,97.0080411228776
"Canada","51","Information and cultural industries",1996,24329.0019552536,15593.5436382233,9288.99588682677,6304.54775139651,10691.5227998519,391.460001071983,45.1086261816543,47.7707613132988,43.7075437326366,59.6835934426187,61.3103331222975,66.3743967116442,26285.0664380752,85.7168401646537,67.9608831363447,94.4272708693395,71.9716693182664,0.658500052701329,0.899196021350026,0.923704563201578,81.887757061313,152.844141559622,96.2657802179988,96.8219633586696
"Canada","51","Information and cultural industries",1997,25264.4087388253,16408.1854820411,9806.16873585974,6602.0167461814,9892.92459996872,400.474987959802,48.4634389231478,51.9135665209148,49.2886404214371,61.402753466882,63.4003536624749,67.9029419382415,26301.1100820099,86.4056107633366,71.3716335990653,93.3540925253575,76.4526028461782,0.72586899793334,0.904272358666411,0.933690821822392,84.9535928714132,158.34690874422,96.398881160109,97.2303708127699
"Canada","51","Information and cultural industries",1998,27252.8684528565,18661.7279885127,11226.1592660863,7435.56872242646,11225.7063999679,433.58670895979,52.0969568240575,55.820841725984,54.1676743585766,63.8968160080742,68.7566897490082,73.517233307577,29887.4343884806,86.1055051038722,70.8635982070998,93.3288628641496,75.9289206279622,0.736802405661175,0.869140650883126,0.935245882572158,84.5899352734189,159.23530927532,95.4490027130971,97.2912065225715
"Canada","51","Information and cultural industries",1999,29188.4051684089,19788.3797991015,12073.862995264,7714.51680383751,12546.7320999672,478.938547959774,58.7467750624378,58.8503851524899,56.8823926416553,67.7715241304382,76.3605334162229,81.2069102736639,32335.1118990687,90.2859841785395,72.3420887021358,99.823943225208,72.4696764772439,0.70046246618624,0.83455365931361,0.940320634769764,82.1863704164759,156.247439176506,94.509148748823,97.4924324200236
"Canada","51","Information and cultural industries",2000,30894.2080486097,21200.1509703401,13132.9516620507,8067.19930828939,13989.159399969,496.38262195977,63.5849843273642,62.5546812385915,62.1303449670719,68.9864975452415,79.0465102857199,84.1646578973607,35189.3103703091,92.8957993530414,75.5483191114571,101.647043943591,74.3241674134496,0.73819993473793,0.819661117489136,0.939188874053496,83.4570941350905,159.338294877006,94.1119226391914,97.4463262795256
"Canada","51","Information and cultural industries",2001,33035.8694015804,23502.9760484612,14741.9555848979,8761.02046356333,14607.6249999709,498.343597959769,68.632090754097,70.3032701588792,73.8524279625222,70.6584817662493,78.7170435922758,84.4971531679107,38110.6010484322,93.5322822015368,81.224145643952,97.6228994739428,83.2019393827082,0.874022676429873,0.836223223116624,0.93159403176402,89.3994521076294,169.900137455671,94.5451173673606,97.1379118687263
"Canada","51","Information and cultural industries",2002,35243.670337018,26590.539482769,16859.7714230976,9730.7680596714,15097.5040999703,503.291905959769,72.2870491288512,74.8422437937418,79.5104870572503,73.7856464512795,80.1389589216879,85.3361685394532,41688.0435827394,94.0920715038691,84.7085712495177,96.5858924915019,87.7028405126254,0.931732563320915,0.864646816398447,0.939097223290937,92.4032065586685,174.252747907398,95.2800283615275,97.4287845131154
"Canada","51","Information and cultural industries",2003,37211.1882181831,27749.3708720513,18099.0948199253,9650.27605212594,15163.5578999699,496.607171959775,73.5892704728477,75.1868132986686,79.5061855821477,74.7512369028432,79.9978623256495,84.2027316998977,42912.9287720212,95.5651676307062,87.3953480928899,97.8752353561324,89.2926058107446,0.944223352105859,0.887753109593403,0.950062553917674,93.4754857729099,175.213980433201,95.8575736059862,97.8342589517361
"Canada","51","Information and cultural industries",2004,40944.4474543007,28944.7959989452,18461.8392649003,10482.956734045,16092.3220999691,523.970907959769,78.5209442864067,80.1160194785233,85.1860931077035,78.8572444065217,83.4752996057338,88.8424176545358,45037.1180989144,96.410829188376,88.3822686948208,98.009043381712,90.1776669226347,0.9588448328697,0.887608042288521,0.939588338650665,94.0717351168178,176.337196140869,95.8539891111809,97.4496251220657
"Canada","51","Information and cultural industries",2005,43187.1734856438,30232.3879209859,18164.773891504,12067.6140294819,16736.1399999687,509.798667959778,81.4314285697366,84.1485036129607,90.1871720793773,81.7671810677427,82.8106519629308,86.4394291564106,46968.5279209546,97.1525103478471,94.2063469928612,96.7710952345377,97.3496752977111,1.04335686803513,0.94594772160962,0.958019422052018,98.8178921628354,182.371362329143,97.3596909324919,98.1274585036413
"Canada","51","Information and cultural industries",2006,45264.1268006718,31804.3326585242,18440.72054072,13363.6121178042,17475.7885999701,504.984696959782,84.3569321541564,87.8672055304239,96.7447897838614,82.1252594071753,80.5192281392529,85.6231914308777,49280.1212584942,98.8576551900268,98.5211258123407,96.0050244512987,102.62080175014,1.1298900235687,0.959147376251138,0.940390410514595,102.234106837636,187.98459179461,97.7165923009132,97.4817357496837
"Canada","51","Information and cultural industries",2007,46482.328,30253.8063009999,16739.7941751493,13514.0121258506,18710.3540999694,526.880873959776,84.8151190873873,85.5643784625223,94.8501816694432,79.2695640266826,85.4563363120373,89.3358198850905,48964.1604009693,98.8843164599059,94.9396548847729,99.1243325919055,95.7783547210745,1.06172621230147,0.887321167798585,0.956574153815981,97.8739629587229,183.842833288488,95.6576773780957,98.0963976842872
"Canada","51","Information and cultural industries",2008,47399.888,27983.1070331135,14551.3855456408,13431.7214874727,19044.2197999704,532.528840959776,85.3746438673774,84.7999253170267,96.3638577950188,76.3309653647795,85.2596239819568,90.2934666465621,47027.3268330839,100.170677707784,94.5524045516621,100.677734736442,93.9159038482387,1.06722957234789,0.845365320434131,0.944250200467888,96.7152950098232,184.152616146048,94.3653743044707,97.5970756595353
"Canada","51","Information and cultural industries",2009,47096.59,25967.387891889,13122.9341349753,12844.4537569137,18829.7691999674,523.830111959769,84.4067314037688,81.510746792255,92.7670356447837,73.2521399412688,84.6501857736326,88.8185448462443,44797.1570918564,101.663594484388,95.0327789651217,103.552886859072,91.7722159638621,1.04445570241412,0.824739248634135,0.95306882048307,95.41249074869,182.960132726385,93.7006713196801,97.972171723622
"Canada","51","Information and cultural industries",2010,48894.011,27836.425070863,13759.8664942848,14076.5585765782,19253.6355999689,528.799134959774,86.2465345101359,80.7608051696617,88.6461892940635,75.2527864841854,85.6681455427249,89.6610725705799,47090.0606708318,103.926805179434,96.1917273990269,106.792563953455,90.0734319301032,0.988680892973732,0.839302769046706,0.955466436956664,94.374575213904,180.04594075519,94.1821864053656,98.0742819522291
"Canada","51","Information and cultural industries",2011,50607.127,26910.6298296871,12491.0053904346,14419.6244392526,20284.4866999701,535.793832959775,87.275512531448,78.5806934608275,83.4026128179312,75.5213017702246,88.4333364195842,90.8470656698974,47195.1165296572,105.437234630182,96.0686092477362,111.064828633709,86.4977783061909,0.918055109462573,0.831301497889205,0.973430850710316,92.1807170890636,176.368584827795,93.9099181749528,98.8433405300989
"Canada","51","Information and cultural industries",2012,52096.439,25865.4917390648,10982.8418819131,14882.6498571517,21255.2900999681,546.357972959775,88.1609301982351,75.7140578031058,77.2602563665411,75.0916757461553,90.9448909787055,92.63827912046,47120.7818390329,107.411777896556,95.1668479113231,116.439314912295,81.7308552382033,0.833999261429258,0.810590141128503,0.981720427475207,89.3026495942329,172.203693164129,93.1766722910491,99.2131949293246
"Canada","51","Information and cultural industries",2013,52489.906,26590.3110914736,11080.9083628473,15509.4027286263,21186.887399969,526.685707959786,87.8853386438042,77.1502935102684,81.1699963972954,74.8407873187491,88.1566075125495,89.302728316418,47777.1984914426,107.455799454963,98.4128260140141,113.914457930231,86.3918661442335,0.908930756400782,0.838057120198755,0.987165892627517,92.0826764458445,175.683102164193,94.1763078801747,99.4589590821082
"Canada","51","Information and cultural industries",2014,53958.667,27723.6788083028,10442.4457704079,17281.2330378949,21833.4764999699,517.734724959789,90.6513883064401,82.8627403876802,83.22825572822,82.8707864531461,87.1171540268065,87.7850353338042,49557.1553082727,107.066849995537,103.265195442181,109.399457322217,94.3927858234529,0.94809161278734,0.944019514693233,0.992391854665683,96.7478853807416,177.330933809906,98.027918475937,99.69134706779
"Canada","51","Information and cultural industries",2015,54158.955,29242.8059802006,10930.9894437354,18311.8165364651,23234.3178999691,536.769584959783,92.7815521555746,88.1708265901708,87.5784910633426,88.7716430218294,90.4496823927067,91.0125102879002,52477.1238801697,104.108379366251,101.943734836099,105.229309674996,96.8776999022,0.96226871213974,0.975378469850109,0.993815928234338,98.1617608130033,177.883227213206,99.1517664495849,99.7545041923244
"Canada","51","Information and cultural industries",2016,56538.762,32998.1554254227,13227.8852447051,19770.2701807176,24536.1959999686,571.882599959769,96.4369628922839,93.6786112403583,91.0601366942454,95.6192788935318,95.6880221569059,96.9661330870848,57534.3514253913,102.038152449408,99.4542731797652,102.944483927978,96.6096184904332,0.939092173681555,0.986110055638257,0.986818996597183,98.0080878588736,176.935537323046,99.5281860351597,99.4486621846213
"Canada","51","Information and cultural industries",2017,59170.383,37318.1379467937,16391.4698213842,20926.6681254095,25599.83839997,589.775606959766,100,100,100,100,100,100,62917.9763467637,100,100,100,100,1,1,1,100,179.683202078671,100,100
"Canada","51","Information and cultural industries",2018,61300.194,40030.9508450966,18223.4715223288,21807.4793227678,27741.6415999701,612.135941959763,104.544582522996,106.833599349423,110.068766876271,104.285393437535,102.524979873819,103.791329233717,67772.5924450667,99.5152978621447,100.725738166031,97.857399881343,102.931140913376,1.06048133007738,1.00476016838272,0.987799083321827,101.724690337303,182.498076654549,100.155498414382,99.500264463257
"Canada","51","Information and cultural industries",2019,65644.985,40566.1136110078,18425.9654316277,22140.1481793801,29935.4489999704,639.383428959757,111.619546540359,112.150703360665,117.826432704386,107.706764269145,109.007970422236,108.411304471494,70501.5626109782,100.676181984932,102.959324292337,99.5263901122424,103.449270265126,1.08684636974705,0.993501229361794,1.00550372448381,102.022921718603,183.690149782028,99.7973396348699,100.240030452847
"Canada","51","Information and cultural industries",2020,64571.776,34742.9831474126,17091.0502215507,17651.9329258619,30814.8252999694,591.403274959738,110.463374989439,115.82668873056,119.041634968118,113.449840584619,103.944589820671,100.275980895236,65557.808447382,99.9778365817911,110.159356211979,95.369535467256,115.507908969318,1.18714006988859,1.13137602416621,1.03658512130903,108.433198702977,187.971536529905,103.652345929286,101.614429917378
"Canada","51","Information and cultural industries",2021,70474.632,37209.2974814644,18243.2930903644,18966.0043911,35632.8383999675,670.968455959733,117.828734498284,122.803364982838,127.949889609959,118.70630633724,117.888953278892,113.766735694361,72842.1358814319,97.3861128041041,103.570462648094,95.9491089798318,107.943120836968,1.1246687252564,1.04341840884096,1.03623394447745,104.677677335317,185.39236679515,101.454499346539,101.597917808895
"Canada","51","Information and cultural industries",2022,80012.7738822393,44749.5293296107,19110.0863032498,25639.4430263608,37163.0939999685,684.561578959742,122.864164439616,124.393818211378,127.998908579889,121.530290255296,118.97166162958,116.071531423381,81912.6233295792,100.425812746962,105.852109412995,98.7703136749425,107.169963802442,1.10275885060051,1.04702926518652,1.02498571502102,104.280705141834,184.512273736816,101.555030586273,101.07650176542
"Canada","51","Information and cultural industries",2023,82534.5758140515,44808.2832194239,18686.3726786265,26121.9105407975,39685.9455999682,683.023942959751,124.462195962448,123.606689515608,121.825621210541,124.619745313847,119.606095658116,115.810815995031,84494.2288193922,101.82987315297,107.470269415759,100.692119860335,106.731559097997,1.05193647211473,1.07606309689756,1.03277137485369,104.050852652125,182.544664180041,102.422829506372,101.430248947876
"Canada","52-53, 55","Finance and insurance",1963,3815.59802585535,2557.8387348162,56.6630458456903,2501.17568897051,1330.13396471149,650.910453529612,12.7539311795263,6.77920655585492,0.363790326401449,9.89049473688131,20.5460739396462,27.3977020770904,3887.97269952769,119.203298097379,46.5510981309304,188.133096025984,24.7437049164922,0.0132781327929558,0.360997236521949,0.749919605733158,44.0814738188781,100,57.1201365905315,88.5901735587121
"Canada","52-53, 55","Finance and insurance",1964,4300.06438135958,2732.46894938658,42.8388579670163,2689.63009141957,1470.04340452034,691.183644110087,13.6748665317081,7.29264477578116,0.371604945646354,10.6502218571666,21.9627707825827,29.092855183381,4202.51235390692,119.072581019474,47.0042092655096,187.515873214094,25.0667895255155,0.0127730655277392,0.36607688692069,0.754919743838985,44.4570836372299,99.9519874348527,57.6345751735778,88.7940804005008
"Canada","52-53, 55","Finance and insurance",1965,4686.63507267801,2982.75056049378,44.5119654503048,2938.23859504347,1663.38620559968,707.415992062219,14.1412159316322,7.90373435090888,0.347069133957312,11.5694657679599,22.6242760249202,29.7760966811824,4646.13676609345,115.673868191347,47.4918391186211,178.918158224866,26.5438900052464,0.0116559647717912,0.388548770909637,0.759813358586319,46.1324584825412,99.8615850643629,59.8609732991026,88.9973611292342
"Canada","52-53, 55","Finance and insurance",1966,5322.51265982448,3226.43031803708,73.604318198056,3152.82599983903,1811.26547502306,726.961803083717,15.1202917525467,8.56782528795462,0.33853162179616,12.5678207078627,23.3760056888289,30.5988063247567,5037.69579306014,116.077570226171,49.4146457612409,176.477591971957,28.000521317796,0.0110635564735172,0.410729117158222,0.76395155551921,47.7401662445792,99.7985999184517,61.9886196676524,89.1709617322762
"Canada","52-53, 55","Finance and insurance",1967,5769.05651474359,3976.90031594545,117.685763298851,3859.21455264659,1944.64348879359,772.539159375832,15.6716346997901,9.23158149238814,0.481237990865328,13.4415276604867,24.935950070763,32.5172189456964,5921.54380473903,112.045178246797,48.1948801524561,169.761104451194,28.3898248119091,0.0147994818274279,0.413366459257602,0.766853712563978,48.1745716598803,100.300491484021,62.2425856746233,89.2873371324042
"Canada","52-53, 55","Finance and insurance",1968,6557.84684242733,4265.46250726841,64.5106882073625,4200.95181906105,2186.56235634364,813.688934829939,16.8336362172713,9.78972453925602,0.460594228175227,14.2874741154871,26.3345016242826,34.2492686958845,6452.02486361205,113.647897224989,49.1503522797672,171.952092725078,28.5837476595008,0.0134482938092799,0.417161436127362,0.768906976032661,48.3935967392704,100.157163841605,62.6142293731883,89.3670308624246
"Canada","52-53, 55","Finance and insurance",1969,7143.98564478021,5248.68222547573,79.595840711306,5169.08638476442,2493.55947639905,858.094214368332,17.6380746349494,10.5212614318232,0.443646388622873,15.3810917242821,27.8233656705526,36.1183470197088,7742.24170187478,111.426145233048,48.8341136578724,167.642204779745,29.1299638548853,0.0122831310187254,0.425852592752626,0.770338843451782,49.0108059752495,100.065170994825,63.4713668441964,89.4219958254813
"Canada","52-53, 55","Finance and insurance",1970,8022.71438145115,5315.12715948096,125.428429639388,5189.69872984157,2642.54815404726,882.907214894323,19.0183433506635,11.14013331405,0.440703277529617,16.3067889449023,28.6666798131986,37.1627597993214,7957.67531352823,114.488916667659,51.1758100134716,170.719171975057,29.9766039287894,0.0118587338483313,0.43879380952757,0.771381887889877,49.9648650875396,100.019365732077,64.7377207140628,89.4615792406119
"Canada","52-53, 55","Finance and insurance",1971,8734.43351995707,6243.38194540766,136.528282766031,6106.85366264163,2911.72272494559,901.655965680161,19.2289476988904,11.8180365276152,0.398330620184495,17.3638155098951,29.5116830169651,37.9519200986568,9155.10467035326,110.186803085978,50.6666003957225,162.708480837389,31.1394957011238,0.0104956644920475,0.457521397198284,0.777607112900977,51.2649937103836,99.8322317858462,66.5472029980615,89.6956278001563
"Canada","52-53, 55","Finance and insurance",1972,9706.23307676281,6094.32669251595,181.774005094029,5912.55268742192,3468.15559454964,966.169625277819,20.1982756691958,12.8948715058794,0.452495020807231,18.9259168421902,31.8560353186444,40.667387358362,9562.48228706559,106.46515961346,49.6670107946894,156.63805304292,31.7081384949801,0.0111267295540732,0.46538315027259,0.783331248647185,51.8806135927077,99.9311461910625,67.2798663161358,89.919815975034
"Canada","52-53, 55","Finance and insurance",1973,10872.3432306875,5538.35046326475,203.98290787368,5334.36755539107,4227.78797891798,1035.39839242395,20.956250916936,14.3342690646795,0.49868075779217,21.0451730638669,34.3198912803445,43.5813198772653,9766.13844218272,100.614364826626,48.0853975417759,146.196857491488,32.890855772721,0.0114425345353598,0.482894348384463,0.787490864824586,53.0374772360327,99.9869520205338,68.742513449164,90.1094549287128
"Canada","52-53, 55","Finance and insurance",1974,12336.2575921962,6391.11145884684,247.959350258903,6143.15210858794,5122.38192458725,1094.49152635683,21.9153125716484,15.8383914085294,0.536075998074646,23.2785781825707,36.4585293321942,46.0686298743859,11513.4933834341,96.8848800649304,47.5710101025455,138.368297678554,34.3799923108534,0.0116364649770646,0.505302159974016,0.791395998352994,54.3717233971008,100.022602308001,70.446696959571,90.3053059424938
"Canada","52-53, 55","Finance and insurance",1975,14708.3309952512,7716.40303633064,313.266028100552,7403.13700823008,5928.66093255696,1134.7895992026,22.9259583105607,17.2099569507541,0.525646766945034,25.4022923751854,37.9328231365622,47.764830308904,13645.0639688876,95.0728673921631,47.9975709372237,133.213339092962,36.0306041902674,0.0110048913299928,0.531820006705855,0.794158021524281,55.8192636645133,99.8985027561334,72.4123675289757,90.4437505502981
"Canada","52-53, 55","Finance and insurance",1976,17076.4904280815,12446.7818836575,630.337343607776,11816.4445400497,6754.22122620163,1131.48303872897,23.8550467506539,18.8112396249772,0.987791726898497,27.0346521207202,37.8821713469043,47.6256527027291,19201.0031098591,93.7754997162194,50.0886505420784,126.812731251265,39.4981245556752,0.0207407493827774,0.567648957788898,0.795415268812338,59.0202851491125,101.680175568075,75.1980607782809,90.5000128393685
"Canada","52-53, 55","Finance and insurance",1977,19766.9731018035,12574.913325653,420.072597852406,12154.8407278006,7853.58068240845,1244.54397630382,26.2031710294505,19.9272720179819,1.18710130808126,28.4965989033394,41.8727243817511,52.3845406072563,20428.4940080614,95.727158570033,50.0208090510979,131.49401988293,38.04036799212,0.0226612907991566,0.543988714475661,0.79933361820779,57.6343385734754,101.92084365796,73.2852376862704,90.6638652503798
"Canada","52-53, 55","Finance and insurance",1978,22156.3332749623,13757.2517286939,591.703474689817,13165.548254004,8848.0958542301,1277.63615970496,28.0130242075446,21.2549684949415,1.46190986695498,30.2232225347369,43.1554944827097,53.7774354009846,22605.347582924,97.2325877947798,52.0906659060051,131.795181038313,39.5239533764608,0.0271844474555997,0.562005649941862,0.80248331220941,58.9999003526861,102.355224878272,74.7045567470888,90.802286934
"Canada","52-53, 55","Finance and insurance",1979,23923.1222760196,14500.3898993813,870.285842123372,13630.1040572579,10347.473567234,1359.93159574069,29.261779527292,22.9756658563531,1.83512026826308,32.4080743724246,46.0827377156171,57.2413617008082,24847.8634666153,94.4252077323926,51.1199920089932,127.359875923686,40.1382237837795,0.032059339850351,0.566165328872094,0.805060123420622,59.5447745314347,102.873145066754,75.016721233684,90.9199468559231
"Canada","52-53, 55","Finance and insurance",1980,27349.6087554877,12427.448605555,988.142244435606,11439.3063611194,12045.7347325252,1444.03532437923,30.462370513628,24.6093325579748,2.14546028620632,34.4863702641311,49.1323484709018,60.7814014840319,24473.1833380802,91.9663483608609,50.1179139833273,123.783814298354,40.4882611409347,0.0352979732915497,0.5673835979776,0.808345106747983,59.827576581086,103.247066074872,75.0986764898117,91.0883074711066
"Canada","52-53, 55","Finance and insurance",1981,32478.579233815,17527.984083482,1146.51894918954,16381.4651342925,13792.0328934812,1533.65568638484,33.5971570250356,26.2265268224049,2.36303663515688,36.658044873529,52.5420458682373,64.5536438331234,31320.0169769632,95.0228615616096,52.0453301007874,128.103722054169,40.6274925242062,0.0366057823360913,0.567869491121108,0.813928428332612,59.9372939147855,103.391749238568,75.1305190594883,91.3811315127901
"Canada","52-53, 55","Finance and insurance",1982,34566.3167006003,19564.3019718362,1424.75415135156,18139.5478204846,14770.8460821313,1505.590791199,33.2223058571192,26.6012452216025,2.47698637437106,37.0919950776288,52.378535826607,63.372354405435,34335.1480539674,93.339439401833,52.4239728329708,124.890040223154,41.976103730369,0.0390862292810542,0.585302462337547,0.826520275568535,61.0528706464428,103.656806707953,76.3342446777152,91.9938199453012
"Canada","52-53, 55","Finance and insurance",1983,39204.1451889772,25705.3103311018,1628.43358887582,24076.876742226,15475.5745111747,1523.53032870108,34.5305434989903,27.6940228351487,2.81373448760659,38.3700822723726,53.4625898437735,64.1274538222867,41180.8848422765,93.9324070274649,53.846740266163,124.685906791284,43.1859074147803,0.0438772213754838,0.598340959843904,0.833692695673398,62.0973516333426,104.143585231236,77.2759003037809,92.3147052985084
"Canada","52-53, 55","Finance and insurance",1984,39430.7928819273,25155.8055531396,2031.22515041147,23124.5804027281,16830.6527254431,1554.29554501434,34.0692016138544,29.3947541956286,3.37986268104619,40.339625954904,54.9031705613367,65.4224034214476,41986.4582785826,88.4417651190387,52.075741385382,115.9023184447,44.9307158684911,0.0516621601207967,0.616602629148891,0.839210540885412,63.6201430069698,104.89404014459,78.6061427593664,92.5514908593892
"Canada","52-53, 55","Finance and insurance",1985,43697.3412668988,26480.3492625385,2680.23001150185,23800.1192510366,18620.1892715166,1539.65897333572,36.7621275439395,32.1785784996098,4.35497880792508,43.4494286124383,54.5218774824545,64.8063303070794,45100.5385340551,90.702410724773,56.7261367365583,114.244100448332,49.6534495120065,0.0671998983322984,0.670450377402281,0.841304811182907,67.5057173563642,106.391350786046,82.2363547144192,92.6453914625859
"Canada","52-53, 55","Finance and insurance",1986,49974.031878974,27280.7384689521,3188.97986500358,24091.7586039485,20113.9441287687,1608.33857804828,38.9047477511598,35.4323787027349,5.30354351942945,47.258310543232,57.3816091867411,67.6971478357943,47394.6825977208,88.8393991542464,57.4688136722197,109.799988529014,52.3395443315861,0.0783422003581847,0.698084218523673,0.847622256197934,69.6053612282558,107.430501348911,83.9750914080594,92.9359896125298
"Canada","52-53, 55","Finance and insurance",1987,55689.6947105505,31196.1988029155,4540.13395154278,26656.0648513727,23196.7504515388,1643.20067971998,41.0757589344845,41.1249578750726,7.92122774792851,52.7980654618326,58.8315343205803,69.1645408853344,54392.9492544543,85.1923007191082,59.3884646795858,99.8803671951775,59.459597864247,0.114527294572241,0.763368986275276,0.850602542394017,74.8978464746554,110.549894073484,87.8076817232579,93.074866130886
"Canada","52-53, 55","Finance and insurance",1988,60652.8035213847,29871.1293190266,4378.38581769775,25492.7435013289,25749.5055566552,1745.85162759529,40.4261628580455,45.6630261106954,8.80403311005732,58.6143735641023,62.735494115426,73.4852582321957,55620.6348756819,76.8821228400147,55.0126159049595,88.531501964073,62.1390292545632,0.119806792843249,0.797634450421266,0.853715365838369,76.7536462741615,110.954657527514,89.6551393310559,93.2261853139506
"Canada","52-53, 55","Finance and insurance",1989,64362.3888213267,38542.2936696304,4709.18578496982,33833.1078846605,27795.8516092284,1764.26578408887,40.9409655570189,49.7279402424207,10.5943939857526,62.8549534142806,63.7140795099381,74.2603350048553,66338.1452788587,73.7314448652348,55.1316736644699,82.3299041895445,66.964335993326,0.14266558297993,0.846413545133765,0.857982656633212,80.0305174542462,112.414474511832,92.2691444781578,93.4313894256433
"Canada","52-53, 55","Finance and insurance",1990,67502.0851233806,39712.3689009275,4742.23445877128,34970.1344421562,29171.6991277193,1821.95175684123,41.7718632433269,51.8875853500162,11.8855321970512,64.9342173035648,66.2118348591104,76.6884156831209,68884.0680286467,72.2201000151311,54.4695869268309,80.5045425828702,67.660265097166,0.154984714329771,0.846727849638662,0.863387700336644,80.5108299979659,113.06731428015,92.2865771754405,93.6788805613454
"Canada","52-53, 55","Finance and insurance",1991,71477.4978567575,45895.6418662936,4490.36579706239,41405.2760692312,31323.4982615273,1832.00141478521,42.7216048007089,52.218068571538,12.264739060141,65.1479436785243,67.2086257017709,77.1114193894415,77219.1401278209,73.133653321138,55.4024360321379,81.8138356499741,67.7176856359202,0.159052176153049,0.844854681632858,0.871578116884897,80.5508234317133,113.253457337873,92.179962190811,94.0462770067971
"Canada","52-53, 55","Finance and insurance",1992,73164.2875658245,40071.5797500901,4110.55531208877,35961.0244380013,32186.7725607872,1821.69226708842,43.4989291165027,51.9362700365215,12.9104585997699,64.3888960968083,67.3864537654744,76.6774934081734,72258.3523108772,74.6122149147396,56.729722351443,83.7544342054491,67.7333957176349,0.168373508651937,0.839736580251133,0.878829637880304,80.5615579613461,113.625066524242,91.8908679229219,94.3784562218292
"Canada","52-53, 55","Finance and insurance",1993,76542.9066085728,41660.1350002755,4189.63779903441,37470.4972012411,33381.7847109694,1805.48613097527,44.6035416648428,52.3599374741921,14.2709068312242,64.2406148796718,67.6601758298557,75.9953552021557,75041.9197112449,76.0255005120305,58.6924576458557,85.1863921472932,68.8988653779026,0.187786566603472,0.845322910969822,0.890319884022813,81.3277822192062,114.326007096541,92.1950955387095,94.9257588936953
"Canada","52-53, 55","Finance and insurance",1994,80595.5407372109,44177.4369732029,4603.86339705326,39573.5735761496,34131.292330177,1842.09553576588,48.7060127253887,53.3235760147757,15.7383460887227,64.8307391209691,69.4161767699248,77.5362946051623,78308.7293033799,81.2531095709779,62.8170497099637,91.3404845764518,68.7724068919144,0.202980374144355,0.836134089862127,0.895273331327122,81.2442088336344,114.836922227341,91.6902917568282,95.1579617392532
"Canada","52-53, 55","Finance and insurance",1995,83376.1526549298,50374.3886732623,5430.93550183408,44943.4531714282,34756.2738178707,1866.43489712123,50.2360495104965,54.7291796781301,18.7917554706424,65.3517364309911,70.3624451107209,78.5607712709534,85130.6624911331,82.0843877606481,63.9454637445375,91.7902475533923,69.6647688060127,0.239200241629888,0.831862205191383,0.89564351230773,81.8518069621907,115.998458022982,91.4479681572315,95.1745663464957
"Canada","52-53, 55","Finance and insurance",1996,88620.5313326644,51967.7510007192,5633.52641968086,46334.2245810384,37604.8528184799,1951.04473231809,51.5725247388476,56.405971674989,21.3335846067622,66.5664311675374,73.2825216941196,82.1221137642952,89572.6038191992,81.4089273223798,62.7998018741574,91.4309659197226,68.6854844444019,0.259778805353127,0.810578638521101,0.89236039277378,81.1756357084573,116.606459939515,90.2176393791044,95.0299592132024
"Canada","52-53, 55","Finance and insurance",1997,97039.9735054678,54218.2961648279,6500.80379594005,47717.4923688878,43643.8731999246,1926.77287791905,54.6298986170355,59.4901618701947,27.4288538373793,68.4173007256293,72.9726284622359,81.100478557674,97862.1693647525,83.824184877134,67.3607598729345,91.8301394711885,73.3536508392964,0.3382082858842,0.843611553746564,0.899780491558283,84.2597694254902,118.612778019391,92.0465405112828,95.3712274907979
"Canada","52-53, 55","Finance and insurance",1998,101327.766113924,55182.2868815322,7220.53069966646,47961.7561818658,45175.6909999268,1899.46171991908,56.5033153672843,63.1167230576899,31.5387021985352,71.7554200170556,72.6528770033028,79.9509149484158,100357.977881459,84.0781047687031,70.6725062542938,89.5219406679893,78.9443411603391,0.394475813302248,0.897493419097856,0.90871851873338,87.745888518306,119.88248403826,94.8392461890127,95.7945503806308
"Canada","52-53, 55","Finance and insurance",1999,107049.904594086,60022.0337801803,8657.58422958077,51364.4495505995,47272.7908999271,1934.34483191909,59.6515370966601,68.5948532561798,40.5639894036841,75.9056173003252,74.780585224299,81.4191923511146,107294.824680107,83.6756520166551,73.264712378154,86.9621178047873,84.2489974112852,0.498211640675023,0.932281629286957,0.918463854343002,90.9686384277387,122.037683041227,96.5801483375641,96.2507338457697
"Canada","52-53, 55","Finance and insurance",2000,114432.247875631,64260.407577414,9142.74311342291,55117.6644639911,53141.844199929,2032.37699991906,62.5765642128691,73.162655820208,47.6851647976383,79.6390120767275,79.494441061716,85.5454990009314,117402.251777343,82.4211858875226,73.1500370489251,85.530744491625,85.5248454619587,0.55742459106024,0.930955024014301,0.929265034281353,91.7284233745597,123.129110126682,96.5149682686515,96.7546313551988
"Canada","52-53, 55","Finance and insurance",2001,122346.990934271,66927.5304972335,8223.37975985689,58704.1507373766,55046.7758999286,2036.03774391905,66.0519775280567,74.4346798911217,46.503210764921,81.5484467850151,80.1688695894113,85.6995846711623,121974.306397162,85.8523573441441,77.0738595542845,88.7381763778299,86.8553566236464,0.542630526663092,0.951561750245634,0.935463921990137,92.5077403354556,122.888737866818,97.5247210181474,97.0458146435162
"Canada","52-53, 55","Finance and insurance",2002,126991.062924359,71758.929186117,8444.66244812791,63314.2667379891,55997.1000999274,2021.87743091907,68.0727321691962,75.2112264240426,49.7857772740775,81.7466886960335,79.7647272629134,85.1035579292531,127756.029286044,88.1684936112151,79.988115450808,90.508738396846,88.376124634608,0.585002301730612,0.960555477175112,0.937266657279147,93.4035367217437,123.507122374168,97.9738572643777,97.1289564907844
"Canada","52-53, 55","Finance and insurance",2003,133388.221521422,73222.0365900148,9115.98086179101,64106.0557282238,57606.9111999277,2058.27051991907,69.1905453897656,77.2489399470944,55.7914868995837,82.957726503884,81.2598223178326,86.6353923078226,130828.947789943,87.5657880380245,79.8640642659365,89.5682781370881,89.1655683541232,0.643980311202978,0.957550076175894,0.937951801835327,93.8704294771168,124.315134705776,97.8226753421934,97.160142324847
"Canada","52-53, 55","Finance and insurance",2004,142973.953898569,80840.793623754,10301.7794583715,70539.0141653825,62044.0020999258,2145.63976491906,71.9693526466929,81.1345249369797,67.6862639938618,85.3307563851994,84.9734611333774,90.3128820949813,142884.79572368,86.8871311605115,79.6889114567325,88.7037333398996,89.8371561785076,0.749464112137144,0.944834827610282,0.940878633947387,94.2676382878116,125.65912156575,97.1816165502279,97.2926000839933
"Canada","52-53, 55","Finance and insurance",2005,149885.825163448,85338.9499609131,12472.0239192329,72866.9260416803,66135.9120999278,2224.77481691903,74.2547766078635,86.8093155231067,88.9458518881674,88.3641780823194,88.2528897728395,93.643783552768,151474.862060841,84.8779842385961,79.2949342611954,85.5377975974232,92.7016318965689,0.9498318896742,0.943620331535692,0.942431909781917,95.9530211157016,127.979209307643,97.1207160902382,97.362503667683
"Canada","52-53, 55","Finance and insurance",2006,161364.083163145,86745.6802371622,14614.9522321317,72130.7280050305,71114.7605999297,2290.90405291901,77.8734981469794,94.1819776050557,115.199552911452,92.749992004613,91.902175284667,96.4272526101298,157860.440837092,83.5518651737505,80.7588062908252,82.6840762184199,97.6715348158346,1.19467836937366,0.961864924012877,0.953072630371847,98.7823243402163,130.572207719529,97.9969045504436,97.8485739816239
"Canada","52-53, 55","Finance and insurance",2007,171358.649,85916.5186856857,14902.488396591,71014.0302890947,76460.5765999297,2353.721242919,80.6223792333097,98.191578958228,129.30368719085,95.2372855628361,94.8738842448087,99.0713131680871,162377.095285615,83.3469925955033,81.3781271845297,82.1072235406332,99.1120192296568,1.30515769960039,0.961300325163288,0.957632247024354,99.5653811886161,131.641110047572,97.9711800979318,98.0639530934794
"Canada","52-53, 55","Finance and insurance",2008,174971.92,97573.8520770319,13662.2909504987,83911.5611265332,79621.7639999284,2404.95685291899,80.3378555188708,99.7650126264248,137.555122835864,95.934177885239,97.3451882224477,101.227889346739,177195.61607696,81.3745713149655,79.363361260736,80.5270839985757,98.5548679027539,1.3588658592366,0.947705009996132,0.961643958504439,99.262814825396,132.090134726845,97.3376788370473,98.2527586575564
"Canada","52-53, 55","Finance and insurance",2009,170699.794,100051.051942476,10971.516383959,89079.5355585173,77467.7239999293,2325.13967591898,80.2579680216528,97.1694010310151,120.451091417316,94.8595978303559,94.1639582432072,97.8682763243603,177518.775942406,83.7192992993789,82.006111720674,82.5959274937133,99.285902112929,1.23074704021669,0.969257877966167,0.962149960944688,99.6723517792171,131.184742405826,98.4110197340967,98.2756511728018
"Canada","52-53, 55","Finance and insurance",2010,179228.26,106438.148156984,10602.5393904597,95835.608766524,80080.631699928,2362.50129591899,81.8283928831236,96.5936792332277,110.43597285854,95.1921184447203,96.0963017429215,99.4408774837474,186518.779856912,84.8958316256579,82.2884863385257,84.7140242847019,97.1367929139753,1.11056917087834,0.957273516218503,0.966366188377887,98.4429860210697,130.387534914536,97.7912272448057,98.461835679184
"Canada","52-53, 55","Finance and insurance",2011,188651.543,96563.2219114192,8977.79173056126,87585.4301808579,84541.3466999283,2399.55278691899,84.3694088826306,95.8666265006199,99.3674645553692,95.4658145008909,97.7121661248282,101.000424893726,181104.568611347,87.2435647358009,83.5337167852564,88.0070697826057,94.9170526772459,0.983832143873901,0.945202107826194,0.967443119448679,97.1949574495838,129.549578510181,97.1742722698526,98.5109867318729
"Canada","52-53, 55","Finance and insurance",2012,191239.399,106362.119477795,8006.45228919136,98355.6671886036,86193.3505999274,2425.228020919,86.1119947693252,96.16870192916,93.6973987201875,96.3108538273666,99.7649214532706,102.0811302474,192555.470077722,88.0525840239037,84.3564276381223,89.54264021652,94.2081084879147,0.917871877918142,0.943473623322463,0.977310118054964,96.8002460233948,129.140476891696,97.0858773912978,98.9690982450065
"Canada","52-53, 55","Finance and insurance",2013,200441.276,110824.529843519,7413.27322922388,103411.256614295,90258.8928999296,2435.45152291901,88.8596436207291,96.0108820497475,87.2986296139878,96.6618628300294,100.738110421764,102.511451285358,201083.422743449,90.5496572508702,86.6826510663409,92.5516376098774,93.6586896838333,0.851598806956475,0.942937219383955,0.982701046162566,96.4883525899834,128.761427789619,97.0575831216642,99.2134342528085
"Canada","52-53, 55","Finance and insurance",2014,211528.989,119146.642787499,7333.15402950475,111813.488757994,95062.3033999289,2419.96801091901,90.4389900682869,96.6728693360213,87.3212932572555,97.3726801949569,100.90045632353,101.859729306425,214208.946187428,91.7431326862535,88.7877777450393,93.5515731450297,94.9078404137521,0.857270030578689,0.955948743021206,0.990582411818429,97.1987671756422,128.791814110761,97.7492141202453,99.5677891782425
"Canada","52-53, 55","Finance and insurance",2015,220762.966,117972.821030421,7445.78469731011,110527.036333111,100346.062999929,2431.39889791902,93.9757106870372,97.8704469658484,92.0676064287547,98.3129674824014,101.74978652764,102.340870813378,218318.88403035,94.3316420765759,91.8261784760511,96.0205185532971,95.6318293835105,0.899617188099202,0.960642280068913,0.994224357472828,97.6046094413511,129.00417646115,97.9956645096708,99.7329782451935
"Canada","52-53, 55","Finance and insurance",2016,224451.119,120012.522139707,8455.99798606035,111556.524153647,101351.98169993,2423.81920891902,95.5070878522658,98.9026647536272,96.9423583403603,99.0584023456594,102.770718937033,102.021831443319,221364.503839637,94.8903667371616,93.6143632211968,96.5667488233811,96.9426478180557,0.950211900422698,0.97095299059294,1.00734046314519,98.3264763082732,129.259611619343,98.525533107803,100.334406624567
"Canada","52-53, 55","Finance and insurance",2017,234713.38,125782.638049203,9462.91228397049,116319.725765233,105051.635099931,2375.78484391906,100,100,100,100,100,100,230834.273149135,100,100,100,100,1,1,1,100,129.521268109287,100,100
"Canada","52-53, 55","Finance and insurance",2018,238987.985,140365.679330648,10619.083931494,129746.595399154,107323.616699934,2304.67006791911,101.035007898056,101.830081990037,109.220818168617,101.249192534508,97.0968269605388,97.0066828154926,247689.296030581,101.339280396736,104.152626361037,99.2192149152362,104.972233906522,1.12591024657916,1.04373420053013,1.00092925706178,102.733770484,130.16697768491,102.223979122429,100.041266705296
"Canada","52-53, 55","Finance and insurance",2019,249483.552,171401.156816201,11787.3276515487,159613.829164653,111653.501699931,2376.4732259191,103.154758624014,104.152876303183,119.902593033461,102.98851388496,100.162068516801,100.028974930192,283054.658516132,100.801594982657,103.124878262527,99.0416801584399,104.122706821567,1.19867861404296,1.02958681678817,1.00133055034006,102.245643735031,130.51192471175,101.468055836907,100.057864880062
"Canada","52-53, 55","Finance and insurance",2020,255893.308,107757.14962896,11801.0354201424,95956.1142088174,111742.072799928,2173.38676391904,104.817221149442,105.209949536293,123.600075317493,103.82025936065,94.4100608135152,91.480790841895,219499.222428888,104.618901179105,114.578394201463,99.6267193468096,115.007695679113,1.35110414088034,1.13488589686638,1.03202060175324,107.973768035461,131.259306421608,106.53597818351,101.431843694034
"Canada","52-53, 55","Finance and insurance",2021,280158.204,123948.446174733,12221.1498665475,111727.296308186,119848.91169993,2361.03672191906,111.505856334965,106.5009375298,125.521750382759,105.054027641395,102.236062836718,99.3792315816079,243797.357874663,106.297770214838,112.20237323268,104.699412907764,107.166191401212,1.2630581700532,1.05710243447724,1.02874676337947,104.230296553696,130.80064463371,103.202642305749,101.27072404103
"Canada","52-53, 55","Finance and insurance",2022,358402.562862213,172186.14337941,13501.4468121887,158684.696567221,129700.33859993,2416.21146391909,111.834087373678,108.886884799915,132.797313743833,107.050326533488,103.985370840856,101.701611158245,301886.48197934,104.524177794163,109.962945621055,102.706664424443,107.065053896235,1.30575427696227,1.05259223835618,1.02245549167414,104.177227217091,131.007037276217,102.985786173369,100.984986298321
"Canada","52-53, 55","Finance and insurance",2023,375621.223689506,181636.181098253,15092.3052027438,166543.875895509,134490.691499933,2381.27116291913,112.314004129896,110.821935101775,139.913675543875,108.622317048512,103.068819044849,100.230926593126,316126.872598186,104.31357950191,112.055238784551,101.346366156439,110.566607402166,1.39591322059543,1.08372057149037,1.02831354102155,106.114256711461,131.412060683153,104.577420174191,101.23194488025
"Canada","54","Professional services",1963,740.417398184554,68.673775438819,25.5883276740451,43.085447764772,470.470628222994,197.586570346059,6.33604608602103,0.364998450213115,0.111695886116984,2.91651213838622,7.7033555155983,9.46041159197718,539.144403661813,120.529703397453,66.9743173901045,1735.91040792682,3.85816670516374,0.0118066624301745,0.308285967268014,0.814272766116335,66.5359358870033,100,93.1772259140463,83.5137409492366
"Canada","54","Professional services",1964,826.863769761666,75.2090445822134,23.104428436807,52.1046161454044,530.541594029787,211.080697904365,7.04975383031331,0.408253197412461,0.125907262505745,3.24976599804389,8.31592873116984,10.1065081386839,605.750638612,123.674769195765,69.7545950943184,1726.80921423155,4.03950792707345,0.0124580380066009,0.321551811313049,0.822829073806371,66.9213977418848,100.23011668142,93.5034884518025,84.2804237191695
"Canada","54","Professional services",1965,982.889575720108,82.3707852242825,24.1177958299085,58.2529893943722,636.882633698246,230.601589385489,7.82290509988987,0.4250894077068,0.123032406294225,3.47724529681748,9.09338893894361,11.0411651233682,719.253418922529,126.24026715479,70.852170151255,1840.29640778196,3.8500412135592,0.0111430637002096,0.314934633977896,0.823589615528691,66.5388348301578,99.8302417164428,93.341275280102,84.3490237315677
"Canada","54","Professional services",1966,1149.30125224256,99.2224784348492,34.2220105632351,65.0004678716123,779.54105474185,253.184554079772,8.81157053680029,0.452414880917192,0.116930751906025,3.90509591190235,10.0369215348455,12.1224336559452,878.7635331767,129.362141981649,72.6881316647077,1947.67478004622,3.73204666453517,0.00964581495966188,0.322137948759751,0.827962587357457,66.3037251381421,99.3096091110067,93.5049694024557,84.7458381109138
"Canada","54","Professional services",1967,1316.84073957133,125.213627838726,47.3498827717798,77.8637450669444,864.722156703922,269.903810217164,9.09253367785108,0.540512745460675,0.147458316452892,4.52508747033423,10.6678492308605,12.9229488139056,989.935784542648,123.846179722804,70.3595890441598,1682.20523090562,4.18258056457721,0.0114105780790698,0.350159049261657,0.825496516660463,67.2144582168649,100.036200767965,94.1020246425605,84.5235982990829
"Canada","54","Professional services",1968,1448.41686615927,124.279872276056,29.3961212139518,94.8837510621025,949.161167021481,273.187800943312,9.36626796018409,0.582289952643096,0.140344102439466,5.1486836965322,10.7732401621467,13.0801857348116,1073.44103929754,125.341639751011,71.6065364061056,1608.52302494132,4.45169483406791,0.01072951908213,0.393624662594011,0.823630518752862,67.7240750801937,99.8049365724971,95.0262058288679,84.3556571521155
"Canada","54","Professional services",1969,1587.8742846964,146.812030573369,32.9626951766302,113.849335396737,1082.35076502353,289.070368650816,10.1583187430271,0.627792938353145,0.127096552408524,5.85046619823272,11.3971740454859,13.8406403921665,1229.1627955969,128.21307185733,73.394860752083,1618.10019234604,4.53586626460192,0.00918285200737229,0.422701987224809,0.823457132224643,67.8734326322907,99.3847886346916,95.6411492181051,84.3399873453901
"Canada","54","Professional services",1970,1785.35623315675,158.217665014715,49.5561680426396,108.661496972074,1199.10243449137,301.034679105795,10.0261471323056,0.612312821194919,0.12910377498715,5.62033416922283,11.8987252875988,14.4134895545364,1357.32009950608,122.187802596782,69.5608589049138,1637.42237386761,4.24819277023866,0.00895714909971378,0.389935702104417,0.825527034419914,67.3506675693227,99.3065063681863,94.9771933537707,84.5269457079837
"Canada","54","Professional services",1971,2097.4633433506,168.125918354796,58.4844159350441,109.64150241975,1413.12119442435,333.51602316873,11.1188022663398,0.602878212123192,0.130798277662204,5.45639132403488,13.1682665563564,15.9686908182549,1581.24711277914,124.045759644942,69.6287653940244,1844.28663082417,3.77537657272443,0.00819092054263334,0.34169309094502,0.82463031604963,66.4708137901541,98.9806968952624,94.0448320473568,84.445356956682
"Canada","54","Professional services",1972,2387.51776076893,200.765498106846,75.0633826733716,125.702115433473,1615.48862494247,356.141938490111,11.8271449733448,0.63861351696754,0.145929743902885,5.61302272189549,14.0606980065168,17.0520158195978,1816.25412304931,123.68066043146,69.3592188657948,1852.00354504021,3.74509104216045,0.00855791745953983,0.329170625999799,0.824576880251125,66.412788178089,99.1507228063694,93.8019025970841,84.4404782467377
"Canada","54","Professional services",1973,2848.241753604,221.03574346744,81.7889611588308,139.246782308608,1857.72792878315,389.647025312836,13.1982562660418,0.663303028396614,0.153101334988319,5.79547039903227,15.2727408315621,18.6562337136215,2078.76367225059,127.683825018653,70.7444839544724,1989.77777893546,3.55539622079411,0.00820644388028517,0.310645250697135,0.818640089205734,66.0395152843863,98.9831398708826,93.4326277535209,83.8982344501444
"Canada","54","Professional services",1974,3520.20781175472,271.344353715606,101.601417659561,169.742936056043,2333.91226273294,417.389569402736,15.1385763614997,0.748761084885109,0.16417886805707,6.74467774665532,16.3652079054736,19.9845420355856,2605.25661644855,135.931010778437,75.7514299529257,2021.81666049359,3.74670124314994,0.00821529298818676,0.337494736414042,0.818893316460931,66.4047712749529,98.9873186988668,93.945768543558,83.921454813913
"Canada","54","Professional services",1975,4212.49944555118,362.287219831895,149.625732084624,212.66148774727,2902.97824288304,437.063532917623,16.1009095825662,0.872438155619124,0.185623555923215,8.01420473137202,17.0897284523651,20.9265280833742,3265.26546271494,136.821136273967,76.940185770033,1845.50726935369,4.1690535197392,0.00887025096488367,0.382968674948961,0.816653789117684,67.1720282834429,99.3098653544282,94.7225173482675,83.7165987704338
"Canada","54","Professional services",1976,4840.64742546257,563.795349725376,301.477466219679,262.317883505696,3270.97475303233,441.031584073637,16.9007296159438,1.21966727741274,0.336582885388208,8.86524953956869,17.1051159054263,21.1165177020419,3834.7701027577,137.435628263015,80.0355904056546,1385.68361461619,5.77589209841549,0.015939317748194,0.419825354950047,0.810034881071906,70.0568543417244,102.998173448406,95.3054170414225,83.1252927787722
"Canada","54","Professional services",1977,5296.2096041344,500.967931919724,194.056574488157,306.911357431565,3680.49800723538,475.408602923016,17.3164444785945,1.4384841460513,0.431139729819958,9.73788606563261,18.498910206429,22.7624835541273,4181.4659391551,128.709405823181,76.0744952870254,1203.79807633813,6.3195395292904,0.0189408035724548,0.427804199944911,0.8126929630697,70.9026792806763,104.115052650084,95.4327204688093,83.3616203400755
"Canada","54","Professional services",1978,5812.41692007584,573.615233718058,250.413358304067,323.201875413989,4145.610263484,507.568827922544,18.3812535119838,1.50507652629071,0.469305229864791,9.90999556023166,19.7976329537251,24.3023096913655,4719.22549720206,128.009985003464,75.6358294558093,1221.28364843247,6.19314190875221,0.0193111369176376,0.407779988243366,0.814639974765817,70.7300185555006,104.215369206891,95.1087230365765,83.5372078319718
"Canada","54","Professional services",1979,6631.66958116447,664.218547021742,333.511416942535,330.707130079206,4699.63611658246,555.308714941696,19.5283042951837,1.55046892562747,0.511646241511946,9.70967273081636,21.5559296805096,26.5880874128203,5363.8546636042,125.756473180911,73.4475706807236,1259.5095569091,5.83144210997238,0.0192434391224861,0.365188837393943,0.810736377755238,70.2097213233314,104.194283414434,94.4284643684204,83.1859225599151
"Canada","54","Professional services",1980,8017.20087834822,722.6681843875,373.5720143021,349.096170085399,5822.27870495683,590.570695465863,22.0712670078202,1.71112858197957,0.628149510675419,9.58893598450521,22.9423903865608,28.2764250803178,6544.94688934433,132.977063540117,78.0553657158848,1289.86607086455,6.05143180978216,0.0222146013469238,0.339114154539278,0.811361065671989,70.5148947624698,105.090154383305,94.0271285517916,83.242509117491
"Canada","54","Professional services",1981,9563.8984143873,786.831205180228,447.205351726922,339.625853453305,6830.58356015006,648.79449231945,24.051744243579,1.76403288043836,0.701552954055918,8.9902578152296,25.455653217796,31.064170632649,7617.41476533029,131.631989870456,77.42599835677,1363.45215048385,5.67867367617511,0.022583991130881,0.289409233600484,0.819453817673846,70.0374724896337,105.19053655143,93.300281838583,83.983680372132
"Canada","54","Professional services",1982,10976.4798360698,935.556957611671,576.127552578467,359.429405033203,7938.68471947983,639.217106743897,25.0336890417031,1.65163245032048,0.650223046076113,8.5456851722795,25.6119005590967,30.6056070300665,8874.2416770915,137.196635427735,81.7944536016238,1515.693702727,5.39650283262781,0.0212452262566576,0.279219594105235,0.836836875476312,69.6659453202397,104.793934563879,93.1581155563089,85.5775521952718
"Canada","54","Professional services",1983,10592.751100527,1073.53709786793,677.897862004653,395.639235863273,7942.75641768402,614.361000370085,23.3923161666024,1.80273512025877,0.753909379085413,8.43837832924905,25.0835069585091,29.4155008580814,9016.29351555194,129.318832510862,79.5237731271736,1297.6014004345,6.12852090792635,0.0256296631739415,0.286868422535487,0.852730914884895,70.6677592237286,106.180366855617,93.2643978173165,87.0189586538372
"Canada","54","Professional services",1984,11924.9367189176,1195.16441083196,811.363228851747,383.801181980214,8780.02330732594,674.33977095286,25.0370818479904,1.92933545113213,0.854262318810382,8.10144810933417,27.6528190591318,32.2872742559395,9975.1877181579,125.996631027244,77.5447368195989,1297.70496018713,5.97552904540159,0.0264581739554318,0.25091768494034,0.856461862959672,70.4546969920109,106.445073255529,92.751582330932,87.3541298636188
"Canada","54","Professional services",1985,13149.8344184012,1482.75928315918,1103.70129577477,379.057987384414,9779.36965226054,708.191731768655,26.4280869279565,2.43383447085057,1.18589790884978,8.06363522314976,29.2729146617219,33.9081004181224,11262.1289354197,122.896277639057,77.9403346164204,1085.8621341952,7.17773759319702,0.0349738821764244,0.23780852137739,0.863301520897845,72.0974610985815,109.142045203649,92.5722532433792,87.9637155965318
"Canada","54","Professional services",1986,14616.0413038646,1627.55622100862,1232.10467111971,395.45154988891,10573.2395582152,768.415232953685,28.5964139364149,2.87841775334475,1.47693716462575,8.16648221041639,32.1256351088466,36.791591475852,12200.7957792238,119.976088461134,77.7254062390425,993.476846895682,7.8235750014619,0.0401433345332486,0.221965995022978,0.873178729708719,72.9254081960911,110.649311438475,92.3616620302044,88.8360895431354
"Canada","54","Professional services",1987,16494.4599627526,1896.05797331152,1440.68072419966,455.377249111856,12111.8973397931,809.650199010835,31.4641557728597,3.53569980030164,1.89239931065232,8.78998082242063,34.0159547913945,38.7659146811114,14007.9553131046,122.208729603088,81.1644869769848,889.898960601107,9.12064072107242,0.0488160624151191,0.226745090235251,0.87747071289843,74.4442323308228,112.877257175175,92.4255499187647,89.2139487980392
"Canada","54","Professional services",1988,19269.6008778088,2058.76406339357,1605.93471478617,452.829348607391,14045.6491812319,853.584240921602,34.0399872609733,4.37703601961536,2.49129292128758,8.86363396196548,36.0142865188111,40.8694691820427,16104.4132446255,122.333748179848,83.2895262459877,777.694931191465,10.7097941500511,0.060957310460548,0.216876659750208,0.881202698238985,76.0345039646487,115.445387774323,92.3009634673676,89.5433611974571
"Canada","54","Professional services",1989,21522.3529666653,2202.52507996915,1720.61410820551,481.910971763639,16178.0146030401,899.354426529826,35.2921008261146,5.1612839178106,3.0308367148205,9.35464291426368,38.2172011625781,43.0609379328623,18380.5396830093,117.972164684173,81.958504668755,683.785302031697,11.9859997612168,0.0703848281137298,0.217241968320542,0.887514369105564,77.1019465562035,117.061384454437,92.3051839529245,90.1050506407453
"Canada","54","Professional services",1990,22909.9131325133,2249.45511205589,1708.17921589082,541.275896165073,17499.439511364,909.477399526236,35.5299937290009,5.75286369127054,3.42378770024386,9.96929860440981,38.8590559870445,43.5456241689398,19748.8946234199,115.558439493124,81.5925696486945,617.605346410599,13.2111177668546,0.0786252985365628,0.228939159666948,0.892375680189741,77.9838585056876,118.234355111536,92.4350753730277,90.5407781843653
"Canada","54","Professional services",1991,23464.7787500463,2442.99460884642,1887.55310353645,555.441505309962,18418.2703872914,924.368070938978,35.2507838573982,6.97720296721332,4.33141289648609,10.5302240625582,40.0372150093708,44.2585869993523,20861.2649961378,109.200090801287,79.6473322971518,505.22801218548,15.7646310925277,0.097866045668143,0.237924994368037,0.904620271992794,79.5919321128486,120.546949668161,92.531269051972,91.6387564717807
"Canada","54","Professional services",1992,23665.1133523837,2613.49148937091,2028.22121778587,585.270271585042,18516.7239969212,899.534540889423,34.0678346110692,9.1070358450927,6.03060088860579,11.0172481561092,39.1438084794916,43.0695617779567,21130.2154862921,104.253411329028,79.0995617431738,374.082579563213,21.1449466146037,0.140020019699673,0.25580125966705,0.908850865056298,82.4560004759924,124.640599648472,92.7135268599862,92.01561583311
"Canada","54","Professional services",1993,24724.5134041556,2403.91465658734,1803.45709288839,600.45756369895,19287.4316418315,925.521220864811,35.3180334851635,9.36101565101531,6.17782386191113,11.4484707071603,40.6459635253604,44.3137996228952,21691.3462984189,104.208901914416,79.6998537379225,377.288478107959,21.1243805105326,0.139410836228977,0.258350012966284,0.917230385822304,82.4465927817228,124.591934955766,92.7389832813525,92.7641121441556
"Canada","54","Professional services",1994,26939.2109824526,3221.21445151878,2389.40825702798,831.806194490801,20673.4916736608,978.841091280798,37.7337933064953,12.4204603819796,8.18121756561846,15.2761072840561,43.2240839425895,46.8667460062584,23894.7061251796,101.888925320376,80.5129361903139,303.803499596858,26.5016486963294,0.174563379427408,0.325947683289474,0.922276189962441,84.7751848342082,127.183949052299,93.4149411014544,93.2115947110485
"Canada","54","Professional services",1995,28619.6203344939,3552.4469246885,2512.36815507001,1040.0787696185,21693.8422230412,1040.08709354349,39.719514444147,13.7675019757802,8.82849836269036,18.171868442946,45.7364913994961,49.7991942427626,25246.2891477297,100.712492046077,79.7593516283037,288.501970176011,27.6460336058168,0.177281951986069,0.364902860764397,0.918418301640353,85.2703437534953,127.380164566678,93.8165960614179,92.8753062372035
"Canada","54","Professional services",1996,30409.0442731533,3551.01636337007,2390.76770910974,1160.24865426033,23192.9578254943,1117.34398661715,40.9340332782462,14.9461100741716,9.45414151251874,20.3378232184175,49.0797780117177,53.4982412251266,26743.9741888643,96.5685986966887,76.5147271028802,273.877504414907,27.9375727723023,0.176718734971766,0.380158725832381,0.917409187438228,85.3927503715642,127.341885513675,93.9792382661927,92.7872070643686
"Canada","54","Professional services",1997,33873.3197441197,3390.53048025188,2041.09156344567,1349.43891680621,27782.0981999404,1180.28952693942,46.2573365557678,16.2166260119833,9.71472881993438,24.2878539176487,51.9498691072534,56.5120630566663,31172.6286801923,102.790218583323,81.8539158787818,285.24636704075,28.6958662183726,0.171905400271676,0.429781759927869,0.919270440634272,85.6693877842095,127.069869033807,94.4802457298737,92.9526997115261
"Canada","54","Professional services",1998,38721.7820605167,3949.46699332082,2358.46099275729,1591.00600056353,32259.3983999411,1318.85996393936,52.0043340321148,19.5644299917509,12.2141938624697,27.5396337116917,57.873656490457,63.1467921589713,36208.865393262,102.835835245188,82.3546727459956,265.810627010559,30.9824605856425,0.193425405232313,0.436120866478237,0.916494005661614,86.3877851707799,128.052427320754,94.5405998423622,92.7024957306347
"Canada","54","Professional services",1999,42883.981871271,4276.72256219395,2483.70127994496,1793.02128224899,34652.1815999405,1391.93864193934,57.8075686909462,22.6241661141074,14.6295500973432,30.2768211159851,61.6256712867736,66.6457869098116,38928.9041621344,106.386685949953,86.7385192242899,255.512483418782,33.946881210546,0.219512001818519,0.454294600151652,0.924674674037062,87.2562276928266,129.101114023212,94.7144458182758,93.4390232391463
"Canada","54","Professional services",2000,49758.4067928711,5686.24895074792,3373.646506578,2312.60244416992,39208.8940999415,1462.75551193932,64.3518323184804,32.7776503585965,23.6541919443367,37.4823558843474,65.2598526162114,70.0364866759038,44895.1430506894,107.765981943001,91.8832959401157,196.328387222554,46.8008204213273,0.337740984264349,0.53518326894092,0.931797920107038,90.6333303059473,133.024047282615,95.4746350581868,94.0734207809761
"Canada","54","Professional services",2001,52750.4085831717,5477.418938862,2746.12013484666,2731.29880401534,41654.2195999428,1490.19133593931,66.1749603242515,34.0815172129964,22.4496783170594,43.5253803650162,66.7040052948571,71.3501092918049,47131.6385388048,108.194636066177,92.7468240498577,194.166708925203,47.7665942649241,0.314641120243356,0.610025419680967,0.934883014993763,90.8584182979328,132.396882777967,96.1610511926575,94.3470106640749
"Canada","54","Professional services",2002,54022.4542481595,5786.88320102208,2824.7378802975,2962.14532072458,42154.3571999422,1484.26111793932,66.2156264410754,36.8032139145885,25.2332101377726,45.2050687203032,66.6748073903475,71.0661714562942,47941.2404009643,107.321680353315,93.1746076708215,179.918054425209,51.7872472379105,0.355066406712102,0.636098270020137,0.938207392125417,91.7324518913343,133.337878241676,96.4022993966365,94.6426968567807
"Canada","54","Professional services",2003,57226.2405737208,6081.85233183883,2888.94372044727,3192.90861139155,44702.5384999436,1551.6611679393,69.093444948669,38.5230493168282,26.8885503864791,46.5457247880475,69.6480661918707,74.2932744582992,50784.3908317824,107.179025695087,93.0009418112956,179.356115816321,51.8526738762218,0.361924421591777,0.626513303221998,0.937474713555184,91.746378246757,133.485662456551,96.3111121272495,94.5776704472139
"Canada","54","Professional services",2004,60301.4911548819,6629.57949711513,3006.43133295403,3623.1481641611,46855.2127999435,1590.7766529393,70.616644340775,42.251521036832,30.2435786102157,49.9470174860331,71.920995039637,76.1661172687782,53484.7922970587,105.303749433991,92.7139873647229,167.133969636776,55.4728566348381,0.397073918097871,0.655764259451193,0.944264951642988,92.5039837441996,134.187141897646,96.5985507424366,95.1789672282252
"Canada","54","Professional services",2005,64463.9440892413,6890.27599871045,2731.45579425359,4158.82020445686,50314.7371999413,1631.76563393929,72.9206583636542,44.1468509230886,30.2524377762577,53.8979813871202,73.6529274521699,78.1286627510773,57205.0131986517,105.922214038016,93.3340669044649,165.177485684527,56.5053200305542,0.387213049743906,0.689861818816002,0.94271327395981,92.7126764053254,134.011853044531,96.9430056935442,95.0416618698382
"Canada","54","Professional services",2006,69782.114571115,7494.26096984578,2717.36132727742,4776.89964256835,54184.7306999442,1681.84405693927,77.1384535955494,48.529651118978,33.0065889318923,59.5203978630335,77.3152693798752,80.5264091800337,61678.99166979,106.147241726615,95.7927397744636,158.951181013918,60.2655099279042,0.409885269540569,0.739141338464046,0.96012314676817,93.43809620437,134.362343670634,97.4464679886902,96.5828241291419
"Canada","54","Professional services",2007,76693.71,8244.06431139357,2791.04865557847,5453.0156558151,58907.2989999435,1762.78016093925,80.6889913184829,54.8735921044315,37.4186320398312,67.2065832306641,80.8021860066645,84.4016161596872,67151.363311337,105.224620852346,95.6012396324496,147.045214690741,65.0148594318515,0.443340231412577,0.796271283520327,0.957353539934441,94.3078002456425,134.814409924116,98.0236803343386,96.3382025637325
"Canada","54","Professional services",2008,82223.425,9043.84817730277,2730.26628071115,6313.58189659162,63939.3340999419,1837.51530993923,83.3134747805328,63.3655563186742,42.6642976476734,78.0732524150756,84.9272891989248,87.9799224620295,72983.1822772446,102.177128926817,94.6960084177038,131.480696486807,72.0227462646624,0.484932203322712,0.8873985135503,0.965303069408567,95.5060897532229,135.292609712323,98.9183980436454,97.039134316242
"Canada","54","Professional services",2009,81508.232,9680.05084447129,3110.9522237508,6569.09862072048,62904.6560999423,1770.93563093922,81.1635628119523,69.8301117266548,52.4226430611534,81.9011277372348,81.8176951442375,84.7920986848437,72584.7069444136,101.551975011595,95.7206674570258,116.230034300477,82.3545033201741,0.618249151445095,0.965905184652239,0.964921218052858,97.167304932043,136.617888514864,99.6633438893606,97.0056850587112
"Canada","54","Professional services",2010,85246.318,11252.3239915239,4059.90854672691,7192.41544479702,64230.5704999419,1819.07238593922,81.3241634134644,76.2529849874885,65.1409374890151,83.6479995105581,84.4084881168086,87.0968783781427,75482.8944914658,97.841576435969,93.3720759317971,106.650465456281,87.5496187778694,0.747913572817123,0.960401808517053,0.969133333922003,98.010328950589,137.880633944393,99.6104576766123,97.3692278996654
"Canada","54","Professional services",2011,91339.545,12189.3967992207,4560.2812835599,7629.1155156608,68785.8911999416,1888.50915793921,85.2946897602312,84.3928281265583,78.3034956949179,88.2350293948357,88.2925622812979,90.42149928526,80975.2879991623,97.278325804311,94.3300989636825,101.068647246091,93.3327016181378,0.865983160131945,0.975819136956284,0.976455411370191,98.9539821469504,138.997738407681,99.7608781334871,97.9943251626005
"Canada","54","Professional services",2012,95963.139,12404.3866239183,4538.51193067081,7865.87469324753,71439.9832999429,1901.41159193922,87.6075187873093,87.2230943483182,82.6745079695295,90.0615790542381,89.1869022150809,91.039265644404,83844.3699238612,98.576578322547,96.2304761217001,100.440736988138,95.8082138854331,0.908119231678044,0.989260825169826,0.979653137399434,99.3413273202042,139.36290338228,99.8892731995743,98.2672803863531
"Canada","54","Professional services",2013,99496.571,13334.342291504,5127.64325854435,8206.69903295967,74471.1396999414,1942.19966393921,89.9066691226632,93.2167861706938,93.6454337685493,92.948730088474,90.9915795382382,92.9921916377409,87805.4819914454,98.4694936530909,96.6819552687847,96.4490118314428,100.241519776013,1.00702469873334,0.999532632272651,0.978486235626145,100.017225752193,140.175877433835,99.985940746966,98.1677678607992
"Canada","54","Professional services",2014,105784.321,13747.1803220998,5305.58353340443,8441.59678869537,77427.0117999421,1945.53887693921,94.627030731398,98.0469974331811,100.365117134495,96.6222794649116,91.7989123847169,93.1520725917852,91174.1921220419,102.082004639949,101.583387356368,96.5119108271379,105.254767505654,1.07743300113481,1.03725313647431,0.985473643587103,100.758551913184,140.729207738177,100.331087535893,98.7623882363507
"Canada","54","Professional services",2015,108278.55,13738.5035461016,5243.40515824716,8495.09838785444,81175.1227999412,2003.16695393919,94.5499659924915,100.551252459106,101.82072759505,99.7602923181245,94.875451870423,95.9112951782147,94913.6263460428,98.8043307547636,98.5806372615512,94.0316144057428,104.837758964958,1.06161351909444,1.04013080141143,0.98919998623867,100.699465690774,140.611194221335,100.356398144494,99.080564947672
"Canada","54","Professional services",2016,111963.941,14081.5872440698,5490.27266894723,8591.31457512261,81100.2415999398,2029.53048893918,96.686676365728,99.2082135173993,100.392768936677,98.4694138280063,96.0110126920801,97.1735767780349,95181.8288440097,100.21318771395,99.4989374391157,97.4583383146709,102.093816865476,1.03312826660683,1.01333528200708,0.988036211854069,100.309372509135,140.395421568075,100.121249956922,98.9810490247725
"Canada","54","Professional services",2017,118922.092,15067.0083999803,5768.77913784409,9298.22926213618,85253.5724999408,2088.56209293917,100,100,100,100,100,100,100320.580899921,100,100,100,100,1,1,1,100,140.132143197932,100,100
"Canada","54","Professional services",2018,125324.912,16095.5209963551,6382.53663254723,9712.98436380788,91592.7498999412,2172.13156493916,104.58979700461,104.679069693055,108.988156630392,102.016803705436,103.874441387342,104.001292194401,107688.270896296,100.572333753511,100.565862979,99.9147177284761,100.651701035971,1.04795002380038,0.980918616998957,0.998780295856118,100.097372546478,140.515867732862,99.8239882508447,99.8962944833849
"Canada","54","Professional services",2019,133975.337,17189.9831437367,6717.39357079092,10472.5895729458,97944.3344999411,2243.60162593915,109.253195127785,116.198638760166,120.112648777809,113.77481173593,107.330909307246,107.42326663517,115134.317643678,100.590661115561,101.703475001211,94.0227839960191,108.168967859447,1.11812508165232,1.05912634478274,0.999140248376191,101.18022466127,141.052489743463,100.520002369347,99.9269174002758
"Canada","54","Professional services",2020,137644.389,16843.8623449859,6930.16818556656,9913.69415941936,99501.8767999402,2093.54704793907,107.904693117194,124.570147621786,133.585859236495,119.006877145676,100.741440522614,100.238678802835,116345.739144926,103.798720979748,107.647760730603,86.6216306051184,124.273533040882,1.33267777301067,1.18723509295006,1.00501564591416,103.266285191557,142.519781881248,101.536105173725,100.427914377693
"Canada","54","Professional services",2021,157297.202,18396.9872527429,7660.16796934468,10736.8192833982,117684.77099994,2479.30831793901,120.265627116833,133.226392831733,144.571405921303,126.216267350688,119.171519481469,118.708863208848,136081.758252683,99.1878379911088,101.311413373782,90.2716230324798,112.229524595265,1.21786530519591,1.06324215344083,1.00389740294124,101.803173917159,141.777939335937,100.621253864763,100.331806509053
"Canada","54","Professional services",2022,178338.515401247,20802.4876855707,8328.11324245125,12474.3744431195,133318.716599941,2642.120636939,131.183285468486,139.105926596019,149.011867175834,132.968733148074,127.236210948862,126.504289523939,154121.204285512,101.640115017448,103.698685603591,94.3045984298419,109.961430651484,1.17791948191319,1.05110058835524,1.00578574392756,101.522796969321,141.517350936711,100.528938099799,100.495017396791
"Canada","54","Professional services",2023,196244.554153055,23187.8123402979,9516.76462711255,13671.0477131853,146267.094599943,2793.18339893898,136.594879197734,147.268788385046,160.69994306105,139.008227167036,134.570053076123,133.737149035785,169454.90694024,100.051886619829,102.136825992293,92.7520900359387,110.118085697819,1.20161035448759,1.03941371690105,1.00622791831845,101.542441419426,141.672705018418,100.438150372155,100.533192527109
"Canada","56","Administration, waste management",1963,206.161647897793,26.4361665753767,4.48738360731611,21.9487829680597,105.554109258639,75.9258385825469,5.74272134597593,0.476904780110746,0.0479151019048931,2.53990859879,4.04156555398338,4.96591513843234,131.990275834016,195.640333179242,115.642760415532,1204.16518883337,9.60356282409805,0.00964879595586868,0.511468385581758,0.813861179927299,70.3777914460718,100,95.5139332316536,83.989389041819
"Canada","56","Administration, waste management",1964,237.610619277022,28.2477271262793,4.57738423133647,23.6703428949419,127.573555146876,90.511704595614,6.54559050944209,0.518528951946094,0.0562801517373667,2.71936598099196,4.85561115614412,5.9199009513475,155.821282273156,189.176129044711,110.569257209484,1262.33848368076,8.75908154895845,0.0095069414505248,0.459360047294875,0.820218310415968,69.1527090513935,99.9530798574109,93.8949609075909,84.5198775576419
"Canada","56","Administration, waste management",1965,299.155795277248,32.0311218423863,5.24689147881079,26.7842303635745,161.53127685078,105.182862558147,7.88321552079234,0.578134670534199,0.0617725433998599,3.04126760581146,5.68369070557496,6.87946526811515,193.562398693166,196.289934739837,114.59052722207,1363.5604163833,8.40377337485413,0.00897926524698982,0.442079069707217,0.826182048177152,68.6579838418387,99.7920152063537,93.3738384541342,85.02754518931
"Canada","56","Administration, waste management",1966,352.285976099635,40.9634650473503,7.66074529094803,33.3027197564012,197.779219181428,119.975507364426,8.75647132318749,0.694095512791474,0.0694754387559894,3.70363894894559,6.50503577670634,7.84697540896251,238.742684228779,188.974825883667,111.590400973937,1261.56575886382,8.84538916738168,0.00885378571170712,0.471982994201236,0.828986384903991,69.2531635798095,99.7504582528019,94.2268331367252,85.2674483674799
"Canada","56","Administration, waste management",1967,434.75661259494,48.0985507633086,9.39506768514066,38.703483078167,247.252012704288,136.089662209209,9.80239176726792,0.736772346114027,0.0803756265203981,3.85247480377385,7.41534579566954,8.90091866439004,295.350563467597,187.803400647976,110.127865862705,1330.45055490598,8.27748655946758,0.0090300371850332,0.432817661752878,0.833098927792269,68.4889808890833,99.8132964546583,93.1291528933304,85.6195749045913
"Canada","56","Administration, waste management",1968,434.266809230009,50.5559405067399,7.51520811344741,43.0407323932915,257.841273721181,145.172447646358,9.29631364887435,0.765591194865656,0.082877042827358,4.01123038085982,7.94659703075034,9.49497653116525,308.397214227921,167.039650374986,97.9077053888566,1214.26600922515,8.06311834845263,0.00872851476307831,0.422458166978487,0.8369264531268,68.1959809196866,99.7181253536768,92.8243888114681,85.9485431056535
"Canada","56","Administration, waste management",1969,500.493679294315,52.584540586881,8.59384961415226,43.9906909727278,296.248004494624,163.603549474052,9.97349141140927,0.74705510533447,0.0812128539773457,3.91129343808309,8.98546618075531,10.700459266593,348.832545081505,162.205958367,93.2061994997413,1335.04092806433,6.9815237525999,0.00758966058876493,0.365525753674349,0.839727151600683,66.6679126827949,99.3771125402322,91.0565723983112,86.1908450443621
"Canada","56","Administration, waste management",1970,596.612455346392,61.8564411185402,11.5649961871025,50.2914449314369,362.678885823009,176.088602527264,10.8115021914063,0.880395061278316,0.0849265519176915,4.72714851938894,9.68441549658047,11.5170418044819,424.535326941549,160.998893852891,93.8739510973993,1228.02849163059,7.64428119845592,0.00737399007136036,0.41044815149923,0.840876994369489,67.5701491380505,99.3028299660796,92.3564394363181,86.2913627778617
"Canada","56","Administration, waste management",1971,694.047761069979,74.7993432998667,12.5598194853232,62.2395238145427,433.347832103638,193.727019724755,11.4518460391808,0.987004038087429,0.0830801249330239,5.45800913589747,10.7114322153664,12.6706791513224,508.147175403505,153.878859499163,90.3806804861414,1160.26334212084,7.78966956940442,0.00655688017515251,0.43075900436859,0.845371592749114,67.7568494006795,99.0003084176121,92.8954036429565,86.6848983717741
"Canada","56","Administration, waste management",1972,829.395219045236,75.9276513397309,15.2952731128445,60.6323782268857,523.108177592905,216.950378644313,12.6618525806225,0.937201502472018,0.0896792341749437,5.03469704569529,12.0648651891525,14.189598557112,599.035828932636,154.626514112449,89.2333389817867,1351.02777228001,6.60484860582811,0.0063200684511258,0.354816031294405,0.850261206516337,66.2427117749022,98.9088525581237,90.9019038930468,87.1174341635888
"Canada","56","Administration, waste management",1973,1021.52726647004,81.8101280292965,19.4653799182613,62.3447481110345,655.588860975675,244.201581097772,14.09266223499,1.01372157327139,0.105934055755706,5.31260755595801,13.6755769439216,15.9719583088187,737.398989004972,152.677000322638,88.2337779908237,1390.19062103132,6.34688341699264,0.0066325026466677,0.332620925577092,0.856224182376608,65.9298019777753,99.0328511094074,90.3581450038779,87.65556334555
"Canada","56","Administration, waste management",1974,1223.64295840602,95.4043682644742,25.1853501484111,70.2190181160624,806.700890577941,261.010492417797,16.0350121454483,1.10842842324284,0.120287057201123,5.7360191835585,14.6288492174271,17.0713419803461,902.105258842415,162.014311522775,93.9294178741723,1446.64389772106,6.49291909516514,0.00704613950910286,0.336002828023845,0.856924384402175,66.0925061467647,99.195694710522,90.4323916643998,87.7194764826688
"Canada","56","Administration, waste management",1975,1462.57719014077,133.680837822271,36.1923984335037,97.4884393887665,976.589309382399,276.509421390082,16.6553681894505,1.31747907418538,0.14589081467,6.76785634802207,15.5138351179709,18.0850465037316,1110.27014720467,156.649409612148,92.0946937350362,1264.18464746764,7.28490841266868,0.0080669305793545,0.374223884170031,0.857826664408622,66.9583057967716,99.6026062122948,91.2429179389495,87.8013895399672
"Canada","56","Administration, waste management",1976,1773.37367272969,198.147528338072,62.3578096186454,135.789718719426,1209.97841167447,294.377041283371,18.0289224086893,1.59967714960643,0.232093770412235,7.35155186309061,16.4807762103798,19.2536748096194,1408.12594001254,156.858970106976,93.6388642010395,1127.03506536459,8.30842509507434,0.0120545180443308,0.381825907821901,0.855980812667814,68.117509313919,101.152452478673,91.4121086459214,87.6371041053739
"Canada","56","Administration, waste management",1977,2018.70695629253,214.156154814459,48.2242159926286,165.93193882183,1382.99612886054,313.382614496647,18.3210740810287,1.86878435616604,0.299260782646462,8.26945867496024,17.6477555502281,20.4967307375665,1597.152283675,147.089900021163,89.3853479152639,980.373900315382,9.1174752700484,0.0146004153773643,0.40345256913601,0.861003433971212,68.9927931880651,101.876796245842,91.9179496329246,88.0804965552485
"Canada","56","Administration, waste management",1978,2359.65488462326,240.018220125926,64.1148538666887,175.903366259237,1606.52643215369,341.384152545309,20.0966498912792,1.98554773801509,0.342503820312798,8.57573868631147,19.2580164259784,22.3281660472216,1846.54465227962,148.376538781211,90.0058242525474,1012.14639701231,8.89256974270021,0.0153395410795692,0.38407716371218,0.862498800181343,68.7656433211689,102.04022427413,91.4685886541922,88.2132589971536
"Canada","56","Administration, waste management",1979,2701.05262322295,289.031797918882,99.191973922588,189.839823996293,1860.80356535879,364.502217727226,21.4505523752558,2.21998500360664,0.428086159465932,9.1323233948083,20.5209973872779,23.8401987359792,2149.83536327767,147.683562408022,89.9763991601421,966.247625114887,9.31194000600456,0.017956484516208,0.383064063179388,0.860772916137986,69.1858808919535,102.692140853759,91.4464175606571,88.0600594086999
"Canada","56","Administration, waste management",1980,3223.56444305011,308.169161694537,110.917731823447,197.251429871089,2251.70040198443,393.407120484758,23.2796229830191,2.32916069265125,0.482368511726343,9.21447957710264,22.2350306850532,25.7307184438713,2559.86956367897,148.52954836982,90.4740496609181,999.48548232283,9.05206241221774,0.0187467953053303,0.35811202074295,0.864143406394052,68.9368157770601,102.890196561173,90.9385665941151,88.3608632692966
"Canada","56","Administration, waste management",1981,3911.31623709422,341.609029423849,118.925936144657,222.683093279191,2723.13837049803,424.106859017557,25.2573140938143,2.46375015423862,0.495592073142986,9.90377867624619,24.1830394431314,27.7386290467973,3064.74739992188,148.645178679213,91.0546590143412,1025.15728108071,8.88201846631306,0.0178664948547703,0.357039227120335,0.871818120583127,68.7854339622821,102.687174308772,90.9181453284128,89.0542936685381
"Canada","56","Administration, waste management",1982,4228.49338488996,409.342392054319,144.435746897198,264.906645157121,2986.20593925225,423.746875084131,25.0377601124845,2.46764709527464,0.467449994861988,10.2470273281348,24.3681945081086,27.715084365593,3395.54833130657,146.336045786663,90.339830044204,1014.64103843819,8.90362469305022,0.0168662663514135,0.369727444916458,0.879239412973267,68.8048243479215,102.446849551166,91.1576500349023,89.7240901659064
"Canada","56","Administration, waste management",1983,4433.23968789532,511.475540021139,176.106312861086,335.369227160052,3121.2540269227,417.096100141582,24.6411656795159,2.82980109322694,0.56290984098446,11.4477790100677,24.160046486543,27.2800916860772,3632.72956694383,142.522767627935,90.3265500830111,870.773770583873,10.3731362995058,0.0206344556118831,0.419638582663203,0.885629226051079,70.1921046973424,103.391267929475,92.1460640762197,90.2906773522564
"Canada","56","Administration, waste management",1984,5127.61637550468,614.898115594397,234.689072736576,380.20904285782,3594.80241621567,447.878266190273,27.4961647580125,3.2846474823808,0.709037714344522,12.6836428548011,26.0926345705733,29.2933934451185,4209.70053181007,145.741662950662,93.8647303171851,837.111589767392,11.212929251555,0.0242046970649854,0.432986464288066,0.890734445616829,70.980253712642,104.254709403587,92.4099245625317,90.7363214943743
"Canada","56","Administration, waste management",1985,6074.61353450158,747.648988865965,331.626770462567,416.022218403396,4255.94169719045,500.449630138083,30.2692741823072,4.03257748908813,1.01638722020548,13.9654985126118,29.2657487227996,32.7318135791633,5003.59068605641,141.147303817463,92.4766179212759,750.618537751939,12.3200551638704,0.0310519677666897,0.426664366727973,0.89410715516936,71.9746160013004,105.851427525553,92.292111579431,91.0290467845033
"Canada","56","Administration, waste management",1986,7001.94569294433,877.413829392983,396.466547656169,480.947281736813,4845.05311016978,547.447610782127,33.100354540126,4.81455565326126,1.33860215368031,15.395769054228,32.2162885701226,35.8057076304259,5722.46693956276,138.500145041653,92.4443523970436,687.505907584735,13.4463357153989,0.037385161256884,0.429980862636141,0.899752880257192,72.934044319139,107.191533130034,92.3518696468727,91.5165963428511
"Canada","56","Administration, waste management",1987,8023.32195312976,1063.73929917953,474.834974451525,588.904324728003,5600.20700191619,608.324857517339,35.2903618570674,5.76270742145689,1.73485875686818,17.2674139470812,36.0044255112552,39.7873724601109,6663.94630109572,130.716939016791,88.6973923509223,612.39204554559,14.4837597085214,0.0436032502173264,0.433992316642492,0.904920915482713,73.7871880363474,108.356704566844,92.4258309731094,91.9598009293722
"Canada","56","Administration, waste management",1988,9599.22850283338,1218.80987491348,559.978318915021,658.83155599846,6565.28583342974,649.612673435876,39.8278769040219,7.20742616721393,2.38446118551518,19.9713083931996,38.5736830642945,42.4877942655251,7784.09570834323,134.369394973777,93.7395729585767,552.595003819756,16.9635216226371,0.0561210866964197,0.470048133550778,0.907876808648393,75.6540546713754,110.332456166693,93.0661289935925,92.2126281660165
"Canada","56","Administration, waste management",1989,10741.2468440348,1354.80855884235,620.957720387487,733.850838454858,7328.03573532031,707.984024872463,43.0747270332795,8.58767714532409,2.98051498563529,22.8482354542516,42.1750469004053,46.3055614862923,8682.84429416266,131.140323186791,93.0227939165165,501.587638943009,18.5456711239022,0.0643662421957156,0.493423137974806,0.910798736624547,76.7158948856239,111.42261620797,93.4489251414674,92.46295615481
"Canada","56","Administration, waste management",1990,11594.3504626398,1445.34899490029,629.793148735761,815.555846164522,8080.00543631428,717.286992283815,44.5432309882306,9.32502214134217,3.42052820155812,23.7238709868456,42.8722743582702,46.9140203135221,9525.35443121457,132.05814269317,94.9465227890346,477.674265144633,19.876834428224,0.0729105751052467,0.505688295914552,0.913847802250985,77.5386096712841,112.382464675071,93.644317358841,92.724792437913
"Canada","56","Administration, waste management",1991,11704.9605593133,1590.56270807212,700.916759786281,889.645948285834,8514.94943271923,716.049493883146,43.5302968818678,11.018922439772,4.34360568105214,26.5009573366396,43.0320269958264,46.8330819642539,10105.5121407913,125.373309538385,92.9477520080634,395.050397348731,23.5280745524763,0.0927465265763944,0.565859777429699,0.91883824832778,79.5863002782381,114.229356331455,94.5629180723631,93.152707902005
"Canada","56","Administration, waste management",1992,11960.2318344286,1608.38728860547,752.902314761531,855.484973843938,8761.27558301481,702.393974690322,43.3694805669682,12.9520630545475,5.95219756816198,27.394256192363,42.3974532263493,45.9399453094764,10369.6628716203,123.331166452115,94.4047283356737,334.846119759593,28.1934664207704,0.129564750851677,0.596305807676096,0.922888630814361,81.8679031500613,116.972481178211,94.9864303088362,93.4990591381937
"Canada","56","Administration, waste management",1993,12813.0203607697,1613.60255796835,734.247304916278,879.355253052073,9208.9462816689,730.816221926699,45.6968842876193,14.2891747080221,6.63044963241605,29.9740505816516,44.2655688390208,47.798897024128,10822.5488396372,123.426196499327,95.6023823406476,319.800724823978,29.8943607439503,0.138715536240703,0.627086657805539,0.926079294605403,82.600605347818,117.534416171868,95.3786659451682,93.7730709022473
"Canada","56","Administration, waste management",1994,13317.1842578289,1859.85526884673,913.820524086805,946.034744759923,9720.9341187098,772.919706607966,46.9505268787131,16.0585912394507,8.22311774837717,30.8323051692105,46.5790079541894,50.5526674909783,11580.7893875565,119.292216055962,92.8744796446042,292.370147409762,31.766061093248,0.162664368796062,0.609904614325502,0.921395650635092,83.381017118259,118.91600053454,95.1630259185919,93.3720939968059
"Canada","56","Administration, waste management",1995,14701.8391197179,1975.44662807532,943.517080946943,1031.92954712837,10565.9423592551,819.560196000415,51.1365256925122,16.8306649814804,8.70022467119687,32.0290922519792,49.4392047640073,53.6031798944211,12541.3889873304,122.657587680841,95.3983062072674,303.82950257034,31.3986316010183,0.162307995315449,0.597522242431604,0.922318505383164,83.2268645807046,118.895901292316,95.0031323983237,93.4507327570554
"Canada","56","Administration, waste management",1996,15643.0139422038,2231.81792983289,1094.62871123291,1137.18921859998,11645.9920241926,845.347668397072,52.8491579389049,19.3391799514295,11.2681469149149,32.8862747810794,51.0559802921743,55.2898046581007,13877.8099540255,120.683223743853,95.5857201263628,273.275072012546,34.9778409799393,0.203801532390908,0.59479817272715,0.923424863008517,84.6692338725298,120.999909185901,94.9674937298725,93.5449793793713
"Canada","56","Administration, waste management",1997,16973.0860841301,2529.36928662021,1187.59524085693,1341.77404576328,12139.9306999605,892.474127959444,54.0140310303185,23.4221613018082,14.6008539591942,37.3986824401492,54.1761808907224,58.3721018487609,14669.2999865807,113.706421627167,92.5339833920425,230.610789219305,40.1256089124456,0.250134113673416,0.640694462862538,0.928117699634837,86.6285627260516,122.997108254675,95.5815237037381,93.9409951849378
"Canada","56","Administration, waste management",1998,18405.7745647784,2682.83124040467,1235.43469789158,1447.39654251309,13678.6338999617,967.079077959532,57.5006681956552,25.3885383407035,16.4084977969036,39.2882649234025,58.6644041846303,63.2516245188284,16361.4651403664,111.766141968849,90.9078124602771,226.482782994517,40.1389506338229,0.259416227199337,0.621142385231662,0.927476640021592,86.6334068524479,123.348218669127,95.3153891219485,93.8870198885692
"Canada","56","Administration, waste management",1999,20482.5582873249,2573.22262196208,1199.6173791675,1373.60524279459,15616.4776999603,1082.04307195949,63.5063327444667,26.0226316242025,17.8222710777803,38.3043817865347,64.9137685305742,70.7708228423129,18189.7003219224,112.867771922355,89.7351905685306,244.042699683771,36.7702826943026,0.251830773784993,0.541245392495748,0.917239137874814,85.481378632153,123.089581509875,94.2454286291415,93.0082171897168
"Canada","56","Administration, waste management",2000,22184.0152914787,3034.15865196573,1623.38727008763,1410.77138187809,17109.5149999631,1099.36261895949,65.6376574374405,32.6634633581318,28.0535454475617,38.230079061683,66.344172069224,71.9036045440861,20143.6736519288,110.765919937541,91.2856286602381,200.951309779278,45.426739820957,0.390154925131205,0.531685154090476,0.922682144934008,88.1618436887174,127.10190815333,94.1232760846877,93.4793294005843
"Canada","56","Administration, waste management",2001,24584.989882717,3098.5079265174,1579.70543583712,1518.80249068028,17980.2486999629,1113.50442095948,68.5679323727532,35.3025261523309,31.3790779643901,39.76707671545,68.4934424075923,72.828546434061,21078.7566264803,111.318405222005,94.1498021450073,194.229534954189,48.4734734947564,0.430862340398359,0.546036941042824,0.940475208709627,89.0176319568034,128.086668022846,94.3015524693717,95.0115490462305
"Canada","56","Administration, waste management",2002,27117.5347724452,3617.462733871,1858.86501343872,1758.59772043228,19562.5382999608,1193.49429195945,74.811058522649,41.766255820387,41.1272894753619,42.2560608279183,73.7558976145375,78.0602688455052,23180.0010338317,111.191273160934,95.8375619621719,179.118422403887,53.5051396031567,0.526865844604763,0.541326099088262,0.944858360153911,90.3598053505365,130.100920583045,94.2411387721826,95.3871267845787
"Canada","56","Administration, waste management",2003,29198.8237159659,4121.38626952956,2043.18694437542,2078.19932515414,20631.801299961,1236.08642595944,77.590249522611,48.1125452279731,47.9398853687187,48.0947509936955,76.9009973693512,80.8459993287941,24753.1875694905,108.84132622514,95.9728992984028,161.268228805944,59.5113495131692,0.592977831515831,0.594893394762777,0.951203498105096,91.9236137837682,131.358338863695,94.9544517695114,95.9240927781924
"Canada","56","Administration, waste management",2004,31795.6487037911,4534.53548265988,2044.90999645678,2489.62548620309,22470.4516999595,1279.76123595944,82.2103637934116,54.2072555898938,52.0626558681267,56.0099532734679,80.7662410357959,83.7025420314649,27004.9871826194,108.5213871609,98.2172844434134,151.659335819131,64.7617793609142,0.621996113911997,0.66915474624908,0.964919810982979,93.2323772568927,131.855907832796,95.9433344009752,97.074648766072
"Canada","56","Administration, waste management",2005,34812.7891798956,4695.30846293846,1899.01958436122,2796.28887857724,24544.9277999596,1334.02787495942,85.9466388313964,56.9893942875373,52.8478746592314,60.4510119849157,83.9281859338266,87.2518413102456,29240.2362628981,108.970472732891,98.504097496111,150.811637684298,65.3159789314902,0.605693517358764,0.692833653446545,0.96190733253868,93.3629525130331,131.609822540767,96.2571717407399,96.8212943022498
"Canada","56","Administration, waste management",2006,37567.4351074163,5300.71527476288,1981.01902983564,3319.69624492724,27008.5259999611,1376.67121495941,88.9662620594942,64.6945385780675,59.668620657719,68.8676887553821,86.765086733432,90.0409209122974,32309.241274724,107.466234972242,98.8064772750937,137.51742266797,71.8501520448485,0.662683367219645,0.764848782726926,0.963618384333762,94.8191245290004,132.359075034744,97.2059730011969,96.9655445565504
"Canada","56","Administration, waste management",2007,40211.02,5164.37428895051,2017.02013133237,3147.35415761814,28996.2248999611,1403.1350069594,93.0721012931189,65.7209702954966,65.475682447299,66.6872168179401,88.1732590966212,91.771780231951,34160.5991889116,110.636604132566,101.416907308414,141.617052935532,71.6134852450159,0.713462049900424,0.726663650300667,0.96078836951583,94.7698273770695,132.948479930607,96.7220870931484,96.7256008054873
"Canada","56","Administration, waste management",2008,41597.977,5435.89303921398,2034.27936865368,3401.6136705603,30999.8332999611,1434.0725719594,91.9789153791097,72.8469301753445,75.7455320170427,71.9855127985891,90.6291431394939,93.7952458300644,36435.726339175,105.175383156677,98.0635154427278,126.263268963722,77.6659088961998,0.807562593889633,0.767475069354905,0.966244529106446,95.9316602648509,133.897934834399,97.2135081187237,97.1921959086651
"Canada","56","Administration, waste management",2009,40506.047,5613.60133561212,1952.44101282062,3661.1603227915,29674.3775999621,1356.8455049594,87.88616136025,75.8190004362762,77.3414508628555,75.7392293052364,85.6997317695827,88.7442240926482,35287.9789355742,104.716273667016,99.0331058261297,115.915747839641,85.4354198388414,0.871509685882336,0.853455310242674,0.965693628467729,97.3518773353653,134.466273309591,98.2362177517838,97.1453213158471
"Canada","56","Administration, waste management",2010,42799.988,6273.1760673872,2321.59955047075,3951.57651691645,31147.1313999595,1413.5381619594,89.4637367254118,78.3853601892743,87.5896974453118,74.406534029558,90.0539012197544,92.4521966207112,37420.3074673467,101.711949711818,96.7675620433773,114.133221445161,84.7847461222078,0.947405260738715,0.804810883345626,0.974059076056399,97.2303695428039,135.12680109336,97.6346060338991,97.8488856025716
"Canada","56","Administration, waste management",2011,44694.614,6571.0489848408,2481.44575262164,4089.60323221916,32667.5156999602,1417.1229559594,90.6950905389101,84.5210732129708,97.9755290319815,78.494238259989,90.4269150243752,92.6866593955074,39238.564684801,101.468286743982,97.8512885569659,107.304707679684,91.1901170720882,1.05706182174401,0.846877412261054,0.975619529435303,98.4241403472076,136.05702453883,98.1578718611821,97.9793584023701
"Canada","56","Administration, waste management",2012,47485.95,6878.6628653538,2554.81397719453,4323.84888815926,33745.0963999624,1443.54454895941,94.9943657511604,89.3119639288123,104.523217946543,82.4683926153676,92.6536972043584,94.414758697533,40623.7592653162,103.1873118958,100.613894545327,106.362419515125,94.5953420427965,1.10706439743593,0.873469293922185,0.981347603727756,99.0336562308814,136.454177898425,98.4780438425633,98.4575099284425
"Canada","56","Administration, waste management",2013,49679.732,7395.29573988219,2584.26563732811,4811.03010255407,35337.2740999621,1479.1326399594,95.6080820015002,93.7945523217723,104.675467556439,88.9558597920025,94.8039295771009,96.7423910707023,42732.5698398443,101.047189693715,98.8274953134318,101.933512805207,96.9528986039061,1.08200207166617,0.919512726608036,0.979962646445395,99.4518910457996,136.261579176409,99.0336086621513,98.3423322689415
"Canada","56","Administration, waste management",2014,52426.749,7907.37267292299,2496.92591777352,5410.44675514947,37136.2406999668,1510.12740095938,99.3502554100658,100.707291615496,102.900697214168,99.8004076336882,97.5363952862355,98.7695975623974,45043.6133728898,101.303894125485,100.587891276262,98.6524945873717,101.961832487851,1.0418256199653,1.0104365118086,0.987514353539987,100.328952567297,135.96309730155,100.126098522143,98.9676562601115
"Canada","56","Administration, waste management",2015,53809.994,7762.5441595408,2252.35790464354,5510.18625489726,38163.6493999673,1523.24229295938,101.188745422822,101.260921260244,96.1798322626647,103.582699318869,98.8217027359204,99.6273745976934,45926.1935595081,101.970155095019,101.567210650119,99.9287229105529,101.639656438952,0.965395631984179,1.03970118390802,0.991913147716415,100.274263592127,135.423022042349,100.469866037106,99.3324081733287
"Canada","56","Administration, waste management",2016,54977.414,7852.43113579188,2363.8191419106,5488.61199388128,37652.908599961,1532.20529895938,101.181248278609,99.32432512884,95.766052564197,100.964318858748,99.4191407881029,100.213598312995,45505.3397357529,101.789411695608,100.965587487031,101.869555264896,99.1126222397708,0.955619338855521,1.00749120437137,0.992072358060522,99.8440088564777,135.353439220879,100.090231113754,99.3456286295406
"Canada","56","Administration, waste management",2017,55828.728,8242.63508827712,2627.38665656822,5615.2484317089,38135.1309999603,1528.93950995939,100,100,100,100,100,100,46377.7660882374,100,100,100,100,1,1,1,100,135.687487954388,100,100
"Canada","56","Administration, waste management",2018,58252.422,8520.59910521705,2948.11616107719,5572.48294413986,39707.7930999668,1540.8264989594,103.096256654977,102.695166126463,110.389272439839,99.0678984279275,101.089561377504,100.777466271398,48228.3922051838,101.700686072252,102.300901649317,100.390564175162,101.902905407347,1.09537654124541,0.983036209316214,1.00309687391094,100.334585214799,136.417376977887,99.7977843874162,100.254740953259
"Canada","56","Administration, waste management",2019,60622.699,9003.44123888438,3303.67552456955,5699.76571431483,41239.1230999634,1543.19407095941,104.421829007064,111.018683715804,129.148105221003,102.512235805587,101.296406979689,100.932316871084,50242.5643388478,101.419178489635,103.457279337437,94.0578878365849,109.993198568505,1.27955157698359,1.01565325144097,1.00360726990018,101.70784067831,137.769039170042,100.171451018179,100.296673906266
"Canada","56","Administration, waste management",2020,56410.858,8323.64737931699,3255.36391988351,5068.28345943348,38900.7586999639,1329.34282195941,89.3631396613266,114.789102627953,136.496384934433,104.583902228111,88.7098884930136,86.9454163032726,47224.4060792809,96.2255217876158,102.78073699667,77.8498460354417,132.024329180919,1.56990892375881,1.20286849698108,1.02029402198255,105.062126769659,139.679579413173,102.059676365953,101.665889505503
"Canada","56","Administration, waste management",2021,61740.459,8449.0574594536,3260.61100066495,5188.44645878865,42736.5802999606,1455.87306595942,98.4457184581981,114.212570443153,132.918231843489,105.491353976668,97.5773588319835,95.221103024415,51185.6377594142,98.0361734264289,103.386450410007,86.1951693024872,119.944599270047,1.39589048668559,1.10785687863351,1.02474510095692,103.355629929488,138.59551545718,101.187180538359,102.033582443124
"Canada","56","Administration, waste management",2022,69930.0190050371,9809.19684317623,3534.70962824307,6274.48721493315,48052.4219999631,1551.45968895941,103.032953710498,117.098075762837,136.284097795434,108.154952398502,103.791786519757,101.472928055906,57861.6188431393,97.0565470393247,101.537381136506,87.9885967717987,115.398341218973,1.34305868970637,1.06585031565182,1.02285199124808,102.689654470637,138.262262494621,100.77770222722,101.876596792566
"Canada","56","Administration, waste management",2023,75296.4411184415,10598.6110887759,3853.97202864297,6744.63906013291,51670.774199968,1585.08455195942,104.058835985925,119.324955017562,140.354159985643,109.551663424339,106.400354004885,103.672155872374,62269.3852887439,95.7169772427815,100.372983575288,87.2062645828023,115.09836369609,1.35382696351396,1.05671250397457,1.0263156303595,102.644260893627,138.330172533807,100.683705628985,102.162893986874
"Canada","61","Educational services",1963,8.00521581969901,13.2860162120505,0.421949080004846,12.8640671320446,9.28277088241008,13.9389024037407,6.16066696703647,6.69072535499596,0.143241946457248,14.3201311597765,4.25082958838252,8.78164963306356,22.5687870944606,126.010731901828,70.1538688567249,92.0777141515202,76.1898462653861,0.0163115077966595,1.63068805499369,0.484058208423373,78.4864687318691,100,104.686693369696,70.9331592041794
"Canada","61","Educational services",1964,9.4501694197586,14.1553770206651,0.230007155238168,13.9253698654259,10.8259570369664,15.4118178097227,6.04441773387555,7.44804974022332,0.107104396466891,16.0915804012782,4.84338682624178,9.70960125076081,24.9813340576315,109.975701135539,62.2519666644593,81.154368521904,76.7080907636626,0.0110307718824703,1.65728540088269,0.49882448322605,78.7944224515191,99.4557231762066,105.645829943474,71.8390962528713
"Canada","61","Educational services",1965,10.4088355482099,13.9477751858449,0.211610850085951,13.736164335758,11.878904031332,16.6202036560091,4.76875209286608,7.86132146990921,0.0896493893181193,17.0478356394342,5.29590252439867,10.4708965677287,25.8266792171769,80.9176595377237,45.5429204368552,60.660947540683,75.0778256576215,0.00856176820563951,1.62811613400668,0.505773549585109,77.863343073811,99.2367137780118,104.629005217692,72.284389474551
"Canada","61","Educational services",1966,12.0684862476047,15.0757680787325,0.336185990128715,14.7395820886028,13.6380331771132,18.3289218255091,4.0733596391161,8.05868266878208,0.0836696908113508,17.5084436155039,5.69615620101735,11.5474063137308,28.7138012558457,65.9273213002167,35.2751044559032,50.5462220878306,69.787815980803,0.00724575619304751,1.51622304955918,0.49328446979857,74.8918068391339,99.0720479031115,100.807376380571,71.4444619201317
"Canada","61","Educational services",1967,12.7895103552396,17.1891091159949,0.352167293976748,16.8369418220172,14.3411443664725,18.8458221473539,3.19679352562126,7.70764701940075,0.0777782154388983,16.7561994606461,5.72083934035176,11.8730587496386,31.5302534824674,52.8815594408297,26.9247680233922,41.4756088022023,64.9171134576874,0.00655081534413075,1.4112790826674,0.481833658957167,72.0478922338972,98.9578519050006,97.0912725075862,70.6685916687478
"Canada","61","Educational services",1968,13.8866686014689,18.1351592974346,0.263916904131382,17.8712423933022,15.2966995624778,18.8397558504042,2.78650736899066,7.68318212342152,0.0998397255133357,16.6241515609662,5.83444066279208,11.8692369211445,33.4318588599124,45.7620046963858,23.4767187436172,36.2676209444031,64.7318961991087,0.00841163810080124,1.40060828437514,0.491559878832506,71.9360331667869,99.1939669948254,96.6983598101466,71.3158183730831
"Canada","61","Educational services",1969,16.75559218642,17.586561506448,0.263097535887223,17.3234639705598,18.1695671822127,19.8052932740126,2.67120907797333,7.42034092728711,0.0771824839888434,16.1097587234539,6.21151312605012,12.4775352732059,35.7561286886606,43.3349159132835,21.4081468774483,35.9984683203758,59.4696048924139,0.00618571555189944,1.29110103644009,0.497815713604005,68.849905533639,98.9617212730908,92.7692759128206,71.7526208469444
"Canada","61","Educational services",1970,19.6135639635931,16.4096006013272,0.403952728213137,16.0056478731131,20.2527210643915,20.4193628372565,2.78165135148328,7.2417785849066,0.0743476843468826,15.7263628366346,6.15800632352913,12.8644053149453,36.6623216657187,45.8557869910801,21.6228522297233,38.411162656655,56.2931469245099,0.00577933316983638,1.22247103162743,0.478685658043986,67.097371218684,98.8999512992506,90.4648044126573,70.2770177370833
"Canada","61","Educational services",1971,20.7826294487414,21.545702746981,0.437548762425428,21.1081539845545,22.4200371831101,22.062133184503,2.61861400044072,7.93933873419201,0.067320764149224,17.3169638544371,6.87154090578685,13.8993672652659,43.9657399300911,39.0074092294715,18.8398072406113,32.9827720936411,57.1201449869749,0.0048434409181673,1.24588145085652,0.49437796517246,67.5577098068339,98.716925365637,91.2547531149747,71.4915033693784
"Canada","61","Educational services",1972,26.2637001481792,17.8820924384199,0.459231547227491,17.4228608911914,26.8603777393352,21.2110289787791,2.72193342926538,8.12462716008875,0.0606988429420656,17.7746501782957,6.88231083924109,13.363162999004,44.7424701777551,40.0976042644771,20.368930839714,33.5022564805994,60.7986833708031,0.00454225118309113,1.33012297908965,0.515021094912488,69.45969036945,98.652883009175,93.8877777371091,73.1336022111094
"Canada","61","Educational services",1973,31.8470319430669,14.1642461779515,0.436027277102861,13.7282189008476,30.8384645687692,18.9335981769819,3.01922681100899,8.28955889318883,0.056330255068397,18.185744394257,6.25577260816988,11.9283585369566,45.0027107467207,46.9531789350796,25.311335182077,36.4220442838009,69.4945483698028,0.00472238111336725,1.52458063177038,0.524445386914565,72.8569376124376,98.6911663845366,98.4431078482193,73.991041598896
"Canada","61","Educational services",1974,38.2201438066733,18.3399141503395,0.43394417068276,17.9059699796558,35.3207224924014,18.6142568227777,5.56127296869968,8.48492490209708,0.0483041877808502,18.7059515018815,5.96102510256402,11.7271702507673,53.660636642741,88.6548111462096,47.4221218740798,65.5429839729659,72.3527050487046,0.00411899774182009,1.59509507424928,0.508308907869229,73.8272633095693,98.5713293629751,99.8749427955715,72.4539226954577
"Canada","61","Educational services",1975,45.0773337545492,39.9861430570858,0.714966505344491,39.2711765517403,40.3675412234863,17.7903898614636,5.50977054080998,9.61834778991503,0.0592542225705736,21.1692008412354,5.60277573491985,11.2081257242359,80.3536842805721,86.3829725647367,49.1587146358998,57.2839604176826,85.8158449196981,0.00528672001264631,1.88873691838237,0.499885161245534,79.3089086875052,98.780480123188,107.061439245552,71.7547077899051
"Canada","61","Educational services",1976,52.4679990216959,62.5789093279262,1.81949323444245,60.7594160934827,46.020186431157,14.9156129415773,6.04985156246562,10.8268067995046,0.13625230547722,23.4200532928178,4.73416372754447,9.3969871602063,108.599095759083,96.231907801534,64.3807579953403,55.8784475838476,115.215724092432,0.0144995734435194,2.49229384839381,0.503795913182937,92.9007854087145,100.067046000592,123.808378526414,72.0141110639359
"Canada","61","Educational services",1977,60.4544146605653,66.0793690251363,1.33874384072424,64.7406251844111,52.4914635356331,15.6818956677366,6.96608057797132,11.2812470422959,0.169963707441224,24.2999501896222,4.9681908714191,9.87975303560221,118.570832560769,106.014159902268,70.5086509032025,61.7492069081895,114.185516597868,0.0172032344157542,2.45957060890652,0.502865896902075,92.4290680773894,100.307247777426,122.907193507652,71.9564873655239
"Canada","61","Educational services",1978,68.3017226285509,70.1856522559746,2.58171129796436,67.6039409580093,58.5203348945003,14.7705138982042,7.21208021715281,12.4843395693519,0.286336634324567,26.5716933290295,4.84460606163909,9.30557329388544,128.705987150475,104.974135195153,77.5028038508038,57.7690167516583,134.159811277347,0.0307704453322307,2.85546010867373,0.520613390345591,101.019785533963,101.225651120058,133.135950766577,73.0850699196997
"Canada","61","Educational services",1979,74.4538334249396,75.2706827481461,3.5053994895755,71.7652832585696,63.4843394383463,16.8380894553635,7.39990459105984,12.951389203711,0.338132741408226,27.4116061693752,5.37086354609248,10.6081668272175,138.755022186492,100.726874900284,69.7566762626116,57.1359911640947,122.088853000327,0.0318747571484901,2.5840097177813,0.50629516235665,95.9700889292193,101.306565193619,126.381414077416,72.1613288494261
"Canada","61","Educational services",1980,86.6771549947522,81.1538977448245,4.32194476437621,76.8319529804473,71.7556654719532,15.3058883804857,8.34739541145148,13.3281654239557,0.414054961879043,27.9541858394107,5.05569155458527,9.64286463790241,152.909563216778,115.068874997964,86.5655147604277,62.6297404476094,138.21790437219,0.0429389997088159,2.8989503523189,0.524293531479565,102.577577340115,102.117690275685,134.013294057276,73.338937028323
"Canada","61","Educational services",1981,58.8088724926161,86.1771002427956,4.19773424069855,81.979366002096,55.0670294610361,15.6886412379771,7.2253071370324,13.6126292527787,0.395537787161045,28.6534744764276,5.10696645477355,9.88400281314651,141.244129703832,97.9825755963568,73.1010226688946,53.07796901585,137.723850449261,0.0400179759798275,2.89897473909216,0.516690105346883,102.368263120064,101.909322481517,134.013904449788,72.8801514999611
"Canada","61","Educational services",1982,63.5461861767061,105.39588297804,6.40362831492921,98.9922546631096,60.4332854715187,16.0301237038328,9.02408620629916,14.5052009936679,0.528360506340678,30.1373234772397,5.30117729297458,10.0991402238349,165.829168449558,115.985355129454,89.3549946459948,62.2127622377556,143.628077956917,0.052317375007201,2.98414744317668,0.524913722899235,105.079981979886,102.846786906817,136.317942836383,73.3154807864928
"Canada","61","Educational services",1983,70.9728166473861,131.571761581328,8.34713844606375,123.224623135264,67.5309090887783,19.5684024387158,9.94742697386808,15.5301236759303,0.676305139395248,31.8868683723349,6.31285287759509,12.3282916486647,199.102670670107,115.028491318799,80.6877972824848,64.0524646257988,125.971416953073,0.054857976974328,2.58647907439703,0.512062259516617,96.5148124339887,103.043366311326,124.966587306536,72.6789199722946
"Canada","61","Educational services",1984,69.933076618721,161.17491921091,13.8331486955373,147.341770515372,67.1989049794568,28.082418287846,10.2265992286369,17.8935167057696,1.06701785320673,35.8290118368075,8.16921682449408,17.6922078302822,228.373824190367,98.9309140639664,57.8028436401979,57.1525396421341,101.137839196886,0.0603100451589999,2.02512949093228,0.461740948493243,83.0685920976369,103.544942245838,107.062127753057,70.3364318273401
"Canada","61","Educational services",1985,76.8862261109177,174.993002923196,20.9259059298225,154.067096993373,73.5247288927694,29.8077793058796,9.83454044522159,20.7939739868977,1.59352530182761,40.4695574503317,8.89768994580014,18.7792027393541,248.517731815966,83.4482563957577,52.3693182384794,47.2951464276061,110.728736866563,0.0848558548488419,2.15501999802807,0.473805521421522,88.5470784193157,106.136169128372,111.35611578527,70.8737507655396
"Canada","61","Educational services",1986,91.0486679463766,181.57290853999,23.209053967024,158.363854572965,84.140129398494,28.0761920986246,9.62812665912289,22.8552961604667,1.8115671177543,44.2701666567162,8.92202782616904,17.6882852680382,265.713037938484,76.4476098174374,54.4322217401165,42.1264576556959,129.211485534808,0.10241620882425,2.50279583271478,0.504403207601513,98.5560766319131,107.862396945901,121.959710524988,72.245157647177
"Canada","61","Educational services",1987,86.1986783926052,187.183441501988,26.2890685267746,160.894372975213,82.3045266534813,32.0219379969619,8.86284960891514,24.3282057380007,2.09236922379942,46.5314917583744,9.65407183974923,20.1741451310785,269.48796815547,65.7743472168857,43.9317232593009,36.430346341043,120.591011812058,0.103715384726568,2.30649137577047,0.47853684887381,93.9775151165578,107.988169259865,116.159785722058,71.0718687808964
"Canada","61","Educational services",1988,93.3840009337689,197.344536494281,32.3444068562561,165.000129638024,89.1428978202159,36.0849987442593,9.01658030325687,27.3159231390234,2.78086685704201,50.6906084392242,10.6898607912615,22.7339145366699,286.487434314497,59.8525387645938,39.6613627130211,33.0085139622312,120.154947776208,0.12232239426063,2.2297351543862,0.470216458939296,93.7423195072842,109.879572583442,113.876799474929,70.6885966792916
"Canada","61","Educational services",1989,100.068765554528,201.548892263522,32.8491467162196,168.699745547301,97.0772601071892,34.297859625327,9.0220882666706,28.325737258387,2.99710041957399,52.16942775133,10.7144393480049,21.6079987985847,298.626152370711,58.3821941500958,41.753465236501,31.8512036751991,131.089128254868,0.138703285182074,2.41435721269788,0.495855236196454,99.4781868078987,111.42945619321,119.163330682534,71.8926100703504
"Canada","61","Educational services",1990,117.686122708078,229.634044619405,36.0303328855376,193.603711733866,112.764871411618,34.8191368267472,9.25247123142457,29.4744576869096,3.53695849085337,52.9948525812075,10.8582768156566,21.9364087129369,342.398916031023,58.0390900909246,42.1786052243272,31.3914893013751,134.363186210728,0.161236897850443,2.41583995241455,0.49498880868558,101.143013907192,113.249327354821,119.204686065106,71.8514816731107
"Canada","61","Educational services",1991,125.927001181136,250.592903836381,47.3842272146742,203.208676621705,122.564406389365,32.7639684066198,7.48125436416997,32.5335999366813,5.0824147337137,55.3454452121466,10.8758787646591,20.6416318015459,373.157310225746,43.8959754400625,36.2435220049303,22.9954704635528,157.611569906236,0.246221557606365,2.68125338850399,0.526890454651195,112.576748204389,118.955076455959,126.304256460612,73.3427162551098
"Canada","61","Educational services",1992,130.457225303025,256.674651598248,46.5322192739981,210.142432324249,127.608847623963,31.0353183783647,8.36075077126265,34.5895309266208,5.81004015098331,57.8769552931771,10.6242517756692,19.5525647827362,384.283499222211,47.4492695132014,42.7603788258241,24.1713331961609,176.905338562854,0.297149771170341,2.96006973695232,0.543368703478215,121.629246807647,121.761604221567,133.310285129677,74.0924568525326
"Canada","61","Educational services",1993,147.842349843679,262.47296050348,48.0738541811364,214.399106322343,145.702444680194,37.0301098512717,8.11749366446244,37.3063353178059,6.52545350410752,61.8607191068875,13.157258688705,23.3293441024779,408.175405183674,40.727462926538,34.7952073954804,21.7590218800935,159.911633837333,0.279710114242536,2.65162701682286,0.563978937037822,113.838160044758,120.88521612748,125.674158831989,75.0488781600187
"Canada","61","Educational services",1994,142.010736519763,302.051390852298,60.3926755515688,241.658715300728,145.144583249443,29.4211248901503,6.13789288534175,41.0489846757051,8.00514491490845,66.3366892489872,11.5504969611599,18.5356065429204,447.195974101741,30.2265431959582,33.1140654670731,14.952605853305,221.460164147601,0.43187930734136,3.57887879716157,0.623151820492842,141.095841111886,127.708979074217,147.447745203285,77.6443408631868
"Canada","61","Educational services",1995,127.003365951312,313.445731098684,64.3164905821205,249.129240516562,134.912017871186,27.571296180221,6.03405153707801,42.5869667219917,8.56775723400364,68.279923392459,10.9621655568905,17.370195727832,448.35774896987,29.4509988474908,34.7379593852804,14.1687751007682,245.172635871657,0.493244714581749,3.93086666738331,0.631090502873607,151.312610407724,130.093639313438,155.226223703394,77.9523389498293
"Canada","61","Educational services",1996,653.533347883767,344.85787279536,70.2288184999928,274.629054295367,597.48767599149,48.6213896460558,28.8371292096218,43.8748472687804,9.92801783084061,68.238978116456,26.3547616547278,30.6319677243555,942.34554878685,91.9312110797992,94.1406359170762,65.7258794155191,143.232219567454,0.324106434172913,2.22770468846502,0.860367897089848,113.649265105018,124.273785647137,122.04139503322,90.1047143918943
"Canada","61","Educational services",1997,1127.42285897634,357.74297623132,74.1600760693867,283.582900161932,1007.95676607076,83.9586608910605,42.0182591365791,45.9362615926152,11.6313449334085,69.3621143994324,50.6046463266469,52.8948063664342,1365.69974230208,84.3937165515091,79.4374004235752,91.4707851266112,86.844559510034,0.219895784339037,1.31132183222147,0.956703498942372,97.128192038091,121.20699958774,106.924242963911,96.9102258844902
"Canada","61","Educational services",1998,1363.65223014123,450.667244932314,145.40944961721,305.257795315103,1222.46449704639,101.330384614535,48.62860056977,57.0971055462076,24.0090600215582,71.8581648608072,59.4768134639185,63.8391681851233,1673.13174197871,81.8749189007078,76.1736124580366,85.1682411999254,89.4389873324087,0.376086667544537,1.12561248687373,0.931666485557038,97.8907076518496,125.88782550329,103.786437741614,95.0412634845648
"Canada","61","Educational services",1999,1540.27120646417,434.329185128382,155.690647822975,278.638537305406,1373.2849529052,106.82082652512,54.869835460151,60.8251770120053,28.6741132621739,72.1577607592939,63.0074274625703,67.2982021745212,1807.61413803358,87.0824670315559,81.5323941609312,90.209084717207,90.3815778826755,0.426075472087868,1.07220933736343,0.936242357547326,98.1525663618657,127.254446913282,102.940902202349,95.3888936863139
"Canada","61","Educational services",2000,1635.14745375867,450.149068313644,147.719999104652,302.429069208991,1455.65195975204,102.923299193344,56.734441089288,63.8173570274696,31.1791454322001,74.2837359811779,61.2607018856555,64.842720496584,1905.80102806568,90.9444540328188,87.4954669619035,88.90127033131,98.4186914718232,0.480842648078633,1.14559869500064,0.94475835400649,100.164984540801,128.519756590108,104.012477898456,96.0491232433856
"Canada","61","Educational services",2001,1703.29128242886,477.923943065931,145.341891249434,332.582051816496,1516.0742466673,105.536542071031,57.7360895541284,67.1267153578414,34.2369489692669,76.5627416875416,61.3177899603394,66.4890899662335,1993.99818973324,91.3785319620849,86.8354335778241,86.0105983829939,100.958992508292,0.514925816952138,1.1515083410891,0.92222333004527,100.774189544291,129.183329924567,104.09960898149,94.298218133316
"Canada","61","Educational services",2002,1858.63749839544,508.538028655424,138.702891253254,369.835137402169,1640.60233519778,109.472976795084,61.2195816021481,69.4004286324145,35.2832516316853,79.2462930133795,63.9039981701257,68.9690836952075,2149.14036385321,93.1479193952462,88.7638030290405,88.2121087845192,100.625417816356,0.511580692990084,1.14901182917827,0.926560057728681,100.69479329127,129.125488637379,104.061333671085,94.6358588041315
"Canada","61","Educational services",2003,1847.62896354343,543.148278579621,133.496882990157,409.651395589462,1647.64803475217,107.9887351947,59.4769568613232,73.6040905256602,35.6512891618066,85.4822420874812,62.6414422995629,68.0339964603699,2190.79631333179,90.5754711798132,87.4224063788003,80.8065916398872,108.187221617261,0.524021680581026,1.25646362899282,0.920737360123358,102.478070089948,129.32028289938,105.745028828339,94.1848860577326
"Canada","61","Educational services",2004,2032.96139464721,580.406462709674,128.815702935139,451.590759774534,1787.49500505339,110.286230006118,66.8903426430965,77.4428886638611,36.9380185465613,90.3643690358991,65.2344159164013,69.4814414516078,2367.90146776306,97.5685061392217,96.2708044704054,86.3737701384466,111.458379454891,0.531624240586428,1.30055403497689,0.93887539684731,103.233366015103,129.427746508945,106.436026443703,95.579522649855
"Canada","61","Educational services",2005,2137.93590920822,644.362812900044,129.939372399736,514.423440500307,1885.77300084594,113.260665240571,74.7599138926872,80.4330669445794,40.5073617679596,92.4849976665594,66.3024189917219,71.3553657627641,2530.13581374598,106.712009774529,104.771257344882,92.9467403551811,112.721819984773,0.567684873239033,1.29611833220847,0.929186169574943,103.524559150994,129.877693746668,106.364408854496,94.8386725903733
"Canada","61","Educational services",2006,2412.23359280124,730.352122780038,155.036274906877,575.31584787316,2101.79539129421,119.502106259711,83.3006949129669,88.7541735879996,53.7584289969005,97.2463467408589,70.017967870009,75.2875367937351,2832.14751407425,111.333218446657,110.643405881621,93.8555242479661,117.886940345995,0.714041543744248,1.29166593678425,0.930007420243232,104.720077796291,131.467716456531,106.29005143651,94.9010059271252
"Canada","61","Educational services",2007,2563.81,745.479164550252,157.697856691948,587.781307858303,2236.12589998305,121.506638979948,85.6420987159602,92.8938983534539,61.0136788572498,99.5813741046525,71.1050944556453,76.5504127015551,2981.6050645333,111.851965351263,111.876730240307,92.1934596716985,121.349964128367,0.797039188999831,1.30086005535839,0.928866245736136,105.492879354315,132.248015368721,106.441040880412,94.8141157816285
"Canada","61","Educational services",2008,2654.932,817.475690694298,118.281555527535,699.194135166762,2325.71439998333,123.807272979948,84.9835344120518,91.104246642502,52.9943296483163,100.247736330566,72.7422358048038,77.9998354133812,3143.19009067763,109.668381348672,108.953479147307,93.2816389399846,116.800562667434,0.679415916295958,1.28523010079799,0.932594734582281,104.469767086235,131.295732462967,106.171455736221,95.0974874908402
"Canada","61","Educational services",2009,2705.044,947.227406415588,134.944926171727,812.28248024386,2394.83299998331,124.283800979945,87.0286350914892,97.2579622054413,66.0365947065676,104.270268976937,74.1210347476729,78.3000528777921,3342.06040639889,108.831840518486,111.147607048645,89.4822728319721,124.211872956508,0.843378673187299,1.33167558826145,0.946628156986796,106.231019916226,132.407508420763,107.052342231054,96.1374928423555
"Canada","61","Educational services",2010,2699.349,1085.71883930695,168.993924889268,916.724914417678,2371.78329998299,126.239720979946,84.9259143068846,102.985106194345,78.8495189092459,108.111730896459,76.0289063384069,79.5323022797034,3457.50213928993,102.558300579021,106.781662132969,82.4642683249938,129.488400615088,0.991415018163863,1.35934366034376,0.955950024821669,107.559454615577,133.36655682909,107.613175998525,96.8004261832834
"Canada","61","Educational services",2011,2990.657,1041.35481069565,157.086012348273,884.268798347371,2556.60299998317,132.491046979944,90.2021694349665,103.075641365929,79.3616974140032,108.09809692863,79.3906379430327,83.4707009486912,3597.95781067881,105.660200446252,108.064468621646,87.5106555143706,123.487211913183,0.95077310375992,1.29504240050742,0.951119818579617,106.030400198298,133.108515527058,106.289245118961,96.4586304618543
"Canada","61","Educational services",2012,3140.644,1114.0166589648,164.819204700087,949.197454264714,2618.92099998307,135.182637979944,89.9255459469402,106.745925215815,88.0164062583115,110.606175915165,82.2098838187338,85.1664305286017,3732.93765894787,101.721060349493,105.588017941811,84.2426029519463,125.338028790541,1.03346360428658,1.29870625349292,0.965285069580614,106.495054532523,133.596797882359,106.364349112519,97.4707524270583
"Canada","61","Educational services",2013,3381.654,1111.79813413994,142.256285203707,969.541848936234,2820.6500999832,145.359943979941,91.0430812203604,101.288260723683,76.9326427779183,106.336771943219,90.4479517104462,91.5782363445646,3932.44823412314,97.7179829151833,99.4156306721275,89.8851264400008,110.60298250622,0.840075610196925,1.16115767444052,0.987657715640366,102.694332811863,132.489736072068,103.423941988863,99.0680695771885
"Canada","61","Educational services",2014,3494.503,1106.89363892312,156.047072925284,950.846565997836,2919.11639998333,144.557174979941,91.3734729060989,100.847793452801,87.4625241059121,103.714725216927,89.0964179880328,91.0724837472588,4026.01003890645,99.2637752057757,100.330494070718,90.6053268769472,110.733549040641,0.960361686726751,1.13881516073233,0.9783022744311,102.728121091495,133.155682527663,102.940074961427,98.3904207413281
"Canada","61","Educational services",2015,3563.169,1039.22314028144,134.696046182971,904.527094098471,2967.56259998364,148.61167697994,88.5151756392686,96.3435154933158,78.5900802869213,100.036289034641,92.1215660613632,93.6268610554026,4006.78574026508,94.9866583553501,94.540364422653,91.8745544897722,102.901575901712,0.839396722276277,1.06845714901673,0.983922402427347,100.734601546706,132.508537349647,101.43497267428,98.8043327713639
"Canada","61","Educational services",2016,3693.278,1069.63572970436,157.679385616214,911.956344088146,3037.49109998355,151.848521979939,91.8589062214181,98.9835897854209,86.0256909288973,101.73712847518,94.732199775269,95.666106175513,4107.12682968791,95.8810210329073,96.0203251639509,92.8021568227139,103.467773219307,0.899228518521188,1.06346053521326,0.990237854998189,100.87836491658,132.837437789744,101.328572691447,99.2733066382137
"Canada","61","Educational services",2017,4083.744,1073.93200261555,194.117564987915,879.814437627639,3176.9586999841,158.727607979937,100,100,100,100,100,100,4250.89070259965,100,100,100,100,1,1,1,100,133.431773157175,100,100
"Canada","61","Educational services",2018,4378.974,1095.69703025812,198.486554394221,897.210475863893,3384.86469998385,163.458410979937,103.64634414613,104.513612303191,102.768435036424,104.903487064951,103.059752848345,102.980453785077,4480.56173024197,100.219567575355,100.646618204308,99.1701864111775,101.488785941179,0.99794117484571,1.01867376972224,1.00077003994791,100.36804610432,133.419403779487,100.377417712428,100.057855977547
"Canada","61","Educational services",2019,4733.578,1167.56817009164,216.886026167476,950.682143924167,3622.28179998401,173.197305979934,113.550674933637,112.681858913227,115.30424277509,112.094894807916,110.781600059037,109.116056232527,4789.84997007566,102.068489011457,104.064130297799,100.77103451149,103.267899156015,1.05671197032062,1.02729972726507,1.015263966496,100.794805702719,133.761798752172,100.546299531877,101.151242383056
"Canada","61","Educational services",2020,4442.954,1064.00629792708,231.436893634599,832.569404292479,3378.40159998336,129.412721979943,108.095461360941,118.104642875197,131.194614954499,115.082792827542,85.5040950760198,81.5313250334498,4442.40789791044,116.91719264676,132.581509397269,91.5251583082698,144.857995165346,1.60913139705105,1.41151628261072,1.04872691619988,109.383790582395,136.528829026252,106.9031484006,103.669644893649
"Canada","61","Educational services",2021,4923.927,1132.83525786753,232.835041291292,900.000216576238,4031.18699998371,158.889232979937,118.681183387701,121.851044436953,129.997754490246,120.026414881179,104.384110022704,100.101825386306,5164.02225785124,109.288394234263,118.56045874258,97.3985770381369,121.727095351872,1.29865518424432,1.19904321842266,1.04277928619056,105.103580361606,135.114050333976,103.79518237896,103.216306819997
"Canada","61","Educational services",2022,5684.2837439896,1383.62764136609,272.573361882484,1111.05427948361,4549.00419998423,171.775311979935,132.776608750513,128.334883842234,144.215132794529,124.769311591768,111.36634205664,108.220185616133,5932.63184135032,114.937666801151,122.69116708179,103.461042528187,118.586826580995,1.33260844059234,1.15292087960685,1.02907180783876,104.483775212556,135.272866300858,103.061756048764,102.164982426927
"Canada","61","Educational services",2023,6385.26016683511,1654.01610428415,320.382596167319,1333.63350811683,4983.03539998443,189.661894979931,137.33464032164,144.564280817707,159.693083285299,141.133606611261,123.776661517195,119.488913991512,6637.05150426858,106.617732971534,114.935047724508,94.9990132727297,120.985517391159,1.33646777722529,1.1811439396067,1.03588406139492,104.989701277303,135.291296059177,103.546713072362,102.677748419854
"Canada","62","Health care and social assistance",1963,510.885635454052,23.355335973798,0.0585608651289652,23.296775108667,411.063202419067,133.974655562421,11.9848383314004,1.85627248610239,0.000996544909913193,3.08365894520423,14.1517787435826,11.8834451183676,434.418538392865,107.827170699071,100.853230793115,645.640035131098,15.6206593930682,8.38599328718982e-05,0.259492000382783,1.19088181942364,79.617584875775,100,88.0315152865299,117.476934653939
"Canada","62","Health care and social assistance",1964,563.770564603293,27.6252927330119,0.0533843622924753,27.5719083707174,450.682877940249,145.867696466623,12.739897262744,2.15812992055021,0.00129943025084428,3.58418122223376,15.3321817382081,12.9383483631812,478.308170673261,105.380535082243,98.4661790294503,590.3211452393,16.6801036729821,0.000100432467450179,0.277019996805257,1.18501846664131,79.9094431938015,100.002221907187,88.3522322709863,116.930708606627
"Canada","62","Health care and social assistance",1965,623.508470561114,27.4077049291494,0.0457031461957624,27.3620017829519,506.474983457886,160.329765500197,13.2011968681738,2.12031172221687,0.000994720619532961,3.52296016411456,16.6983908529241,14.2211223545534,533.882688387035,100.827265690898,92.8280942885421,622.606418190783,14.909594822085,6.99467028503882e-05,0.247727294392242,1.17419641267467,79.4218317600403,99.9986547271281,87.8162280986565,115.920846965446
"Canada","62","Health care and social assistance",1966,694.865682659492,29.7547857009169,0.0814101998121055,29.6733755011031,604.850261678905,180.849235327829,14.3342446643948,2.3403950138659,0.000951738791732379,3.88988689773284,18.8660274725457,16.0411829662492,634.605047379822,97.0131238532993,89.3590247960778,612.471167451227,14.5899153372299,5.93309604244804e-05,0.242493767817324,1.17609951287508,79.3373346505509,99.9968944266267,87.7243872429717,116.099493510009
"Canada","62","Health care and social assistance",1967,798.922669442843,38.6833423018493,0.117023813483042,38.5663184883645,665.278826867869,188.278453602626,15.5480992943171,2.55848741963047,0.00119172195148532,4.25070361756146,19.4525472815536,16.700148703241,703.962169169718,101.752179140905,93.1015619717185,607.706693221215,15.3201475333806,7.13599604807138e-05,0.254530884311019,1.16481281856959,79.5348757356913,99.9996128892998,87.9404281369715,115.041792892228
"Canada","62","Health care and social assistance",1968,919.469963626225,51.1583827279,0.0868882955336633,51.0714944323643,699.149994044822,191.086823495835,16.9702211754779,3.42793538046398,0.00165525172945347,5.69472824453788,19.4022851303617,16.9492488734033,750.308376772722,109.341817417715,100.123735878983,495.056624234874,20.2247037970106,9.76592969881328e-05,0.33598705683495,1.1447283165927,80.9065666792422,100.004037433678,89.4531108711949,113.179295344572
"Canada","62","Health care and social assistance",1969,1058.21821960565,59.5622943724639,0.109479793737712,59.452814578724,839.437963169794,205.136499238223,18.3173345851242,3.84414871524349,0.00157023314684484,6.38807928157291,20.596672116251,18.1954439086855,899.000257542258,110.768307115098,100.6698966898,476.499114420031,21.1269850548054,8.62981499503453e-05,0.351081254935671,1.13196865213161,81.1442822610635,100.002568211478,89.7172706914384,112.002104060503
"Canada","62","Health care and social assistance",1970,1207.86714343437,69.3741620453938,0.279737959472267,69.0944240859194,975.779023451211,218.851862895129,19.9523672068014,4.44313628047562,0.00237766392796974,7.37781592037936,21.8787610262276,19.4119857285624,1045.1531854966,112.951141294921,102.783751676903,449.06043720688,22.8886232588667,0.000122484322892907,0.380064977563001,1.1270748563366,81.5763966014258,100.009387085808,90.1890738913591,111.549935739185
"Canada","62","Health care and social assistance",1971,1397.61725362934,91.4221180814721,0.352486271088369,91.0696318103816,1045.53128944931,226.643426807083,22.2680450821138,4.89394820247997,0.00245539297983095,8.128463808165,22.686997324235,20.1030912346395,1136.95340753078,121.03192800507,110.769258429987,455.011866918201,24.3442570366852,0.000122140070458422,0.404339000071736,1.12853277435976,81.9463777837693,100.00930578307,90.5981952041968,111.683633600589
"Canada","62","Health care and social assistance",1972,1580.49918079902,114.437492792526,0.697052822559825,113.740439969963,1124.96458057342,237.869320105947,24.6817448531455,7.18522669197934,0.00413156764229238,11.9260723532401,23.3064409475151,21.0988190188363,1239.40207336595,126.619365892824,116.981641631745,343.506835778709,34.0551131585357,0.000195819853168268,0.56524833653452,1.10463248804153,84.3570662513909,100.029900507365,93.2443557084189,109.520674506542
"Canada","62","Health care and social assistance",1973,1760.74059093571,126.302439373536,1.05052537758786,125.251913995945,1139.13049209429,236.404391871352,26.9087772779406,9.68249830872052,0.00620144842446817,16.0585805237966,22.6359214270639,20.9688810525464,1265.43293146782,137.731194314652,128.327196909121,277.911510231872,46.1755602717041,0.000295745319405828,0.765829158148925,1.0795006834337,86.8610257131171,100.058621524776,95.984653981518,107.265840728618
"Canada","62","Health care and social assistance",1974,1979.77000704171,157.40967583553,1.39136317203744,156.018312663489,1332.45935169297,251.712561455071,28.6476077145353,10.8139501710998,0.00701788410132423,17.9330708824209,23.9853846837403,22.3267034880446,1489.8690275285,137.635652704024,128.310960594229,264.913442925749,48.4350507762617,0.000314326927174097,0.80321176352898,1.07429136131019,87.2883701522001,100.063999444749,96.4517031666948,106.801271997683
"Canada","62","Health care and social assistance",1975,2374.13543013612,223.216890194129,1.76240289222313,221.454487301903,1622.71300207802,264.917248186862,32.1387164900382,9.02461138420369,0.00626376086194337,14.9573284291087,24.9183800870753,23.4979486718724,1845.92989227215,152.36142425748,136.772434644514,356.122996567946,38.4059541120982,0.000266566284121696,0.636537624537963,1.06044916665016,85.0239524672262,100.048427346737,93.9642079293705,105.580147417311
"Canada","62","Health care and social assistance",1976,2654.4684047914,306.568054457432,3.69308827929696,302.874966178133,1675.37505445505,255.223522409651,33.2043369669172,8.84290489463305,0.0115138965291451,14.5636089829701,23.4640990099337,22.6381229251115,1981.94310891248,166.255370495351,146.674426482971,375.491282135915,39.0620058203853,0.000508606502722592,0.643322285648308,1.03648606766359,85.222635443641,100.139545401016,94.1001859698102,103.519878922018
"Canada","62","Health care and social assistance",1977,3000.50273876211,361.674900314987,2.30815371137437,359.36674660361,1988.81079532358,272.547910324051,35.2552083518002,9.37063007893814,0.015918994048796,15.3935160119535,24.8723085790763,24.1747823188292,2350.48569563857,166.537978818139,145.834646562011,376.230926360453,38.7620039566584,0.000658495858984303,0.636759239811803,1.02885346602289,85.1213285674543,100.176348897912,93.9528095414246,102.874806286922
"Canada","62","Health care and social assistance",1978,3333.90361047534,394.356455732782,3.49349673143263,390.862959001346,2144.87827922297,287.223933119381,37.2512881679895,10.3712886420167,0.0201513208135115,17.0199276934086,26.1906329276029,25.4765338382646,2539.23473495575,165.827679445063,146.218038939189,359.17704591766,40.7091824494568,0.000790975763871186,0.668062924158288,1.02802967993494,85.7687332274947,100.197999628742,94.6470667119645,102.805165314211
"Canada","62","Health care and social assistance",1979,3775.69550080089,461.360009813699,5.75449227295725,455.605517540738,2399.36812887018,308.893110515258,37.3267443562903,12.7757854596194,0.0278736549608081,20.9399256911142,27.8520797212475,27.3985725944986,2860.72813868388,152.657621685913,136.236091232669,292.167902116621,46.6293833941723,0.00101733967580504,0.764270679390019,1.0165522172801,87.6320345907892,100.24071944113,96.6622771831211,101.838217153887
"Canada","62","Health care and social assistance",1980,4568.83125217303,543.545430895965,9.29262671709548,534.252804178866,2869.90786360863,346.167687979681,40.4000012770733,16.6722691450591,0.0525920762714406,27.176373940122,31.0849275879332,30.7047978932264,3413.45329450459,144.378935381873,131.57553232417,242.31855259514,54.2985796650922,0.00171282926057112,0.885085582866423,1.01238013993867,89.7966966738576,100.364400105928,98.9282887587153,101.487122729144
"Canada","62","Health care and social assistance",1981,5835.53153608445,650.459791252704,20.7315313579079,629.728259894793,3548.85958751774,388.308589852945,44.6401691342765,18.154196068281,0.108919067093712,29.1327698718534,33.336616397459,34.442662286661,4199.31937877045,148.401509709503,129.607196919748,245.89449715304,52.7084576598242,0.00316233008317403,0.845833856552255,0.967887328801805,89.3784714004253,100.60035043871,98.2430195217905,97.7142439456876
"Canada","62","Health care and social assistance",1982,6740.08674633331,847.589820554448,34.5238661538513,813.065954400593,4201.47350725714,408.839130379258,45.6635173831862,19.8976863624907,0.124454159105424,31.8810765519881,34.7859169816146,36.2637048605021,5049.06332781159,144.329597472059,125.920717584822,229.491592898293,54.8694250602148,0.00343192069271935,0.879145599563726,0.959248844414208,89.9599246275674,100.648815645778,98.8348865674569,96.9823507273701
"Canada","62","Health care and social assistance",1983,7601.19150327981,1028.73101408974,38.8594182598582,989.871595829873,4709.23165032054,428.801858323847,47.1576564522309,19.6021663311615,0.137565406650701,31.259504618409,36.3834988614759,38.0343829111123,5737.96266441028,143.995920772784,123.986910902275,240.57369810838,51.5380159498643,0.00361686968793989,0.821874899126497,0.956594956371592,88.9871490825564,100.684772517423,97.7307682323965,96.7605564533045
"Canada","62","Health care and social assistance",1984,8413.51944331229,1136.5242285395,51.805986944155,1084.71824159534,5647.37276586624,466.722241841804,48.9982493201375,21.5413359283942,0.174234633108547,34.1410944092388,40.2187156964197,41.3978906918294,6783.89699440573,135.487082469733,118.359289570781,227.461516235637,52.0348635362859,0.0042087804522595,0.82470613450789,0.971516060946497,89.1353225191364,100.794774192148,97.7866437032202,98.0064410046068
"Canada","62","Health care and social assistance",1985,9137.292076309,1171.5706653457,71.9500905884847,1099.62057475721,6515.08170117608,479.547034867548,50.5064606613664,23.0685720530582,0.250153263569497,35.9651059536567,41.3687838149023,42.5354396068541,7686.65236652178,134.902373717695,118.739717111629,218.940559238779,54.2337689848185,0.00588105508915881,0.845532720152288,0.972572146832501,89.7274735611843,101.081770444839,98.1567579424857,98.0959277314088
"Canada","62","Health care and social assistance",1986,10064.7639961064,1298.29399411081,87.0367747843038,1211.25721932651,6787.67875448598,489.511699740614,53.0131079195856,27.2026509082321,0.346690097938142,41.9423222146393,41.5294506133892,43.4192974353733,8085.9727485968,137.541202479429,122.095729435724,194.882138871042,62.6510618895237,0.00798470077628885,0.965983438056953,0.956474495590423,91.7763567417982,101.393269791066,100.089705557904,96.7245779608366
"Canada","62","Health care and social assistance",1987,11058.1422386653,1491.97493629996,102.214879663424,1389.76005663653,7486.05508056767,511.431662506713,54.5904612658243,30.2211438750505,0.452653666238667,46.0507717567734,43.0625326678257,45.3635806539723,8978.03001686763,135.060684030328,120.339841958759,180.636647942675,66.6198378509262,0.00997834958601377,1.01514851986758,0.94927543300211,92.7019257036217,101.643857175642,100.849305028446,96.1151252034414
"Canada","62","Health care and social assistance",1988,12102.7139662205,1591.09825274779,118.836709060555,1472.26154368723,8362.674322107,551.542435148043,57.3667751462456,32.9998091416608,0.630666185924832,49.3445208271161,46.5974632144587,48.9213742033387,9953.77257485479,130.96884246511,117.263212819419,173.839717981346,67.4547877672019,0.0128914241718458,1.00864952448021,0.952497021460991,92.8903365771404,101.947935602255,100.751319307593,96.3880653301789
"Canada","62","Health care and social assistance",1989,13295.8336334149,1725.92211558168,129.867695019749,1596.05442056192,8830.87491672004,547.799586040445,60.0671115913087,34.5521309138117,0.790785259053156,50.9128209208556,45.6235247836691,48.5893864720044,10556.7970323017,138.550218818877,123.621877024353,173.844883087363,71.110449056029,0.0162748558166871,1.04781773587921,0.938960709247809,93.6863011906525,102.23632050599,101.326978479673,95.2383854756482
"Canada","62","Health care and social assistance",1990,14496.0147580859,2131.55760995939,135.400341508057,1996.15726845133,9767.31720010607,579.059912808281,62.3161371530179,38.2495048001228,0.957789538758638,55.982288634185,47.9201161752812,51.3621525296468,11898.8748100655,135.622653550072,121.326957854908,162.920114858109,74.4702137980777,0.0186477686698545,1.08995215108774,0.932984966851246,94.4301771107157,102.401213058433,101.966039843318,94.7358304834581
"Canada","62","Health care and social assistance",1991,15941.8200349821,2357.22429100089,143.06228607659,2214.16200492429,10903.52814441,609.255779548273,64.8753122101081,40.3166081883155,1.17798369958319,58.4049522089629,50.1826081811499,54.040501831609,13260.7524354108,134.670377885944,120.049425914401,160.914608458829,74.6044296811724,0.0217981635931842,1.08076258046148,0.928611069111083,94.4605248283382,102.578538632668,101.821649156518,94.3708038970041
"Canada","62","Health care and social assistance",1992,16938.6432631598,2439.83993874103,160.288784972634,2279.55115376839,11714.5592009757,640.620227685203,66.777947119093,44.1474093750506,1.7586594083884,62.6174113029801,52.5007185717705,56.8225033716648,14154.3991397167,131.445504000767,117.52024841692,151.261304036634,77.6935311812842,0.030950051547102,1.10198262286003,0.923942372414916,95.1338486657157,102.976883272622,102.14687873573,93.9792334275614
"Canada","62","Health care and social assistance",1993,17172.5687898362,2364.63213457665,169.979762845948,2194.6523717307,12340.009037606,679.251542576266,65.4868881892769,46.7926184329332,2.19999014292582,65.5607895423424,56.1853540732284,60.2490701982869,14704.6411721827,120.644203232065,108.693608007147,139.951322200825,77.6652955455297,0.0365149227313449,1.08816267747492,0.932551388566091,95.1280881037239,103.171888139455,101.947068374834,94.7084605102067
"Canada","62","Health care and social assistance",1994,17890.4662589247,2520.77427658902,196.207218061916,2324.5670585271,12690.1064355167,685.179618590516,66.6200198081083,49.0380508815615,2.57944146539446,68.0856280850619,56.4664637304257,60.7748858137639,15210.8807121057,121.288567030255,109.617679928278,135.853727076167,80.6880181261579,0.0424425555203641,1.12029215972039,0.929108512082759,95.7229423133716,103.361865060461,102.396108549063,94.4158052406232
"Canada","62","Health care and social assistance",1995,18129.6995617561,2863.08515896675,164.828622939568,2698.25653602718,12495.9681320871,708.01522519424,66.1853656050938,51.2416180725986,2.23925275377189,72.1014729985841,57.4835961291505,62.8003859106351,15359.0532910539,117.822383544242,105.390061932542,129.163301422924,81.594431832816,0.0356566718707485,1.14810557217251,0.915338262585673,95.91139753462,103.149321216272,102.809396025313,93.2613367956057
"Canada","62","Health care and social assistance",1996,18677.8347926027,3215.54065980883,228.118511065844,2987.42214874298,12593.7841216448,720.404755490394,66.1249620796823,53.8119081309841,3.54124967755454,73.6078234456845,58.7921453409133,63.8993273686193,15809.3247814536,114.503397050952,103.483033081434,122.881652735166,84.2135752393081,0.0554192011619457,1.15193424527084,0.920074557307247,96.5038396305876,103.723172161146,102.871819437149,93.6496556664464
"Canada","62","Health care and social assistance",1997,19855.2341182924,3360.31440401252,277.64908424393,3082.66531976858,13496.9589999741,738.917519979634,69.3813530648384,58.1873315908443,5.40187456722598,77.3279380079397,60.7777929850909,65.541394816926,16857.2734039867,115.169771042622,105.858829002096,119.237901391848,88.7795137002752,0.0824192799423144,1.17983357272051,0.927319187436565,97.5353562117542,104.361155681447,103.330533032085,94.2380970228526
"Canada","62","Health care and social assistance",1998,20592.7694649219,3441.97756473591,599.658711582844,2842.31885315306,14032.2212999758,749.486988979637,69.8173674405345,59.3138345562659,13.0787911784335,69.6740827256499,62.0748728739895,66.4788982892399,17474.1988647117,113.515563801166,105.021847890393,117.708403044327,89.2220480222163,0.196735979611599,1.04806313760659,0.933753032487255,97.6315040407042,106.692529932468,101.237842799471,94.7620102776219
"Canada","62","Health care and social assistance",1999,21875.4589371398,3943.31657091696,787.200936698083,3156.11563421888,15052.6083999758,795.976121979625,72.4076225937312,71.9621511451848,20.1076036487699,80.0492502115401,65.7748675936267,70.6024473163799,18995.9249708928,108.102850457504,102.556816861124,100.619035759017,101.925859344099,0.28480037750908,1.13380276823589,0.931623054068932,100.296158239354,108.198060715561,102.555094513749,94.5895347179721
"Canada","62","Health care and social assistance",2000,23593.7227786837,3913.50742671043,537.501250829748,3376.00617588068,16436.853699976,811.741607979624,75.2046042375292,71.3055818290082,16.8873774959404,81.9953175105328,67.8832546384265,72.0008333533427,20350.3611266864,109.680730280697,104.449630282005,105.468046551911,99.0343840592475,0.234544194968771,1.13881067331738,0.942812068650522,99.7206922985906,107.487741860568,102.630159819985,95.497343059656
"Canada","62","Health care and social assistance",2001,25330.8717055156,4175.36335947271,510.735934649049,3664.62742482366,16479.2491999769,789.318952979634,77.3342729280984,76.6837103259817,19.6118173319852,87.1498796974696,66.1320289346452,70.0119617344392,20654.6125594496,113.538093196922,110.458657366913,100.848371315565,109.529441007308,0.280120951422192,1.24478557004353,0.94458185853282,101.721567633502,107.976914669175,104.209768991701,95.641222638016
"Canada","62","Health care and social assistance",2002,26818.5835256254,4587.66847303576,445.578736010522,4142.08973702523,17351.9361999772,806.32463897963,79.3350973732284,77.3642455002016,18.8326160281452,88.4600612732609,67.2406863407345,71.5203525224789,21939.6046730129,114.738804629375,110.926602813225,102.547497051492,108.170951025285,0.263318277440343,1.2368515835469,0.940161561977771,101.460849612655,107.826613721296,104.087827907872,95.2855175007648
"Canada","62","Health care and social assistance",2003,28439.1695676525,4894.31016334327,497.501858504109,4396.80830483915,18775.178599976,826.061171979626,80.8522344146825,79.9671558847152,22.0538327179469,90.1864422102991,69.3961243841745,73.2709672618691,23669.4887633193,113.264796055222,110.346891048562,101.106802561846,109.138938481478,0.300990058437837,1.23086190315974,0.947116258697037,101.648982037092,108.124957447122,103.993242037999,95.8433798962101
"Canada","62","Health care and social assistance",2004,30277.2261366906,4953.94672431555,465.951983398471,4487.99474091708,19930.1277999768,844.440080979628,82.4842335871139,77.5375910088346,21.7528757513306,87.284519664509,70.8965324802396,74.9011618350154,24884.0745242924,114.311091062138,110.124104308024,106.379670188252,103.519877541588,0.290421072496119,1.16532931567564,0.946534482821551,100.564476768032,108.048180816677,102.956923327363,95.7964511915923
"Canada","62","Health care and social assistance",2005,31753.2127840329,5333.27153850237,402.026040959822,4931.24549754254,20778.778499976,837.510459979635,83.5118700335388,80.230624850457,20.0035001660139,91.3036713129779,69.8571083263133,74.2865099779249,26112.0500384784,116.304425588127,112.418620902174,104.089766456634,108.001607390492,0.26927500258066,1.22907471814344,0.940374077972867,101.427683764254,107.908914990403,103.974142315888,95.2983770656124
"Canada","62","Health care and social assistance",2006,33402.4445468834,5623.54393085952,384.779428680626,5238.76450217889,21764.2956999783,847.472889979634,84.3686236948574,78.8245541603342,20.6541495347306,89.3545311662992,72.0669501394574,75.1701695749851,27387.8396308379,115.039190463293,112.2368409861,107.033429612867,104.861482428484,0.274765238012764,1.18869668209495,0.958717408074594,100.816661289551,107.940986175649,103.316105777543,96.7736912474775
"Canada","62","Health care and social assistance",2007,35673.637,5788.5985748642,411.834070870099,5376.7645039941,23342.5864999787,896.48438197962,85.9319205814119,81.3728027123351,24.2747776005448,91.3451611845747,76.398976424137,79.5174498341217,29131.1850748429,111.121472819443,108.066746054698,105.602753889643,102.333265065824,0.305276107963516,1.14874359496093,0.960782527401344,100.320821368253,108.101290981787,102.654435029773,96.9399980424395
"Canada","62","Health care and social assistance",2008,37570.529,6273.64812218583,323.459789686727,5950.1883324991,25236.612199978,918.499278979614,87.0982805911116,76.6454683120044,22.2715858290476,86.1834397479272,79.1624954659019,81.4701536435676,31510.2603221638,110.779813654155,106.908207111241,113.637873848662,94.0779719740418,0.273371103809205,1.05785291783025,0.971674802679742,98.6564228719988,107.955792853798,101.086740168569,97.8194128052628
"Canada","62","Health care and social assistance",2009,40170.871,7141.40596173401,628.23540707318,6513.17055466083,26416.5029999767,950.660024979582,89.6219942234136,80.5525424682396,45.4647472098311,86.2679950595811,81.1329901884825,84.3227861691151,33557.9089617107,110.647017460636,106.284431877844,111.259050896811,95.528796103447,0.539175106461123,1.02306860314796,0.962171601229645,98.9678658623893,109.023740751511,100.441706912146,97.0589834401417
"Canada","62","Health care and social assistance",2010,41794.896,8093.80397849961,851.982295900436,7241.82168259918,27126.2963999764,976.650919979584,89.9407400168212,84.5246952725927,59.6719152364634,88.3839275190083,83.6153291935231,86.6281578307416,35220.100378476,107.315738386986,103.823909302737,106.407647761121,97.571848910537,0.688828167777195,1.02026788670373,0.965221139261611,99.4324341462646,109.598231619274,100.386694236891,97.2984424371299
"Canada","62","Health care and social assistance",2011,43830.495,8248.926172302,931.554936230528,7317.37123607147,27832.3408999772,972.369226979592,91.6289865649034,88.9470657499497,68.6878276404793,91.9933222501316,84.1236474078865,86.2483750758205,36081.2670722792,107.555930831203,106.238507663887,103.015187507695,103.128975672593,0.796395614179353,1.06660933808041,0.975365012198013,100.702921861345,109.996600381417,101.301432966164,98.0856618023289
"Canada","62","Health care and social assistance",2012,45621.822,8803.97020290368,995.100381977908,7808.86982092577,28573.9415999771,995.245190979591,92.4293312823875,91.3655912692561,76.4801313755994,93.5281779957163,86.2465918017988,88.2774548415609,37377.9118028808,105.778028333984,104.70321266996,101.164267639878,103.498216428235,0.866360856380203,1.05947977502953,0.976994544718049,100.786484596326,110.239730840954,101.161667455877,98.211477022842
"Canada","62","Health care and social assistance",2013,47516.791,9116.29841751088,938.234693848876,8178.063723662,29700.2341999769,1014.73225597959,92.754399800701,90.05026452103,71.9285697266312,92.7056469466165,87.6774757257345,90.0059419682744,38816.5326174878,105.180692324514,103.053640428979,103.002917641668,100.049244029657,0.799153568683108,1.02999474167265,0.974129860855624,99.9862796748938,110.013887885206,100.564410171163,97.9911611017998
"Canada","62","Health care and social assistance",2014,49288.262,9260.54305804968,1023.52106387886,8237.02199417082,30846.3149999773,1003.43330597959,93.9426875138226,91.5627347289217,81.1272709328345,93.0986800518651,87.0220094354845,89.0037341129418,40106.858058027,106.728379560129,105.549153021618,102.599259176724,102.8751609598,0.911504126668299,1.04600869817133,0.9777343647746,100.636946060044,110.374028102959,100.887690018666,98.2691926104182
"Canada","62","Health care and social assistance",2015,51689.288,9474.16081992088,1017.80437241373,8456.35644750715,32832.7338999774,1046.16506097958,95.5094554087637,95.6848653783217,83.7522300225351,97.4351230645049,90.9440342064495,92.7940067075765,42306.8947198982,103.830007168324,102.926319056083,99.8166795042617,103.115350628037,0.902560768676204,1.05001525983843,0.980063663950228,100.690332928386,110.347053829828,100.965873375055,98.450013627526
"Canada","62","Health care and social assistance",2016,54810.14,9725.60019564478,1190.53816382441,8535.06203182037,33539.9761999768,1075.23783597957,98.3341107950343,97.0717244130181,92.4521493626196,97.7709282812047,94.555654524107,95.3727386677423,43265.5763956215,103.385584773597,103.105050949212,101.300467658991,101.781416544192,0.969377105597257,1.02514544142239,0.99143272852338,100.396607534152,110.550463980134,100.486426358777,99.3346840221116
"Canada","62","Health care and social assistance",2017,57147.389,10148.0883708663,1363.50399443533,8784.58437643101,35247.1548999763,1127.40585097955,100,100,100,100,100,100,45395.2432708426,100,100,100,100,1,1,1,100,110.64945076198,100,100
"Canada","62","Health care and social assistance",2018,59871.111,10550.3164623999,1554.48519294908,8995.83126945084,37278.0832999752,1158.78502597955,103.076194244166,104.58763469774,112.196285574026,103.392025591094,102.044941580691,102.783307801067,47828.3997623751,100.460014770529,100.284955261088,98.554857409347,101.755466850868,1.09158080211991,1.00592234092334,0.992816282758628,100.387198925337,110.953044620531,100.112728133121,99.44070874701
"Canada","62","Health care and social assistance",2019,63438.258,11011.808270441,1614.23334046934,9397.57492997162,39638.581699976,1186.04977497955,106.188279666469,111.641719149966,122.038171858774,110.008254594001,105.93107801375,105.201669296735,50650.3899704169,99.089250449426,100.937827675483,95.1152315415608,106.121623255869,1.16004026052619,1.04568924931894,1.0069334329188,101.315103909128,111.170479624665,100.840471798177,100.54331876171
"Canada","62","Health care and social assistance",2020,61188.616,10387.4830860097,1670.21228686779,8717.27079914187,38394.7684999756,1041.44169297954,97.3413692488526,119.256419644414,133.995880221746,116.927467725759,93.4885401153046,92.3750477323384,48782.2515859853,98.7802928438911,105.376258674209,81.623588515482,129.100252256394,1.45056358303604,1.2657906068375,1.01205403851257,105.679395191856,111.994793639779,104.410270882889,100.944380399446
"Canada","62","Health care and social assistance",2021,67815.259,10568.3523098047,1852.62876367695,8715.72354612772,45124.5421999754,1254.5856979795,105.260729640129,117.944404903521,143.585573365775,113.784548624065,113.565569747391,111.280751016987,55692.89450978,91.6494541576865,94.5902401611761,89.2460559924248,105.988146041103,1.29030018267811,1.02249982664743,1.02053202112246,101.564243270118,111.553114412323,100.741223959524,101.619161798841
"Canada","62","Health care and social assistance",2022,74904.75763351,12164.692775588,2153.73640541905,10010.9563701689,49226.6708999762,1320.4103329795,108.160143199979,119.139110083397,159.816747429535,112.573854630368,119.951866693767,117.119343653597,61391.3636755642,89.9352478749086,92.3503665798227,90.7847499652024,101.724537012241,1.36456320915035,0.961189254640353,1.02418492925087,100.758641654001,111.766645572411,99.7507991747854,101.912248517466
"Canada","62","Health care and social assistance",2023,80184.8426190521,12982.6813690613,2492.07753115903,10490.6038379023,52708.0581999757,1384.03593997949,110.655026788549,120.508989783494,174.591033762765,111.903283715911,125.30764378465,122.762884260088,65690.739569037,88.6410394492324,90.1372002258534,91.8230473820675,98.1640261303903,1.42218093697499,0.911540034191686,1.02072906269594,100.050728617504,111.935531896113,98.9006711267977,101.636328515755
"Canada","71","Arts, entertainment and recreation",1963,89.5948280776993,41.2725068405721,0.713884244223105,40.558622596348,48.5121079999333,41.8721856368106,10.4200435753331,2.83343082002789,0.0454996160370689,5.23959592494647,7.48450869514825,10.3260681613537,89.7846148405054,193.262107538643,100.910079349767,367.753590512245,27.4395905174466,0.00440628662585779,0.507414423677363,0.72481689818393,63.8233674763532,100,79.4797317884158,81.8103256764654
"Canada","71","Arts, entertainment and recreation",1964,100.381528115294,44.7838157313064,0.7052655228897,44.0785502084158,55.8685730775711,46.8702381091205,11.1968750409167,3.12705253279215,0.0492616188815806,5.78443463116415,8.49611540726261,11.558634116968,100.652388808878,185.289453816713,96.870226426492,358.06482057783,27.0538240171618,0.00426188928406902,0.500442748912056,0.73504493016094,63.4159466092786,99.9750832380463,78.9921019246855,82.4405981559103
"Canada","71","Arts, entertainment and recreation",1965,118.877823302569,49.7339980643247,0.740140457835435,48.9938576064882,67.8752693589795,53.3798905987045,12.7226113536032,3.53652981454642,0.0511112911375465,6.55067060713345,9.82856131893733,13.1639746142904,117.609267423304,183.791212164782,96.6471884547087,359.748454580326,26.8652129631676,0.003882664061207,0.497621030051385,0.746625666405326,63.2237299452515,99.9131451060114,78.8014974965188,83.1733834267084
"Canada","71","Arts, entertainment and recreation",1966,142.175840692336,56.3352599747932,0.905132684313665,55.4301272904785,83.7273050069133,60.4263244452828,14.6708754050967,4.03667308774157,0.0534963571184369,7.48729421315837,11.1865381344132,14.9016903577521,140.062564981706,185.988885697925,98.4510820778444,363.439770479525,27.0886925632677,0.00358995226944891,0.502445966424431,0.750689208126904,63.4401717458126,99.8632102905498,79.1109445961401,83.4390116836285
"Canada","71","Arts, entertainment and recreation",1967,220.319826798161,68.8079069823044,1.10735840853089,67.7005485737726,155.354371721715,80.8377690753795,20.8484172016701,4.36662297184559,0.0634591035242204,8.08716822585732,15.4550514521154,19.9353413438803,224.16227870402,208.643535953365,104.58018672487,477.449446313392,21.9039287891905,0.00318324639792039,0.405669914869047,0.775258932642243,58.836681127802,99.7947782127305,73.4208568432021,85.1915091390048
"Canada","71","Arts, entertainment and recreation",1968,192.358064576925,78.5722680883282,0.891148331234546,77.6811197570927,114.308500505462,68.180198485584,16.1605917648578,4.59800372751713,0.0620233108805685,8.52449595936815,12.868937465044,16.8138673945369,192.88076859379,178.609285008986,96.1146616994769,351.469740403719,27.3464969101106,0.00368881884370759,0.506991982233539,0.76537641002363,63.6899664861963,99.8651192531467,79.4217912839581,84.4918052544336
"Canada","71","Arts, entertainment and recreation",1969,230.285480148865,89.6803640435718,1.06495295141137,88.6154110921594,139.407301630808,73.5597770373058,17.5884040670526,4.89733707436798,0.0634884482076367,9.08370686605768,13.9437079130889,18.1405212092258,229.08766567438,180.638877531937,96.9564427846072,359.142199116903,26.9966723551323,0.00349981389593967,0.500741227955343,0.768649795243892,63.3632882831032,99.8407795761091,79.0337710018109,84.70864605863
"Canada","71","Arts, entertainment and recreation",1970,238.990292882223,100.69569134432,1.49462852878292,99.2010628155362,148.531449692779,76.364958092544,17.715852995307,5.16698097457467,0.0676293573956582,9.58263696366165,14.4252767543412,18.8323047963683,249.227141037099,174.504963717326,94.0716135750069,342.866619453062,27.4367956043867,0.00359113545192303,0.508840371227935,0.765985730919302,63.7721653294193,99.8544696519539,79.532972942858,84.5317082105774
"Canada","71","Arts, entertainment and recreation",1971,297.4075226534,118.924756692915,1.92159863537327,117.00315805754,171.965870782613,81.9898731602122,20.7113754640236,5.50197166590105,0.0774484093710745,10.1922186629747,15.7291474145359,20.2194608644648,290.890627475527,188.912058750516,102.43287693404,376.435516605515,27.2112679105634,0.00383038943967037,0.504079645411676,0.77792120769053,63.5585919618127,99.8950620925728,79.2343918441537,85.3110764702052
"Canada","71","Arts, entertainment and recreation",1972,344.875689841518,147.714491618949,2.77957953292241,144.934912086025,202.239078659708,86.2155114649226,21.914542903189,6.12097723150552,0.0947856886706366,11.3197093043983,16.7715597208778,21.2615423439973,349.953570278656,184.185810482165,103.071275585875,358.023597774418,28.7889614613666,0.00445808150401643,0.532403017676378,0.788821405781638,65.0644347967187,100.005396307179,81.0223233309478,86.0077962128698
"Canada","71","Arts, entertainment and recreation",1973,415.622991408137,184.652742322292,3.84170600121574,180.811036321075,234.432209809415,91.6315329924138,24.9423358057681,6.95779575491769,0.114160721679367,12.8522460279916,18.2022992547701,22.5971833334915,419.084952131707,189.338393687057,110.378074283271,358.480425185508,30.7905443445488,0.00505198900210578,0.568754337136486,0.805511863409646,66.978506078307,100.11244867113,83.3167530563838,87.0379528819106
"Canada","71","Arts, entertainment and recreation",1974,558.499669495286,236.849118126751,5.10985238632252,231.739265740428,282.279294766547,99.4399950326831,31.8675655741629,7.83199634574413,0.13536213054907,14.4507682203812,19.7765597318729,24.5228222758323,519.128412893298,219.14462122653,129.950644406737,406.889433643308,31.9375814808344,0.00551984306808242,0.589278348871888,0.806455289257758,68.086115864938,100.196762260308,84.623282798935,87.0941655036927
"Canada","71","Arts, entertainment and recreation",1975,675.74547830843,342.071319055644,6.31487404069174,335.756445014952,354.015372719862,105.847247378389,35.2263570544652,8.86231895690252,0.149470827136618,16.3599139486005,21.1161901849561,26.1029099508017,696.086691775506,220.718884812585,134.951839166052,397.484645111184,33.9514597169667,0.00572621318536277,0.626746748904065,0.808959239592655,70.0877065036487,100.231550550465,87.0807023661551,87.2363458809186
"Canada","71","Arts, entertainment and recreation",1976,922.603635572919,424.220930335303,9.84363847115415,414.377291864148,466.650130206169,113.123073934308,41.1339698860003,9.71803583108428,0.230315535094122,17.8099468651703,22.8238830684674,27.8971960575331,890.871060541472,236.7942678667,147.448402345414,423.274523792436,34.8351705707001,0.0082558668125333,0.638413510391526,0.81814254813986,70.9644515244715,100.601173530612,87.8449083820589,87.746143000746
"Canada","71","Arts, entertainment and recreation",1977,892.271334352652,460.823204954128,9.03959948675056,451.783605467376,474.471832607522,109.266951273395,38.0342066769223,10.3479194793675,0.279344209259428,18.9109422268321,22.1467304596997,26.9462405525946,935.29503756165,215.712501191226,141.148471537934,367.554142190204,38.4020897429832,0.0103667229094238,0.701802620292097,0.821885725263713,74.3962017393189,100.838680858086,91.8771956470768,87.9528874508097
"Canada","71","Arts, entertainment and recreation",1978,1016.53758114471,451.858467284127,11.5698468819484,440.288620402178,553.01140057067,115.569402265951,42.1852261635425,11.1000866696199,0.336696214683391,20.2312089165313,23.1492403362197,28.500483244801,1004.8698678548,226.118010008697,148.015827665792,380.044115141913,38.9470121410828,0.0118137019569593,0.709854943256859,0.812240274572977,74.8917686069366,100.978297607108,92.3612528165349,87.4055311820536
"Canada","71","Arts, entertainment and recreation",1979,1115.93092352462,468.01849210925,15.9830700957626,452.035422013486,643.11131358386,133.857660519008,44.6542058397573,12.2808434216411,0.408812431990482,22.319710335483,26.431806712406,33.0105368376922,1111.12980569311,212.523739935232,135.272582991653,363.608624478254,37.2027982520374,0.0123843012308631,0.676138968754904,0.80070817516138,73.4124105985202,101.039994614431,90.4817648554382,86.7027451103781
"Canada","71","Arts, entertainment and recreation",1980,1172.18758020817,487.30056773403,20.3126169903387,466.98795074369,710.42669197689,119.863230997454,44.134530711282,13.3967271179464,0.493823474919891,24.2504368129771,24.4707239558829,29.5593811141233,1197.72725971092,211.984262364737,149.308033686114,329.442634180096,45.3214059733666,0.0167061506806699,0.820397312086837,0.827849671865794,79.6642589482812,101.515121655782,97.7279145411549,88.4129812782576
"Canada","71","Arts, entertainment and recreation",1981,1480.63201402734,553.955021132206,28.1344271843887,525.820593947816,893.911633600481,145.615390860881,51.6130722719286,14.2640923307736,0.666724029210466,25.5272276667872,29.8407723801631,35.910101861264,1447.86665473269,214.475685043482,143.728559922586,361.839162808682,39.7216704811415,0.0185664755779948,0.710864808053447,0.830985456277753,75.6232178730204,101.710328684932,92.5943142821416,88.6155336764227
"Canada","71","Arts, entertainment and recreation",1982,1628.40705995532,659.232975848991,34.814168875231,624.418806973759,926.104938682239,129.42041571956,50.4949770785685,14.1405914455587,0.70022444010916,25.226424904739,27.5142285165872,31.9162712398765,1585.33791453123,221.08204178202,158.210765596827,357.092397959267,44.3052740693946,0.0219394187637524,0.790393862589461,0.862075281595259,78.9930968839658,102.062315761924,96.3868196323221,90.5927461883956
"Canada","71","Arts, entertainment and recreation",1983,1747.81634444895,795.225865623723,40.7622802832412,754.463585340481,1026.8139537345,134.286723510659,47.6024892400235,14.4239634702514,0.819227117177093,25.5382214559625,28.7035805201024,33.1163477388888,1822.03981935822,201.704720434736,143.743173659586,330.023639745074,43.5554173545327,0.0247378462032233,0.771166605004957,0.866749580793765,78.4205820703771,102.334265903716,95.4326562912413,90.8743057035023
"Canada","71","Arts, entertainment and recreation",1984,2004.5244632483,840.872125777517,51.144634079125,789.727491698391,1160.64041536599,144.634690876814,50.7666422237103,15.0625627980769,0.992486196923105,26.4353728638214,30.5788115557652,35.6682521768661,2001.5125411435,203.654326946664,142.330052989355,337.038543203232,42.2296072243379,0.027825478860072,0.741145731860868,0.857311746147128,77.3891898396232,102.623091964579,93.9127720616407,90.3072607192296
"Canada","71","Arts, entertainment and recreation",1985,2262.67131423563,984.486570006953,72.2873529296099,912.199217077341,1353.1552859941,152.331272008069,52.9284272103425,16.2726326909188,1.35002045395528,28.0897834281983,32.3199974952965,37.5663002525046,2337.64185600105,199.046254469033,140.893372130288,325.260381744376,43.3171022473362,0.0359370085656831,0.747738884036776,0.860345503231759,78.2213064040471,103.367098823621,94.2397108092768,90.4922713092106
"Canada","71","Arts, entertainment and recreation",1986,2781.31727171363,1026.28116190809,83.3247595833293,942.956402324756,1560.78687229526,168.48727921721,56.2789782514707,18.1011347823008,1.65993148056815,30.9851855784154,36.4734842277243,41.550521021488,2587.06803420335,188.653253262984,135.447105999864,310.914088692937,43.5641583722614,0.0399497151843104,0.745723153805731,0.877810514310082,78.4034316488676,103.713062273157,94.1437637652932,91.5736151343093
"Canada","71","Arts, entertainment and recreation",1987,2767.32965018517,1172.00368368304,99.8839901987426,1072.1196934843,1768.10120665812,202.616161352543,57.1418684122702,20.4053453559823,2.07438185959901,34.6038583987696,43.753873050642,49.9670189386744,2940.10489034116,163.670565131501,114.359170560889,280.033821606052,40.8376280782854,0.0415150213813024,0.692533978087419,0.875655061678627,76.414043569414,103.845047963455,91.6379797058892,91.4381084023165
"Canada","71","Arts, entertainment and recreation",1988,3504.17339700068,1066.9385577175,112.158200700344,954.780357017152,2300.83417945016,227.92794765813,68.4800749463678,23.0421810140684,2.71338711572508,38.477886836905,50.7916518432839,56.20913949441,3367.77273716766,170.645872124726,121.830854487958,297.194414472125,40.9936555181742,0.0482730591525053,0.684548583789148,0.903619096469804,76.5183525413523,104.373218425603,91.2941985252354,93.3030610130049
"Canada","71","Arts, entertainment and recreation",1989,3282.7457015824,1141.30623923883,120.099927751276,1021.20631148756,2148.61935776097,217.13307440472,60.8353953307261,25.2068236450677,3.22125311366608,41.689318642135,48.6337217444182,53.5470239321907,3289.92559699981,151.4763731252,113.611160552574,241.344947651229,47.0741822682589,0.0601574630505202,0.778555288057247,0.908243225730072,80.112280223448,105.178118801499,94.8502627690339,93.6218039409444
"Canada","71","Arts, entertainment and recreation",1990,3552.88618495577,1274.29307239984,123.230844548816,1151.06222785102,2315.5044413792,220.76675868348,60.3018499127546,26.7368615197325,3.74637741068514,43.7631311918035,49.7895427112492,54.4431240752492,3589.79751377903,144.849489666155,110.761185984492,225.538251257539,49.109712151672,0.0688126824887389,0.803832108005334,0.914523983642673,81.3113251522787,105.680045266484,95.8113026325453,94.041508941029
"Canada","71","Arts, entertainment and recreation",1991,3631.25927537503,1333.72800376373,106.408376510751,1227.31962725298,2405.43754181415,209.644350742263,57.2236253017299,25.9016878148948,3.57153699769865,42.4618194166893,47.8546468662978,51.7002354303722,3739.16554557788,142.611524820858,110.683490752757,220.926241219012,50.0997482879515,0.069081638951309,0.821308047501546,0.925617581195477,81.8908656228706,105.692987749647,96.4822136518853,94.7747750446063
"Canada","71","Arts, entertainment and recreation",1992,3846.36656085067,1291.74199465383,98.821509519523,1192.92048513431,2505.16897336004,206.995396383198,57.8819854087077,25.6067346953683,3.88049694686098,41.6403321137278,48.4053151262489,51.0469787911014,3796.91096801387,143.753460107862,113.389639856214,226.04203971066,50.1630758602938,0.0760181510984433,0.815725692290855,0.948250342578295,81.9269197082121,105.96884960609,96.2710840567305,96.2783064850479
"Canada","71","Arts, entertainment and recreation",1993,3864.38329595092,1260.36763259779,115.343901420574,1145.02373117722,2624.24752833098,220.629566563397,57.6473994504635,26.7108378090516,4.89050770668659,42.6908967971372,51.6055779607541,54.40929122985,3884.61516092877,135.268997803791,105.951388351916,215.820259411437,49.0924200725437,0.0898836870715118,0.784625122514297,0.9484699541986,81.3416147935889,106.46463947671,95.1383941629448,96.2931934436924
"Canada","71","Arts, entertainment and recreation",1994,4320.49697958592,1304.18089846373,171.013439010573,1133.16745945315,2903.4552529268,227.666090206507,62.8922720204113,29.4698569013433,7.31922349607894,45.3542338133616,53.2832929239057,56.1445630254987,4207.63615139053,139.954608191921,112.018454915836,213.412207025493,52.4892443956848,0.130363887465912,0.80781168058541,0.94903744997902,83.0862989020551,107.865906397442,95.9230495423067,96.3325289541464
"Canada","71","Arts, entertainment and recreation",1995,4387.59970679863,1368.04146934099,207.463927233353,1160.57754210763,3103.73586502151,233.039358694043,65.4778166383097,31.793582381462,9.28712582805709,47.6412931422907,55.7021574887012,57.4696607200116,4471.7773343625,138.03536135136,113.934580121002,205.946646253013,55.3223770301311,0.161600498623149,0.828981632141452,0.969244585592361,84.4422667012268,108.878936001063,96.5814477372543,97.7474231133759
"Canada","71","Arts, entertainment and recreation",1996,5071.75460022986,1587.36211972084,265.308618946005,1322.05350077483,3630.00452340116,271.136249768667,68.440735277123,35.4715765761301,13.0621215612395,50.8576795559292,65.1743478596628,66.8647063329733,5217.366643122,125.115283705386,102.357041600245,192.945287137812,53.049775466729,0.195351513191319,0.760605741729692,0.974719720372467,83.3685079567399,109.887705974689,94.4725664684771,98.1307981127346
"Canada","71","Arts, entertainment and recreation",1997,5711.69666705541,1662.999650951,265.207318796511,1397.79233215449,3759.69499998326,293.513526979855,71.8126016181076,37.4083702067646,14.6788105761092,52.9690893564933,70.0693652233092,72.3831498112401,5422.69465093427,122.828596828033,99.2117665580728,191.969340607952,51.6810477359962,0.202793199997353,0.731787570651808,0.968034209702607,82.7054967191617,110.092814060475,93.5445419971213,97.6628329341084
"Canada","71","Arts, entertainment and recreation",1998,5779.81050414787,1773.565188109,443.032394085102,1330.5327940239,4126.85079998404,315.104886979847,74.2527823433369,41.2883300022421,25.2550391201846,52.1945485220855,75.5925782169055,77.7077788380146,5900.41598809304,116.91019109756,95.5538601844742,179.839635895433,53.1328145259556,0.325000141528043,0.671677267096868,0.97278006587322,83.4041162575614,113.359418611115,91.6270762326249,97.9960072147943
"Canada","71","Arts, entertainment and recreation",1999,6309.37455296755,1893.36169957173,732.737352564556,1160.62434700717,4566.7706999837,332.990109979843,77.328623108368,49.3139454628621,45.6162096909221,51.458791171441,79.6798158493951,82.1184402107184,6460.13239955543,111.301399310696,94.1671845080598,156.808834463678,60.0522188881341,0.555492890194572,0.626641117870678,0.970303571827889,86.4906195996608,119.233868464009,90.3478341275695,97.8205168059899
"Canada","71","Arts, entertainment and recreation",2000,7051.10192083674,2079.49472797245,753.281732839333,1326.21299513312,4982.45799998417,339.678924979843,81.936503017134,53.0309891088757,52.6068128210321,53.0239634709677,80.7664035603154,83.7679638397875,7061.95272795662,114.343621615882,97.8136500653683,154.506835331533,63.3070050625816,0.628006345261616,0.632986180401615,0.964168159975659,87.8421811869076,120.85468683044,90.5152216721269,97.3832828812127
"Canada","71","Arts, entertainment and recreation",2001,7709.55711664399,2138.40314758756,541.57072352374,1596.83242406382,5410.55429998432,353.554359979836,86.325306388492,52.0419546466681,42.3704262691224,56.764751580117,84.2843208953499,87.1897744140223,7548.95744757188,117.507913112243,99.0085213187669,165.876372197367,59.6881400329652,0.485956369928492,0.65104826754762,0.966676671224359,86.3611807290928,118.121538672339,91.0251283950855,97.5633916644815
"Canada","71","Arts, entertainment and recreation",2002,8398.60606047948,2519.62659914746,716.68683674136,1802.9397624061,5905.8947999846,381.586573979825,88.8112375471162,59.1657204887482,60.9656557885978,59.107426475063,90.3982744352739,94.1027775944216,8425.52139913207,110.819528381312,94.3768503092314,150.105900534087,62.8735112833222,0.647862447284572,0.628115641068674,0.96063343448677,87.6784469358616,120.814839198822,90.3333047333128,97.1306585413309
"Canada","71","Arts, entertainment and recreation",2003,8644.87524123206,2647.87222593214,777.323642604855,1870.54858332728,6088.55449998403,384.115941979826,88.5378726043726,64.9236999742826,70.8282162366052,63.3661177867585,93.5004728767019,94.7265431317571,8736.42672591616,104.928290554867,93.4668042105404,136.372191725739,68.5380230586256,0.74771245624459,0.668937297739465,0.987056740228029,89.9853738566289,122.331224097534,91.5590324833291,98.9903524992538
"Canada","71","Arts, entertainment and recreation",2004,9268.38379172994,2698.81042868618,663.574744136889,2035.23568454928,6523.83839998483,405.920003979821,92.9646379423894,67.8727295278969,66.2087605565959,69.0307511819377,97.4282063524957,100.103626438543,9222.64882867101,105.629955782178,92.8684017251499,136.969057512531,67.8024682448106,0.661402218002998,0.689592911245009,0.973273494864946,89.696634841962,121.129842342523,92.1663509897193,98.0177487454697
"Canada","71","Arts, entertainment and recreation",2005,9175.56178608715,2790.57806501364,612.414607926644,2178.163457087,6412.12249998432,375.550763979836,90.9968645757226,69.5205685327869,66.224019733863,71.2173307884118,89.9087743391029,92.6142910365555,9202.70056499796,108.613018565244,98.2535886819082,130.892002893801,75.0646231318087,0.715051845591777,0.768966970338322,0.970787265473049,92.4574029145375,121.785825221488,94.491445417213,97.8418932886494
"Canada","71","Arts, entertainment and recreation",2006,9783.25444648645,2822.91362638653,560.739289519563,2262.17433686696,6840.49659998454,380.776381979836,92.6825721520465,71.4782146643225,66.9498590066997,73.5491167649166,90.9460722496679,93.9029767555487,9663.41022637106,108.833986323622,98.7003557867189,129.665482815015,76.1192212792114,0.712968441681947,0.78324584913194,0.968511067401214,92.8421817321221,121.763692987727,94.9015648524564,97.6807181800834
"Canada","71","Arts, entertainment and recreation",2007,10131.96,2735.35575852083,562.602431570933,2172.75332694989,7315.03089998484,377.54364697984,94.3868263988032,76.7824573622113,75.3565045823462,78.0774597490127,90.5050349841188,93.1057544121274,10050.3866585057,108.998871540107,101.375932126607,122.927592631668,82.4680040960069,0.809364631199753,0.83858898133629,0.972067038772956,94.9645367923221,122.647067620507,96.3715967139542,97.9380391251731
"Canada","71","Arts, entertainment and recreation",2008,10727.301,3123.63267736301,607.587014124752,2516.04566323826,7544.94469998503,384.773729979838,93.8410131705494,84.4082888883289,98.24188096891,82.2069121296212,91.8372310938349,94.8887597349877,10668.577377348,104.407952160914,98.8958159350332,111.175116101097,88.9549922710241,1.0353373913126,0.866350370256864,0.967840989283922,97.0176249669659,124.364195816513,97.0835962107034,97.632340716768
"Canada","71","Arts, entertainment and recreation",2009,10703.595,3061.0640263655,551.776694145952,2509.28733221955,7721.07719998482,380.473125979833,93.1892256904737,83.2572984319695,100.681858961273,80.374497325031,90.4767815510826,93.8281910218034,10782.1412263503,105.205542747974,99.3190049553644,111.929197134134,88.7337776901428,1.07304486918944,0.856613523608847,0.964281422947374,96.9479958754986,124.604948163241,96.8268606563791,97.3766664341375
"Canada","71","Arts, entertainment and recreation",2010,10635.67,3132.85701471621,564.075169616887,2568.78184509933,7773.68779998414,386.585552979835,90.278806179192,82.0744972084942,100.069090467203,79.0899279187642,93.1282705632946,95.3355720403342,10906.5448147004,100.246969904775,94.6958247032884,109.996173293461,86.0901082900834,1.04965112523651,0.829595147184969,0.97684703170286,96.1142150685514,124.463724098288,96.1030365055423,98.2815399510298
"Canada","71","Arts, entertainment and recreation",2011,10936.668,2879.53985133091,581.132940944155,2298.40691038676,7966.0951999846,379.91153797984,90.2067686154496,84.7190101997977,109.740233877807,80.4812011034858,92.116268061589,93.6896982281189,10845.6350513155,100.081066971215,96.2824839032047,106.47759977685,90.4251073512063,1.17131590722608,0.85901868215572,0.983205942635243,97.4281095724388,125.1844798923,96.8553192553099,98.7440834642819
"Canada","71","Arts, entertainment and recreation",2012,11254.746,2859.65735721348,572.948201072678,2286.7091561408,8082.59219998461,372.545080979847,91.0834408564244,87.0947532979614,117.221455077439,81.9464527883555,91.2993776406034,91.873061815838,10942.2495571981,100.980544599902,99.1405304843368,104.579710496242,94.7990102610765,1.27590669953302,0.891952996544507,0.993755686771552,98.6480053570873,125.752930527701,97.6252352894342,99.5234039396252
"Canada","71","Arts, entertainment and recreation",2013,11095.501,2959.13639849553,527.37866865592,2431.75772983961,8455.51529998491,390.350653979841,90.5776107844394,90.8681329680388,111.866455912086,87.293150745935,93.7496085376059,96.2640807620347,11414.6516984804,97.3905489906273,94.0928434234444,99.6802815529382,94.3946405021675,1.16207888785247,0.906809165525864,0.973879434525069,98.5383050415484,125.175146475212,97.9661087701422,98.0470860859562
"Canada","71","Arts, entertainment and recreation",2014,11520.061,2758.4558012588,459.604432973218,2298.85136828558,8670.22289998424,382.401032979844,92.5846009108619,92.0473009203354,104.460932219261,89.9359705732895,93.018326286724,94.3036307149578,11428.678701243,99.8120194301761,98.1771329575932,100.583721613947,97.6073775977487,1.10770848828721,0.953685132708517,0.986370573237856,99.3672556753569,124.916249008943,98.9940149676403,98.9883778131501
"Canada","71","Arts, entertainment and recreation",2015,11923.069,2840.96959631574,436.346469289561,2404.62312702618,9139.38119998487,398.131217979839,93.400929186813,95.9166140829868,102.489568592564,94.7982072043316,97.1574051145355,98.1828397896772,11980.3507963006,96.4568400041057,95.1295861750304,97.3772167416197,97.691831167702,1.04386437397933,0.965527249032561,0.98955586661235,99.3878186648358,124.632421117386,99.2397888443093,99.2314685351275
"Canada","71","Arts, entertainment and recreation",2016,12439.909,3095.42966110836,455.721079875378,2639.70858123299,9436.95849998446,422.00967697983,95.786177693186,98.292947950119,98.724755503041,98.2173709138637,101.156718959765,104.071488578176,12532.3881610928,95.3748244846919,92.0388273501382,97.4496947042375,94.4475276495001,0.948624420115617,0.943749073408183,0.971992621050854,98.578596703014,124.199236213869,98.7752255043661,97.8936887339527
"Canada","71","Arts, entertainment and recreation",2017,13137.41,3279.59993510729,504.841179959432,2774.75875514785,9621.23059998467,405.49979897984,100,100,100,100,100,100,12900.830535092,100,100,100,100,1,1,1,100,124.446752664849,100,100
"Canada","71","Arts, entertainment and recreation",2018,13615.171,3593.06462814224,557.449678515894,3035.61494962635,10263.7623999848,432.421942979832,101.792769394137,105.362791758526,105.308955723395,105.372582799351,106.238049237081,106.639249653816,13856.827028127,96.0194748205563,95.4552566007244,96.6116858667043,98.8030130562307,0.987525287970988,0.988121945169562,0.996237779072557,99.6912876783087,124.384778606247,99.740947453002,99.7202405612838
"Canada","71","Arts, entertainment and recreation",2019,14595.381,3241.65870765747,541.690879585324,2699.96782807215,10622.7525999847,433.247825979835,106.813258867285,109.83235485211,110.96606552642,109.615337491465,107.066345850202,106.842920038383,13864.4113076422,99.1465641982978,99.9722385244737,97.251177953081,102.797971838146,1.03859072259122,1.02594853689965,1.0020911616019,100.670331292747,124.63368064114,100.519231166141,100.161368585477
"Canada","71","Arts, entertainment and recreation",2020,9436.186,2348.66898788434,465.67789168501,1882.99109619933,8222.66279998479,285.181405979874,64.5610445030326,106.786636142077,101.891473823068,107.907830004378,72.5087451523853,70.3283717272699,10571.3317878691,81.4853637999043,91.7994301835927,60.457981293779,151.840051915592,1.44879614472234,1.53434278875159,1.03100275708886,110.033221984612,126.369878859752,108.35197152525,102.38504994896
"Canada","71","Arts, entertainment and recreation",2021,11955.423,2651.83160424385,527.315964000202,2124.51564024365,8782.55179998454,318.471668979874,80.7035422166746,112.155687446149,113.120735719872,111.83321414606,80.818385627269,78.5380584111479,11434.3834042284,92.6281819645922,102.757241329026,71.9567095118774,142.804252759869,1.44033017887562,1.42393657811874,1.02903467773781,108.51109852679,126.336494084631,106.889608744833,102.233948892308
"Canada","71","Arts, entertainment and recreation",2022,15220.026984611,3305.02331880519,562.300296561643,2742.72302224354,11164.4219999851,398.12913997985,107.196199241458,116.681460236086,115.132911768327,116.912971839576,99.51375003158,98.182327335665,14469.4453187902,103.873168012236,109.180747849841,91.8708070884296,118.84161172629,1.17264394614228,1.19077409358891,1.01356071639413,104.019137058724,125.237598546595,103.361850960603,101.048399906525
"Canada","71","Arts, entertainment and recreation",2023,17154.5478982338,3647.13341467493,647.214398047469,2999.91901662747,12642.950599985,430.633947979843,117.388125062353,121.664987512916,125.921731693969,120.697438803714,106.701248435969,106.198313553604,16290.0840146599,106.758702915043,110.536712998838,96.4847220733007,114.563954399808,1.18572251743348,1.13652877117292,1.00473580855982,103.160351120662,125.292194448901,102.465266256089,100.366885033294
"Canada","72","Accommodation and food services",1963,968.714820218662,69.5220808929711,1.74973195768536,67.772348935285,698.011683614031,542.71405189938,30.0948708177632,10.9031129799693,0.481361899877349,13.4923895260794,20.5629183083145,27.920516240054,767.533764507002,156.362914153181,107.787658935152,276.020902223541,39.0505422114223,0.0172404369510475,0.483242838709537,0.736480591244067,90.7481105676667,100,93.2557275887036,75.9622276268587
"Canada","72","Accommodation and food services",1964,1048.69419479071,70.9278015143522,1.208387485303,69.7194140290484,761.295836286958,556.720951057581,29.9261303050432,11.0442323478696,0.475246880955433,13.6745741770845,21.3826539191345,28.64111644204,832.22363780131,149.870567278132,104.486605351449,270.966141986464,38.5607606121758,0.0165931688423241,0.477445570418221,0.746571941858685,90.6474841243134,99.9928603368431,93.1589420036053,76.9110098173981
"Canada","72","Accommodation and food services",1965,1176.46913191772,76.7947826951275,1.21337612327989,75.5814065718468,870.784053175214,599.384868929331,32.2688102507197,12.024327844744,0.426580217057541,14.9362651703418,23.4782251628801,30.8360082227735,947.578835870341,147.282411964096,104.646522395489,268.362694924562,38.9944371459327,0.0138338339377694,0.484377389655477,0.76138989824048,90.7318042287472,99.9680166938724,93.26880653407,78.3094846083485
"Canada","72","Accommodation and food services",1966,1344.01298255857,85.5480309927807,2.20348034486238,83.3445506479176,1017.79942218842,642.775663002449,33.3311574667042,13.2862746266822,0.41529656934777,16.5489943757505,25.2991155506415,33.0682949423588,1103.3474531812,140.900916490616,100.794908007212,250.86909915114,40.178287540502,0.012558753636124,0.500448977021555,0.765056547207538,90.9472170374929,99.9521759771397,93.5055061762177,78.6566345586203
"Canada","72","Accommodation and food services",1967,1556.39843892675,106.906720508442,3.63173747702666,103.274983031414,1169.32996588309,680.607077926362,34.2202097790914,14.3084426862459,0.596783377793805,17.6656184920132,27.2952197376743,35.0145733390036,1276.23668639154,134.099981734946,97.7313344583085,239.160966217419,40.86424971601,0.0170438569111174,0.504521883530564,0.779538835827238,91.0714748151145,100.026109906929,93.5648164445728,80.0244578392721
"Canada","72","Accommodation and food services",1968,1631.49904047098,115.914158523051,1.76702309265571,114.147135430395,1183.61296474565,645.596036693924,33.7843116593511,14.5525469702124,0.540983515366116,18.0182182241736,26.1560897692584,33.2133921425884,1299.5271232687,137.448003730566,101.718943714968,232.153943419692,43.8152986835457,0.0162881139343919,0.542498584511319,0.78751636258554,91.6223114713674,100.016571232776,94.1395445226357,80.7722463130943
"Canada","72","Accommodation and food services",1969,1772.6522583837,131.865159060676,2.19823309912543,129.66692596155,1321.36510609581,650.635338629384,34.1225782960775,15.402594172431,0.506018052377569,19.1091505260566,26.5223560684857,33.4726445261136,1453.23026515649,136.380132247869,101.941686350646,221.537865076996,46.0154684235204,0.0151173610433678,0.570888580708005,0.792359147117711,92.0270700333823,100.005857169546,94.5656302031425,81.2241380221908
"Canada","72","Accommodation and food services",1970,1986.05885379955,140.090086039794,3.61623910979331,136.47384693,1446.12440702547,663.017283880778,35.358530803245,16.8555969155719,0.493667906296243,20.9648290698111,27.1184150143666,34.1096472023205,1586.21449306527,137.375841831858,103.661379414207,209.773234257751,49.4159227610693,0.0144729701649526,0.614630486954576,0.795036514259864,92.6163507864067,99.9975968848687,95.1794181544803,81.4739836795575
"Canada","72","Accommodation and food services",1971,2114.62958665902,157.716041218084,4.16015331611691,153.555887901966,1486.97992955783,656.989257135001,35.89888184874,18.5480587565415,0.468383248025471,23.16213367478,27.0774070734873,33.7995287927052,1644.69597077592,138.441529972093,106.211190306558,193.545223896162,54.8766785190943,0.013857685735742,0.685279780580225,0.801117886570398,93.5148088792654,99.9871513701915,96.1129161851115,82.0395926260327
"Canada","72","Accommodation and food services",1972,2354.11832284173,172.684422778314,5.80985851310079,166.874564265213,1696.79036144983,649.088253695797,38.643165819353,20.1717765054901,0.560307219598899,25.1159595250505,27.2305439676262,33.3930530545794,1869.47478422815,147.098676768741,115.722170584979,191.570463854959,60.4071046529355,0.0167791551938393,0.752131273651428,0.81545535603226,94.3638649039823,100.04107790777,96.9333386809168,83.3685186743563
"Canada","72","Accommodation and food services",1973,2858.75644666971,186.578836229129,6.91312445410253,179.665711775026,2011.55107275368,698.39943321323,42.670521669719,23.9894187761359,0.662107524465468,29.8764677131552,30.3051305244978,35.9299204596415,2198.1299089828,145.09430452966,118.760412279924,177.872261382867,66.767247100038,0.0184277481273354,0.831520563668214,0.843451088586132,95.2047812488226,100.070394703669,97.7685497819915,85.9730970730686
"Canada","72","Accommodation and food services",1974,3461.68792689315,225.8506601217,8.46536441439015,217.385295707309,2439.28692226602,756.233530254132,44.033824667767,26.5781966752812,0.689476103982775,33.1800814229802,33.015492285387,38.9052586511036,2665.13758238772,137.242216918877,113.182192316611,165.676494932104,68.3151779393896,0.0177219257212988,0.852843100736949,0.848612589405068,95.390022692062,100.058042799455,97.9708823560129,86.4544644844818
"Canada","72","Accommodation and food services",1975,4073.00685988132,330.266799914739,11.4817848620322,318.785015052706,2869.98735439828,833.06619583656,45.4708091233163,28.6864737898839,0.661416218194154,35.9705763418628,36.8390094567421,42.8579989194882,3200.25415431302,127.40915580076,106.096435367261,158.509580007534,66.9337685218891,0.0154327368255497,0.839296683203435,0.859559717800797,95.2070798555722,100.011248881261,97.8288829124144,87.4643171098178
"Canada","72","Accommodation and food services",1976,4946.22761548424,482.402729545462,22.0953555715451,460.307373973916,3542.30998029096,890.035031344861,49.8400059462324,29.1428462508694,1.13305944771875,35.7344640700914,39.7929374686429,45.7888227878212,4024.71270983642,130.172580161949,108.847537262934,171.019692164575,63.6462011393329,0.0247453281987437,0.780418929651888,0.86905351668545,94.6737912180609,100.225802504502,97.0705484273186,88.3220875606474
"Canada","72","Accommodation and food services",1977,5298.32418442292,527.519594150798,13.0883377472213,514.431256403577,3789.64333161127,848.94050977108,51.255728829138,29.0727718652743,1.27651052269953,35.5093564412639,37.8815548782694,43.6746703110935,4317.16292576207,139.830292748342,117.358021168894,176.301486031884,66.5666658916705,0.0292277082713386,0.813042346704204,0.867357546340706,95.1892428391068,100.296922058093,97.5358314420654,88.1705680534875
"Canada","72","Accommodation and food services",1978,5833.50324188612,553.704644020968,18.0254762472365,535.679167773731,4177.16837521705,925.118796835251,55.1256115651747,30.5236259432275,1.5107100616421,37.1506336960942,41.2198615268726,47.593745362994,4730.87301923802,138.800510914067,115.825327770983,180.599813625372,64.1336917496744,0.0317417772045471,0.780578065725843,0.866077279955416,94.7662323094385,100.325238275652,97.0751136078567,88.0559807943286
"Canada","72","Accommodation and food services",1979,6536.98706949603,620.046922022406,28.3622975677573,591.684624454648,4690.53484510166,958.06723524558,55.5703440888228,34.9862669891371,2.0538110482746,42.2899027698978,42.9837849422199,49.2888137079179,5310.58176712407,132.703490863855,112.744332655537,158.834733943112,70.982164830469,0.0416689080902888,0.858002041203606,0.872079924603966,95.8968905577275,100.450228777575,98.1118012299991,88.5947215284407
"Canada","72","Accommodation and food services",1980,7498.70312646543,607.364955943991,29.6154844828965,577.749471461094,5441.04346358073,1027.04505158676,57.2703370860858,36.8566616763752,2.32783915950179,44.3896702788153,46.7096399280057,52.8374526912225,6048.40841952472,126.279038787762,108.389663333637,155.38666412318,69.7548042139018,0.0440566121365744,0.840117530612703,0.884025204639837,95.7154323884494,100.478882002569,97.8981963356998,89.6756708587489
"Canada","72","Accommodation and food services",1981,8538.77369925978,613.39330085803,29.932264993848,583.461035864181,6470.93933424255,1086.33730131351,59.8455582528955,36.7047381747322,2.25097388192407,44.2738201415604,49.0787554526772,55.8878071377517,7084.33263510058,126.21855759368,107.081600295014,163.045866089554,65.6757530032674,0.0402766541971471,0.792191041463387,0.87816570315075,95.1776844032839,100.437782790952,97.3880829699721,89.1366905327462
"Canada","72","Accommodation and food services",1982,8925.06804673887,661.360399021392,31.0642520631224,630.296146958269,6874.73148672402,1010.11047154703,54.9552422192141,32.0800935914535,1.89485711215935,38.7694028077542,45.83046111179,51.9662347535943,7536.09188574542,124.837675873581,105.751826122852,171.306364997186,61.7325725898097,0.036463236583218,0.746049872413984,0.8819276849497,94.6653458206772,100.396095966745,96.904225104644,89.4851921602639
"Canada","72","Accommodation and food services",1983,9399.92168970747,819.805280398762,32.5467060764253,787.258574322336,7343.97727858517,1055.83895698642,54.0073669457771,31.2271944693106,1.96784357618307,37.627668156688,47.7656409886736,54.3187865548146,8163.78255898393,118.472960771131,99.426681579635,172.949789001552,57.4887556403683,0.0362276792431153,0.692719232943777,0.879357659075686,94.0330887315189,100.393457905917,96.2592845081639,89.2489264904835
"Canada","72","Accommodation and food services",1984,9892.84165759383,893.981006143366,39.6963329119598,854.284673231406,7812.9465036527,1053.99917504752,55.3207088292064,32.4053909328236,2.3133695934011,38.8343190280676,48.103588102204,54.2241369666503,8706.92750979607,120.135046161988,102.022294726849,170.714523839216,59.7619302871598,0.0426630965989169,0.716181412937047,0.887125010985223,94.4041161608885,100.463624563537,96.5716784501625,89.956891013079
"Canada","72","Accommodation and food services",1985,10921.0494935351,975.480109632105,53.5855749929143,921.894534639191,8549.03520216997,1091.30946375138,57.308063674275,36.0283441511174,3.14466174600075,42.7262488717154,49.6931332910669,56.1436054566065,9524.51531180208,119.565738405092,102.074070961774,159.063828839599,64.1717678408875,0.0560110402676448,0.76101719018987,0.885107625114578,95.0958572649413,100.60299230181,97.1448474230091,89.7732788942925
"Canada","72","Accommodation and food services",1986,11647.1171518495,1037.63544477332,62.0738215212378,975.561623252084,8971.1868759166,1172.2343818186,57.3187743697773,40.2093727965673,3.8779358331085,47.3954388220406,53.783318452868,60.306876116751,10008.8223206899,110.144527520063,95.0451723926326,142.550779540313,66.6746072516242,0.06430337770441,0.785904392233574,0.891827299241074,95.4715207475861,100.685168707847,97.448958050025,90.3843622561446
"Canada","72","Accommodation and food services",1987,12315.1815347815,1175.98204649703,69.797142415415,1106.18490408162,9759.00162496795,1261.95442860596,58.5530523215446,44.5173463137298,4.62708287458124,52.2244569963525,57.8172569783976,64.9226217651596,10934.983671465,104.340938508072,90.1889830225046,131.528622368683,68.569853008647,0.0712707335097848,0.804410782812511,0.890556410176043,95.7545402592524,100.750365690834,97.6744769668839,90.269154696101
"Canada","72","Accommodation and food services",1988,13631.1769462905,1193.14835457919,79.69753896369,1113.4508156155,10541.387415089,1251.3294311648,61.033815745117,49.1259572762183,5.97194548690423,57.0260091905828,57.7215052507035,64.3760071850358,11734.5357696682,107.806469475274,94.8083275337156,124.239443115469,76.3109727122649,0.0927666338444863,0.885827060175899,0.896630713439477,96.8320081063145,100.925463062109,98.6019351817089,90.8202563535668
"Canada","72","Accommodation and food services",1989,15416.1165798659,1346.94334569083,90.9327721868096,1256.01057350402,11930.014887305,1302.90399563914,64.9144980968498,54.2500260083098,7.48531492677872,62.4007688803846,60.2890656068014,67.0293168974705,13276.9582329958,109.158728268917,96.8449345771261,119.658003642075,80.9347737965043,0.111672254369359,0.930947408815671,0.899443234652396,97.4122810658073,101.053218602907,99.0671452366451,91.0761638135478
"Canada","72","Accommodation and food services",1990,16186.7457878093,1558.47213872537,92.6509141888659,1465.82122453651,12473.082321764,1302.09819511479,65.5779433298237,55.8783071778371,8.53025388958319,63.8328772861888,60.8535240849749,66.9878616107545,14031.5544604894,109.01661825774,97.8952630416486,117.358500358854,83.4155708724192,0.127340292471938,0.952902149005766,0.908426133059383,97.7252934264046,101.142496618481,99.2972545567812,91.8886748832513
"Canada","72","Accommodation and food services",1991,15369.9154333155,1681.34416909299,107.178591643464,1574.16557744953,12148.579979725,1238.07943207958,57.0577898643665,58.7711192431036,11.020216565325,66.2345230459887,58.0288443860292,63.6943465327183,13829.924148818,98.3423889796975,89.5806189565933,97.084742640939,92.2705427441888,0.173017185436767,1.03988072178377,0.911051726642977,98.8789164002916,101.365231457217,100.24844982799,92.123325375909
"Canada","72","Accommodation and food services",1992,15898.9458065284,1582.10655072014,93.8327782437907,1488.27377247635,12832.9825149544,1242.53598856131,57.4206367889794,58.6858461838784,11.4619627862706,65.9606725236383,58.482148928068,63.9236189408812,14415.0890656745,98.3055916515033,89.8269493191304,97.8440978921309,91.806201144765,0.179307163395598,1.03186699402362,0.914875438797581,98.8212342002427,101.39104152571,100.164312315714,92.4651664107731
"Canada","72","Accommodation and food services",1993,16325.9116266565,1416.30324023407,88.5827893948469,1327.72045083922,13159.1317080471,1266.26480062541,58.8182177464957,57.9561168520553,12.0519435296654,64.8760343868779,60.4130060448383,65.1443735542437,14575.4349482811,97.9347294625522,90.2890219636844,101.48750630868,88.9656522735567,0.185003598501567,0.995880854282183,0.927371049082761,98.5004133625862,101.410999989878,99.8194171891435,93.5966204419421
"Canada","72","Accommodation and food services",1994,16998.103101836,1613.96376497855,108.695632786328,1505.26813219222,13932.5457821781,1326.73096553027,60.8524825397774,63.7299236721828,14.7272983698208,70.818477439576,62.7367882372222,68.2551213472877,15546.5095471567,97.009408069938,89.1544566013661,95.484944957401,93.3701712255695,0.215768400657982,1.03755551292988,0.919151369140672,98.9798919095524,101.512991441878,100.204646270443,92.8500682879936
"Canada","72","Accommodation and food services",1995,18018.6555608487,1679.85471598239,104.405342862616,1575.44937311978,14380.2292899801,1324.18962929566,63.1232359422007,63.1360424456534,14.3502910435798,70.2390283652116,63.4678960729673,68.1243795333222,16060.0840059625,99.6875783626139,92.6588049309496,99.9797160180515,92.6776036393421,0.210648392570835,1.03104099951259,0.931647326665527,98.9031303726785,101.496546280564,100.143154036425,93.9800368179369
"Canada","72","Accommodation and food services",1996,18100.3705393249,1944.72146770894,116.877982760095,1827.84348494884,14807.0428172114,1356.23226362121,63.3069992709349,67.1474536936394,17.2223305074615,74.1131429270932,64.7971288830816,69.7728477993078,16751.7642849204,97.4862104664449,90.7330018304956,94.280565812329,96.2372266741642,0.246834277955792,1.06220607678605,0.92868688790605,99.315306497199,101.605034029048,100.452598967702,93.7143082052532
"Canada","72","Accommodation and food services",1997,18722.76497444,2092.07397849873,118.102902820595,1973.97107567814,14484.7302999817,1403.4737079793,65.7377095394028,70.9639642352311,19.4140613726544,78.011400073004,67.406126793329,72.2032354220119,16576.8042784804,97.1249423828196,91.045379275846,92.6353399895976,98.2836348266978,0.268880767727146,1.08044188902401,0.933561029493417,99.568794371146,101.666341070342,100.647885193349,94.1464365861388
"Canada","72","Accommodation and food services",1998,19763.0224109435,2476.32024724912,110.881644623058,2365.43860262606,15585.9902999825,1485.36269997928,69.6394837660999,84.3936356890312,19.013720071805,93.7339597637634,71.1879592999287,76.4161039169682,18062.3105472316,95.9126735650074,91.1319475823687,82.5174590447832,110.43959501093,0.248818234602288,1.22662573671137,0.931583208917321,101.109175856817,101.614071693107,102.257364369292,93.9732147780869
"Canada","72","Accommodation and food services",1999,21091.3644527517,2411.47565442778,141.278470218038,2270.19718420974,16373.7872999824,1507.06323497929,72.3328891421554,88.5474097813935,26.3058330241784,96.8765320370953,72.8359491489059,77.5325116048936,18785.2629544102,97.0435429743234,93.2936230813268,81.6883173892171,114.206812017947,0.339287770764259,1.24949559909498,0.939424605771558,101.560339399876,101.829527578241,102.495473675613,94.6588386574908
"Canada","72","Accommodation and food services",2000,22357.3741714385,2499.24763676502,160.734751261094,2338.51288550393,17775.7860999825,1531.23237397929,74.6665200877533,92.0738255635297,33.0844059747938,99.4770012638721,73.7855716678027,78.7759193176587,20275.0337367476,98.5609691073065,94.7834322144379,81.0941867906144,116.880674146433,0.419981210773093,1.2627843905285,0.936651356238284,101.856491302112,101.997485936509,102.62360578233,94.4145122981679
"Canada","72","Accommodation and food services",2001,23050.9254327849,2385.99154111471,158.553945814395,2227.43759530031,18207.4341999827,1515.0427369793,75.8791182649635,84.7524417908882,35.3259910914435,90.6269411538759,72.7356919332423,77.9430257870841,20593.4257410974,102.44327486722,97.3520305360501,89.5303033889949,108.736401923124,0.453228377198789,1.16273316616474,0.933190509333489,100.980668525687,102.058221017526,101.681300137778,94.1073012991624
"Canada","72","Accommodation and food services",2002,24226.986064571,2562.66100651132,197.082047359,2365.57895915232,18841.6868999826,1522.5421089793,77.2823395673393,82.409538390526,45.0612277334638,86.269602798262,74.0212283859564,78.3288391578335,21404.3479064939,103.077314976639,98.6639664244411,93.7783915268526,105.209702169171,0.575282721127336,1.10137726699138,0.945006069052074,100.589240637694,102.26416223041,101.080360242829,95.1577016264104
"Canada","72","Accommodation and food services",2003,24230.0645429337,2684.63428573639,247.400934454538,2437.23335128185,18854.0987999827,1506.42957097932,75.6496052941341,84.53632751608,56.975159464783,86.7882928950737,73.3290861182255,77.4999120693923,21538.7330857191,101.418907380671,97.6125046779389,89.487688331084,109.079256038881,0.735164182041501,1.11985021115075,0.946182829892344,101.034141729176,102.523977365782,101.268569192087,95.2617099112417
"Canada","72","Accommodation and food services",2004,25696.4598691062,2811.20873838671,221.6468817753,2589.56185661141,19796.7316999832,1513.74310697933,78.0337674311253,86.5812177002846,55.0769352280104,89.3685308364262,74.583995739673,77.8761649044645,22607.94043837,102.76627573773,100.202375819166,90.1278239135562,111.178070731268,0.707237385091789,1.14757231491895,0.957725586913144,101.274146122049,102.481719627654,101.550897156619,96.2783881183762
"Canada","72","Accommodation and food services",2005,26949.8075012609,2979.78490007754,243.542928669672,2736.24197140787,20793.5032999836,1510.93112597934,78.941929311648,87.8933370031124,66.7999912357567,89.3195404541747,75.0058141501477,77.7314994754006,23773.2882000612,103.256348030937,101.557193472937,89.815601504415,113.072998200591,0.859368360144611,1.14907780059538,0.96493461024619,101.488051924544,102.682064178278,101.566184951152,96.9123251790713
"Canada","72","Accommodation and food services",2006,28196.7548588649,3020.80194352707,190.746729658138,2830.05521386893,21993.5661999834,1519.62252697934,79.4102457367131,84.3189213778298,56.2928251425194,86.5540761835645,74.9528629853156,78.1786380779854,25014.3681435105,104.465592191602,101.575376201232,94.1784411364549,107.854170206597,0.720053796362706,1.10713205437557,0.958738407677913,100.899646159533,102.519919932165,101.136086612087,96.3663757164693
"Canada","72","Accommodation and food services",2007,29938.059,2914.51602968661,202.352350624575,2712.16367906204,23368.2643999832,1549.60135197934,80.5189374497255,83.2859846694366,65.757624389622,84.4796520465836,76.6785671000166,79.7209314225944,26282.7804296698,103.961867550483,101.000999377317,96.6776556335456,104.471916199704,0.824847668186991,1.0596922356409,0.961837320910735,100.527968242562,102.626708343795,100.65813813302,96.6417294767347
"Canada","72","Accommodation and food services",2008,31407.665,3276.84345609992,179.729728838377,3097.11372726154,24653.2836999832,1589.62625397933,81.142822317825,80.733476162808,67.056851409707,81.6122302689629,78.764549688764,81.7800561539077,27930.1271560831,102.669627984988,99.2207955508327,100.507033977072,98.7202503393614,0.819965827407944,0.997947838472636,0.963126627603819,99.880484637726,102.622403223113,100.013393012942,96.7564833822207
"Canada","72","Accommodation and food services",2009,31281.647,3624.58337189534,168.267558996694,3456.31581289864,24617.6287999832,1562.19676997931,81.773879217817,80.7480037161203,67.7775985093008,81.5811300660009,78.6341125355926,80.3689164371479,28242.2121718786,103.616345681972,101.748141996872,101.270465465999,100.471683949191,0.843330998027153,1.01508311524644,0.978414491840113,100.096468394103,102.640271553387,100.212184521388,98.1023612889729
"Canada","72","Accommodation and food services",2010,32137.193,3830.51280311007,198.992090355553,3631.52071275452,25399.6915999826,1631.1156429793,81.4856873310975,80.1348347322705,76.6938851513109,80.4142393775146,81.9976006179311,83.9145230159864,29230.2044030927,99.6536759295218,97.1055836372612,101.685724570769,95.4957876802854,0.913952464899313,0.958287510758955,0.977156249846166,99.4392410467199,102.692970898909,99.5032049190171,97.9925544050453
"Canada","72","Accommodation and food services",2011,33416.998,3532.36136496685,204.011793117123,3328.34957184973,26613.7470999829,1656.2616979793,83.2616838188022,78.5848445516141,86.5979337353055,78.2146208579108,84.1247282173513,85.2081892377169,30146.1084649497,99.8085730472255,97.7155887992358,105.95132470373,92.2268683968571,1.01630998745568,0.917923753076183,0.987284543539085,99.0103079644118,102.766991747745,99.0020972584902,98.8816251000179
"Canada","72","Accommodation and food services",2012,35171.063,3761.34383929683,199.838854176193,3561.50498512064,27986.5218999825,1714.89502497929,85.3459782949809,81.7228444477788,91.2717161550557,81.2739892451504,87.8335179536042,88.2246446859999,31747.8657392793,98.0331999877222,96.7371176146251,104.433440700314,92.630403600534,1.0345376451206,0.921216396330214,0.99556669529486,99.0612534252097,102.778923308022,99.0415578309888,99.6130287515814
"Canada","72","Accommodation and food services",2013,37241.173,4122.02463245753,186.225120566675,3935.79951189086,29046.6032999827,1738.60642197929,88.5194600030713,85.2185448055134,85.094975720888,85.2409686512746,88.4625115079839,89.4445033623984,33168.6279324402,100.530567728703,98.9657907142945,103.873470504679,95.2753289492113,0.951371772685823,0.953003990708154,0.989021216312916,99.4003378779959,102.727647461998,99.4301195615059,99.0373709714721
"Canada","72","Accommodation and food services",2014,39257.55,4371.63043518358,192.415849412437,4179.21458577115,30556.5156999831,1767.28509397928,93.6671432060659,90.2804257334052,91.288136866641,90.2514309374851,90.5186494585451,90.91990891808,34928.1461351666,103.51112402212,103.021598152349,103.751330861755,99.2966521939095,1.00405002548884,0.992647617133039,0.995586671122862,99.9141646139422,102.758442874865,99.9141664179125,99.6125818181447
"Canada","72","Accommodation and food services",2015,40835.965,4444.96066680086,188.029077406279,4256.93158939458,32087.2353999829,1837.29270797926,96.0743877105526,93.121716615509,93.2253328305296,93.1337510300363,93.9995121157726,94.5215269649556,36532.1960667838,102.324933602723,101.642864642012,103.170765319152,98.5190565637333,0.986286783804216,0.985317884936055,0.994477291407105,99.8172665616524,102.748670682353,99.8267593647928,99.5152760723603
"Canada","72","Accommodation and food services",2016,43535.456,4677.45609396128,194.565002041857,4482.89109191942,33363.1741999828,1908.69573597923,98.7552053075314,97.1827600744193,90.1453689908097,97.5210032690029,97.7911347255935,98.1949336067867,38040.6302939441,101.063206234571,100.570570884022,101.618028991879,98.9692202080196,0.918024644242739,0.993136811513286,0.995887782939901,99.8729427763152,102.710866520211,99.9192662313494,99.6391460098134
"Canada","72","Accommodation and food services",2017,45565.123,4856.20257834841,227.736708581485,4628.46586976693,34802.4195999836,1943.78229697923,100,100,100,100,100,100,39658.622178332,100,100,100,100,1,1,1,100,102.758567180934,100,100
"Canada","72","Accommodation and food services",2018,48103.925,5025.79262029593,269.284829671891,4756.50779062404,37347.2011999829,1997.10248197923,102.221948711576,105.310942646086,115.608153408689,104.793808227579,103.14141993041,102.74311506401,42372.9938202788,98.8601848065943,99.4927481494902,97.0667873091873,102.499269737419,1.12521557611587,1.01995942173148,1.00387670615352,100.297975401947,102.831921962022,100.226502122753,100.340865427706
"Canada","72","Accommodation and food services",2019,50367.005,4009.66172382299,217.651113597806,3792.01061022518,39036.5550999824,2043.18129997922,105.560185828033,84.6395783800011,97.8080762682596,83.9778554679681,105.218268032982,105.113690105855,43046.2168238054,102.63226093774,100.424774091489,124.717286934141,80.5219361005825,0.93049797956633,0.798924054358646,1.00099490301427,97.7677106242248,102.720498895406,97.8039829515177,100.083278056159
"Canada","72","Accommodation and food services",2020,30699.318,2145.2840067761,134.843302441229,2010.44070433487,28985.798599983,1284.72521397943,67.6594721108014,52.4710166670757,63.5927189672278,51.9068674919122,66.6557257435298,66.0940896506765,31131.0826067591,104.0226101518,102.368415191734,128.946371556121,79.3883642915697,0.962154396910995,0.785348096422128,1.0084975236942,97.6554572412804,102.736630637488,97.6761091217958,100.772426269549
"Canada","72","Accommodation and food services",2021,36349.016,2242.48079052987,149.289250318914,2093.19154021095,33287.4423999831,1462.26025597942,79.4882168980078,53.0542559950473,69.4015183487307,52.2070103354572,75.3326235720091,75.2275734917367,35529.923190513,108.930041859161,105.663672518613,149.824392797871,70.5250130138452,0.922554259394715,0.693987695099481,1.00139643052934,96.8952597706923,102.718209449516,96.9330574926118,100.10954773121
"Canada","72","Accommodation and food services",2022,45210.7250328187,2657.33135011815,146.484184546972,2510.84716557117,41493.086999983,1767.23326897933,95.4297260294763,52.3757403218029,64.9515978120068,51.7175881813869,90.9244690709749,90.9172427244416,44150.4183501011,109.701445234436,104.963286577785,182.202152071063,57.6081486330893,0.714403515391097,0.568842461909412,1.00007948268466,95.6942534117123,102.61950582918,95.8235777325584,99.9860042827016
"Canada","72","Accommodation and food services",2023,49122.9474107323,2766.39332500033,148.353427121482,2618.03989787885,45202.1964999823,1888.04114597931,99.8814483724147,51.054750203735,62.2502711057821,50.4623110252711,98.2359556257506,97.1323357000141,47968.5898249826,106.919518378836,102.830275471694,195.635955467093,52.562053445738,0.640881027488492,0.519521235246727,1.01136202396229,95.1787024281216,102.58378949758,95.340511128837,101.047186476572
"Canada","81","Other services",1963,945.64766974272,34.6443884228028,2.47510044555094,32.1692879772512,811.8573053728,629.805440741644,31.6047412062589,2.77603492061122,0.199491062987737,9.02859729716071,44.4591862281095,55.80462500393,846.501693795603,86.7337416852579,56.6346269758702,1138.48500145309,4.97456065767976,0.0035748123560312,0.161789408969685,0.796693575576909,80.7254031791367,100,90.7507770346366,80.8879333256234
"Canada","81","Other services",1964,1010.61816852997,34.6234419088588,1.88037815715193,32.7430637517063,869.118492472477,655.654134573992,33.514822979703,2.78985173895463,0.203856668531506,9.06350531134281,46.8267371347694,58.094977822186,903.741934381336,87.4878345104414,57.6897078475241,1201.31197338326,4.80222532745198,0.00350902394963399,0.156011855948786,0.806037610997876,80.612719179495,99.9953521677388,90.6283741937584,81.7988318760295
"Canada","81","Other services",1965,1092.61821754674,37.9352373897646,2.02231592700496,35.9129214627591,945.549475453607,664.377832278226,34.6435418367598,3.10547210722947,0.200217673218169,10.1612398904656,47.9116100139857,58.8679509461704,983.484712843372,88.1006681631248,58.849579915629,1115.56441792249,5.2753188404148,0.00340113202515322,0.172610728369961,0.813882753585167,80.9044167181874,99.9888929371872,90.9622817756867,82.5642297631225
"Canada","81","Other services",1966,1220.17653505817,41.1152846198222,3.19242444204837,37.9228601777732,1051.09496287752,674.613645061192,35.3790087599315,3.16392841895876,0.187609401539288,10.4147271890449,48.9018421247214,59.7749067407903,1092.21024749734,88.1552241388335,59.1870580632607,1118.19877301695,5.29307127601037,0.0031385979797985,0.174232428905454,0.818099848098147,80.9147752421392,99.9688977568228,90.9925844686547,82.9756890288633
"Canada","81","Other services",1967,1310.53921848572,51.1620222883334,5.19720223472842,45.9648200536044,1131.9911054094,685.512092882316,35.5980998683726,3.47744686761814,0.272984942657649,11.137486641034,50.1078223335707,60.7405760641079,1183.15312769774,86.3211593944882,58.6067867232622,1023.68493965676,5.725080486474,0.00449427648446288,0.183361557672404,0.824948092041224,81.1719323169158,100.100268125471,91.1636852559756,83.6420678721494
"Canada","81","Other services",1968,1398.09251810156,51.2760212702537,2.76043758927417,48.515583680979,1201.0175516179,692.82936756247,35.752432086827,3.50883667255963,0.249222949323058,11.3323895332558,51.1593666893844,61.3889314817682,1252.29357288816,84.9555588179846,58.2392154804732,1018.92551358756,5.7157480800944,0.00405973753423408,0.184599882417263,0.833364671033216,81.1663581969259,100.066698995693,91.1874932460362,84.4593344648095
"Canada","81","Other services",1969,1465.34439876723,55.1124023359457,3.1292500379565,51.9831522979885,1272.617928577,705.275681496652,35.1425389206346,3.66248717318053,0.21957056803808,11.9479212550561,52.3130904579486,62.4917512366441,1327.73033091295,81.5954724832495,56.2354842442431,959.526607437003,5.86075298051964,0.00351359281333963,0.191191973638435,0.837119930594506,81.2502350983638,100.033732902255,91.3121892097244,84.824195890532
"Canada","81","Other services",1970,1541.19469280986,55.6346365584128,4.7419706780796,50.8926658803326,1321.49226930268,700.448130541704,34.784312180421,3.67351229870367,0.210040608065032,12.0281746803289,52.1154268681165,62.0640006119257,1377.1269058611,81.0475018588593,56.0458749636857,946.895215042451,5.91890993568629,0.00338425828167887,0.193802761048852,0.839704600964805,81.2830983098074,100.022853150358,91.3593294821668,85.0753552050226
"Canada","81","Other services",1971,1641.7102168929,62.0794392870682,5.11936176791524,56.9600775191524,1411.14067251418,687.641948796055,35.0139967174623,3.5797425648574,0.191259065485762,11.7941331398753,51.174510587055,60.9292943616804,1473.22011180125,83.1088731643226,57.4666046673983,978.114936565475,5.87524047727815,0.00313903299700856,0.193570814555386,0.83989993849723,81.2582613057861,99.9968307726315,91.3551929745474,85.0943291526112
"Canada","81","Other services",1972,1780.77485128164,61.6481515730134,6.61275209784762,55.0353994751652,1534.77691730607,664.7388305094,35.0921064609986,3.6694432338354,0.213850307091055,11.9807324695496,49.7527657574449,58.8999376036594,1596.42506887908,85.4916196181063,59.5791912329943,956.333269783802,6.22996115637213,0.00363073911096586,0.203408237036999,0.84469980413619,81.4508318137317,100.052267473693,91.520949844488,85.5609375666994
"Canada","81","Other services",1973,1980.18929576459,61.8047043111807,7.36249588077751,54.4422084304026,1701.3109990998,665.190430053481,35.5478188852152,3.77208886614741,0.232745943858639,12.2265154240341,50.3686183734417,58.9399520931813,1763.11570341098,85.4948014710295,60.3119236150986,942.390811739324,6.39988451328212,0.00394886550791013,0.207440199556059,0.854575149532041,81.5316085699823,100.087224435477,91.5796678369093,86.5241738640205
"Canada","81","Other services",1974,2314.44497791446,74.6188208987606,9.12860030417303,65.490220594587,1996.0449415742,657.85609863327,37.808923598571,4.00463559493727,0.247159416840259,12.9797602444526,49.9025953877526,58.2900853437333,2070.66376247296,91.5568771889627,64.8633869304083,944.128940130525,6.87018310459173,0.00424016220567828,0.222675265749084,0.856107777051274,81.7373714885993,100.11780464941,91.7827366489601,86.6738290796416
"Canada","81","Other services",1975,2711.24916656371,105.258214499291,12.3268875354304,92.9313269638597,2315.29617846451,654.368778638667,37.6734229507601,4.22891491014955,0.248852181925278,13.7956682348795,49.7684671868365,57.9810874024987,2420.55439296381,91.2668704387338,64.9753646205963,890.853179862818,7.29361089900379,0.00429195437811941,0.237933934200154,0.858356912855893,81.9319747405925,100.123579112828,91.9959583719253,86.8924703010648
"Canada","81","Other services",1976,3038.12049417439,145.864045876784,26.1624621713765,119.701583705407,2616.33983083306,642.838793264155,37.6257632509395,5.13322237494303,0.475462372507382,15.4884085378727,48.5262148117479,56.9594599783727,2762.20387670984,92.504033382614,66.0570926501513,732.985257654205,9.01206292491555,0.00834738202728596,0.271919862719091,0.851943028079501,82.7708030163374,100.609763119696,92.4992543608876,86.2743343828591
"Canada","81","Other services",1977,3332.25993422606,152.619880890168,17.3374356251481,135.282445265019,2899.30370201587,640.303900111832,39.5232216392561,5.85390984634822,0.617032910423166,17.2863437323853,49.3666334204194,56.7348528971385,3051.92358290604,94.9556570483719,69.6630371297738,675.159383670922,10.3180136149493,0.0108757294487369,0.304686499561844,0.870128869637191,83.3486329102839,100.811643267958,92.9616949117696,88.0203478497772
"Canada","81","Other services",1978,3719.9027044432,178.326921274374,25.3872512913397,152.939669983033,3181.27413277929,684.264501156926,42.4214052159106,6.59133743969768,0.770099912076592,19.1732586169902,52.8935216914413,60.6300317850503,3359.60105405367,94.8797157232721,69.967644691835,643.593285945565,10.8714068682427,0.0127016247460797,0.316233689023363,0.872398053145724,83.5733847032947,100.915250327219,93.1171754916852,88.2380472575116
"Canada","81","Other services",1979,4268.58687087527,215.693055427187,38.3702305543168,177.32282487287,3609.13143699696,719.303628328405,45.3913452455329,7.33976779685793,0.97428211192603,20.8391338853421,56.2370488867836,63.734713367297,3824.82449242415,95.2449054838826,71.2191878606984,618.430262398279,11.5161227046862,0.0152865222176702,0.326966778139382,0.882361368171452,83.8373465214511,101.079781604403,93.2600722413423,89.1903231569119
"Canada","81","Other services",1980,4933.14275268689,220.454993501455,38.239702614699,182.215290886756,4160.98526318874,786.986754718762,48.5908574865536,6.99986738492587,1.04314148603731,19.3873998322171,61.7890937820576,69.731853504511,4381.4402566902,93.5005744876132,69.6824407276227,694.168257975764,10.0382637677529,0.0149593253816181,0.278027886222226,0.886095674741536,83.2252416496517,101.059269845794,92.5975018865367,89.5476122266241
"Canada","81","Other services",1981,5079.32995085499,212.361472855913,38.5428466372971,173.818626218615,4418.31270520366,771.414146331001,49.9791475641809,6.5389061613964,0.992025249863404,18.0409724719978,60.8742059421455,68.3520248857098,4630.67417805957,97.8674337575999,73.1202150159416,764.334987084563,9.56651419227154,0.0145134727394273,0.263942033936285,0.89059842841426,83.0328218064012,101.033203872976,92.4072326499485,89.980719577484
"Canada","81","Other services",1982,5337.56871647981,221.1384956219,44.2689280527771,176.869567569122,4681.62318039751,764.921550541211,48.1354044590783,5.86419684984774,0.863526014559617,16.2971311693291,60.4136910974591,67.7767410759595,4902.76167601941,95.414214413214,71.0205355036641,820.835413468906,8.65222605388411,0.0127407426331083,0.240453154144198,0.891363174717292,82.6543266921904,100.91907123086,92.0907757204033,90.0544693063659
"Canada","81","Other services",1983,5639.31919495391,283.390858733315,57.870196547527,225.520662185787,4905.23083205357,760.226830044762,48.8812137583505,6.91779222092231,1.11705747551764,18.7807339179915,60.360690685699,67.3607600445888,5188.62169078689,96.177747628881,72.5663037738797,706.601357735393,10.269765686051,0.0165832077128912,0.278808224633448,0.896080902972945,83.3636849963774,101.187866412458,92.6344123598078,90.5072764822633
"Canada","81","Other services",1984,6171.71581104686,343.560424578308,77.360941497636,266.199483080671,5295.73368302104,779.575514114975,53.6028517115776,7.82661792529821,1.42111637978681,20.577972271965,62.1817678857727,69.0751721296705,5639.29410759935,101.826434030725,77.6007501088123,684.878861127429,11.3305804155012,0.0205734757652002,0.297906927156624,0.900204313194366,83.8384433991647,101.459545103053,92.9130785437255,90.899643080914
"Canada","81","Other services",1985,6889.61732307799,380.069829612807,102.06555444223,278.004275170576,5975.86942094186,837.960159544613,56.688216361899,8.79534803144786,1.89939265263306,21.8494819885257,66.2607005480153,74.2484098209036,6355.93925055467,100.734678629884,76.3494012850079,644.524993885514,11.8458402714123,0.0255815936962776,0.294275420055856,0.892419119922491,84.0637934251089,101.789184643502,92.8612743163998,90.160777174021
"Canada","81","Other services",1986,7397.82184619361,398.491633832194,110.419231742148,288.072402090045,6432.19268836382,841.846582676017,57.2189036379716,9.35498996621308,2.2292058235907,22.3969112665346,67.6814199541338,74.5927707479849,6830.68432219601,99.3056769017419,76.7083767826352,611.640459739947,12.5414163764198,0.0298850116604754,0.300255789427686,0.907345568148938,84.3476003764777,102.044498119535,92.9415616545098,91.5790185661971
"Canada","81","Other services",1987,8137.87790296787,445.301591101463,129.676718877942,315.62487222352,7135.95314002925,876.671025496345,58.9028595616664,10.4216360151854,2.82752658879086,23.6949910505003,70.6755918180662,77.6784299799387,7581.25473113071,97.5273563389486,75.8291067119645,565.197819956853,13.4163834385903,0.0364004085757281,0.305039520708899,0.909848356053527,84.6812458541836,102.379836788311,93.003141009821,91.8168203761127
"Canada","81","Other services",1988,8915.24147609075,483.532650360993,156.552954089383,326.979696271609,7668.91274714615,877.721757091081,61.9741303255538,12.2199524358662,3.93326370857369,25.7496235434113,71.7045319493266,77.7715312439656,8152.44539750714,100.279764502801,79.6874246067547,507.155249996363,15.7126293393051,0.050574595172046,0.331093179361943,0.921989458126945,85.4746035937163,102.992904630791,93.3151924607575,92.9692634974399
"Canada","81","Other services",1989,9513.26322881686,498.157685765248,170.068027699333,328.089658065914,8188.88204531964,878.2424734991,61.7354257914333,13.1503977998036,4.76904000085358,26.1099348593027,71.8183888167351,77.8176699115653,8687.03973108489,99.3183667484112,79.3334288492467,469.4567170611,16.898986842896,0.0612847956803806,0.335527071023521,0.922905927385799,85.838269403127,103.377218645666,93.3635407204395,93.056283349542
"Canada","81","Other services",1990,9923.56438714706,493.70112491106,154.760600658306,338.940524252753,8772.95538429102,867.251471814672,59.270552749323,12.446655777985,4.85108526644133,23.8616011630764,71.8152555323147,76.8437997482736,9266.65650920208,95.6474001657675,77.1312102518129,476.196609005268,16.1973455487079,0.063129169592506,0.310520838912738,0.934561484043845,85.6371685442174,103.432834270272,93.0951304089332,94.1661200553427
"Canada","81","Other services",1991,9618.94798265563,433.365253754495,138.444451592608,294.920802161887,8773.0726751056,848.250775345399,54.1499682312281,11.1854118936427,4.87326443997457,20.3651546208353,70.1369369418293,75.1602214990406,9206.43792886009,89.8493955619073,72.0460466337494,484.112420231969,14.8820901143638,0.0648383459066412,0.270956554074223,0.933165649900654,85.2740486826111,103.476692496267,92.6608752394107,94.0325279820917
"Canada","81","Other services",1992,9549.47295428109,379.138914632372,127.011968784327,252.126945848045,8859.00487726993,845.856815470717,51.7943624260709,10.8217573101811,5.55218641529289,18.1941357477549,70.3233712985432,74.9481019706291,9238.1437919023,85.8479130472903,69.1069701089538,478.613232042662,14.4390011563228,0.0740804139038597,0.242756457727041,0.938294225597625,85.1605712495681,103.675346428698,92.3592958686111,94.5264927556952
"Canada","81","Other services",1993,9870.50132851277,354.560533816321,124.869073589517,229.691460226803,9125.47274240563,862.092769255216,53.0712994507845,11.0925520455164,6.16114806671097,17.8911006006155,71.4385215415833,76.3867070602551,9480.03327622196,86.5607877933276,69.4771400590956,478.440842405023,14.5215738083414,0.0806573329813911,0.23421746124627,0.935221903010316,85.1796198247919,103.794113020843,92.2741384395904,94.2290982930359
"Canada","81","Other services",1994,10520.9411196434,429.383189964055,163.586142997997,265.797046966058,9616.97529206435,895.675818517503,55.3978941555819,13.1040122527766,8.03742425440709,19.9563988073608,73.986656388328,79.3623712087953,10046.3584820284,86.7848044572972,69.8037285325497,422.755207236955,16.5116188606577,0.101275001389025,0.251459205457173,0.932263681911365,85.6191016979917,104.142657403043,92.4403938144126,93.9429653263293
"Canada","81","Other services",1995,10906.5191260053,523.159773680926,228.99944154353,294.160332137396,9781.01467919826,887.93371985012,58.1010313410163,15.6338333796298,11.4399560697807,21.0676353581226,74.7332750967615,78.6763737801799,10304.1744528792,89.4114589822986,73.8481307022987,371.636500979469,19.8710650077879,0.145405228026189,0.267775881702239,0.949882048524054,86.363714741987,104.870408111183,92.6003673317003,95.6345922961204
"Canada","81","Other services",1996,11096.382348094,643.113944875016,299.998995748885,343.11494912613,10153.9601299127,912.137100880257,58.4600385741371,19.4168328045176,16.6008608867113,23.0040083494961,76.5648311373079,80.8209417925228,10797.0740747877,86.8842863478094,72.3327856339649,301.07916755886,24.0245069828102,0.205402962629756,0.284629303238636,0.947339011884558,87.2728121636946,105.780182586134,92.7710084338416,95.3926650454863
"Canada","81","Other services",1997,11374.9446264415,731.725917384023,280.333356681757,451.392560702265,9803.70398837619,912.037235949548,59.1401430324718,23.280726336613,18.1994959560013,29.4647658250474,75.9067573577261,80.8120931471337,10535.4299057602,87.576402946333,73.182293304538,254.030489329981,28.8084684234401,0.225207580292045,0.364608373296324,0.939299483550357,88.3011783507385,106.045329197003,93.632163074765,94.635136385409
"Canada","81","Other services",1998,11989.4681922403,975.31824656129,388.12399056683,587.19425599446,10328.4313236427,921.756106949554,61.4823010756497,31.4500023259167,26.8765484527142,37.5880504133239,76.8056462115295,81.6732447290861,11303.749570204,87.9769249916999,75.2783867955649,195.492198819281,38.5071052708115,0.329074087136675,0.460224771747531,0.940401553364231,90.3190817372185,107.277995244709,94.6714109004958,94.7375200263267
"Canada","81","Other services",1999,13134.2449890845,1044.19075468596,431.995764339386,612.194990346573,11187.4954811398,980.312401949537,65.7603368371344,35.4045740241442,33.2091506056098,39.700164668066,80.9194893531156,86.861691625076,12231.6862358257,88.8081390827492,75.7069492970249,185.739664011461,40.7597104796924,0.382322171999038,0.457050328232441,0.931590069675261,90.7608504159259,107.839811797778,94.6379992133043,93.925695544477
"Canada","81","Other services",2000,14048.7695554216,1205.24073385236,494.383353798707,710.857380053656,11839.5132879601,968.450849949551,68.2073985762561,42.050958156787,42.9710020438204,44.4058991004193,80.4073054217905,85.8106853642467,13044.7540218124,91.2413983104892,79.4859035174131,162.201770342413,49.0043378377533,0.500765165333645,0.517486824769275,0.937031385782317,92.2591139495087,108.910510506171,95.2543560735374,94.425415272569
"Canada","81","Other services",2001,15089.5352301234,1342.40381401962,533.870681669736,808.533132349885,12397.9256440728,978.405371949546,71.728327512173,48.1640009279563,51.2850154521565,49.4538191900201,81.9475938701761,86.6927170701795,13740.3294580924,93.1088759599033,82.7385851271768,148.925185055669,55.5571477693641,0.591572362539293,0.570449524035408,0.945265030784972,93.3662184794131,109.609262722286,95.781790234289,95.1759536029628
"Canada","81","Other services",2002,16047.8233251041,1468.34775468583,535.90038181494,932.447372870888,12883.3214280453,989.227976949546,74.4398396585068,51.6274465130433,54.2947773010285,53.4176865377467,82.8556974191198,87.6516662543584,14351.6691827311,95.0128439847223,84.9268962468872,144.186560998519,58.9007017427648,0.619438050880507,0.609431501082166,0.945283768806846,93.9134834684357,109.801639504815,96.1745521669611,95.1776516004262
"Canada","81","Other services",2003,16679.6425908292,1671.75425085486,622.48739140349,1049.26685945137,13287.4987982059,989.463060949552,74.9594088787732,57.7015455274442,65.683203142128,57.0100350117311,83.2303026687815,87.6724961386626,14959.2530490608,94.1636349733249,85.4993437853276,129.908840731347,65.8148770353061,0.749188240725389,0.650261342183804,0.949331960814081,95.0358191745507,110.629080608545,96.5968065689737,95.5415414543812
"Canada","81","Other services",2004,17691.4590786786,1795.84289635412,674.864739582904,1120.97815677121,13914.0227775651,993.109123949563,76.9606014422216,61.9592229926526,74.3634200328493,59.3023450463799,84.1211947730947,87.9955596838372,15709.8656739192,95.0012657541768,87.4596419623177,124.211695571695,70.4117607925541,0.845081505249045,0.673924289582903,0.955970904388098,95.7638486146728,111.193944747532,96.8413885920854,96.1339333596226
"Canada","81","Other services",2005,18589.9787258018,2008.69901860195,771.720670250653,1236.97834835129,14676.587507403,977.601575949574,79.2234248664327,68.7107257166286,88.159362940601,63.1189806889734,83.0281137999683,86.6214958144448,16685.286526005,97.7365548422137,91.4593128663353,115.299939041773,79.3229498874233,1.01775387404358,0.728675718371141,0.958516278428462,97.1124466024369,112.119903331914,97.3932292823451,96.359827133366
"Canada","81","Other services",2006,19925.7469276876,2073.25303482236,741.888379872701,1331.36465494966,15508.8824200059,996.71036194957,81.5928906374144,72.3339552123687,90.9775439994563,67.2296121278328,84.882263522954,88.3146514590744,17582.1354548282,98.1177602404885,92.3888497428143,112.800261506317,81.904818755797,1.0301523302916,0.761250947799838,0.961134558316057,97.4837847980136,112.179957849937,97.7129079134835,96.5916426786687
"Canada","81","Other services",2007,21072.526,2238.49411753294,748.353195619827,1490.14092191311,16277.2734999512,1028.40263694956,83.4875192417466,81.0216076177622,98.9838432589746,76.4718073448618,88.0010379579332,91.1227814107837,18515.7676174841,95.9478811932367,91.6209074714071,103.043523445768,88.9147657296751,1.0862688970473,0.839217220555692,0.965741350247227,98.4443916914896,112.426010753282,98.4598677745811,96.9992152154102
"Canada","81","Other services",2008,22143.302,2378.64242648717,737.916825940447,1640.72560054672,17264.0354999508,1055.14909394956,85.7442190690364,88.7194321207706,108.70541427169,83.6268679590243,90.906177091271,93.492681552184,19642.677926438,94.7218979145805,91.7122256474987,96.6464922276732,94.8945207772769,1.16271575985351,0.894475017409219,0.972334685261228,99.2227381198082,112.724541675982,98.9760813649419,97.5810830660489
"Canada","81","Other services",2009,22558.146,2585.83486574226,807.916428309928,1777.91843743234,17520.5711999508,1062.39869294953,85.4370636253305,96.6877287645058,126.855279422982,88.3602066212919,91.1728023446058,94.1350404894871,20106.4060656931,93.1354924090305,90.7601071620848,88.3639162043224,102.711730150372,1.34758830254234,0.938653727260678,0.968532035154198,100.208247767233,113.373016192694,99.3871811795334,97.2470233476733
"Canada","81","Other services",2010,23243.699,2909.56297964694,910.658525345987,1998.90445430095,18042.2326999515,1084.99073494954,86.1713333134992,99.5094447079202,132.821135907137,90.2297566120613,93.703819277971,96.1368339805035,20951.7956795985,91.3817255044014,89.6340452931648,86.596135237644,103.508135839069,1.38158425244244,0.938555524205841,0.974692169465182,100.311814454635,113.491212095955,99.3862253995814,97.782594580721
"Canada","81","Other services",2011,24466.396,2915.00254913747,885.129351901366,2029.87319723611,18946.6204999513,1089.40461394954,89.5781886039934,102.69323863943,135.887339715004,93.4761834174277,94.6093119047487,96.527930732729,21861.6230490887,93.8056738348731,92.8002785556665,87.2289060027746,106.387071451652,1.40775150449723,0.968384826110578,0.980123692558036,100.687064695266,113.580632332362,99.6793524360069,98.2531521327093
"Canada","81","Other services",2012,25406.135,2854.9675316169,777.074318070271,2077.89321354662,19835.5921999528,1121.64197894954,91.3522246399193,103.669765421907,128.295528021408,96.9518536750452,97.7437491696867,99.3843590017849,22690.5597315697,92.8736392668546,91.9181102111638,88.1184830197515,104.311952567954,1.29090260590305,0.975524264067588,0.983492273345862,100.430390007767,113.213459133532,99.7468930453914,98.5470149825049
"Canada","81","Other services",2013,25991.911,2891.24348542386,734.272777772043,2156.97070765182,20541.8230999519,1109.45716394955,92.2872077125193,103.615035279205,121.6586780266,98.735717410596,96.9173899688109,98.3047096563997,23433.0665853758,94.5303479916455,93.8787246664853,89.0673901368067,105.401903572439,1.23756713642539,1.0043844059527,0.985887556227592,100.560552764051,113.056927642462,100.014250828551,98.7570872976437
"Canada","81","Other services",2014,27386.122,2963.9293557315,686.141543626173,2277.78781210532,21206.8632999527,1102.91489294955,95.9795196317888,108.288104454488,117.509255896289,105.827274252236,96.9969772167982,97.7250243183388,24170.7926556842,97.7100374444762,98.2138610875511,88.6334839041603,110.808981844548,1.20244795758252,1.08290865098691,0.992550044304221,101.181262462209,112.959781055851,100.717953755458,99.3421400002934
"Canada","81","Other services",2015,28022.19,2870.63798169126,632.622363486093,2238.01561820517,22208.9131999525,1113.28804794955,96.8491196563029,107.707506621109,113.070994378939,106.282350229505,98.6472265689132,98.6441494757857,25079.5511816437,97.2019332239985,98.1802977378567,89.9186349165023,109.187931766342,1.14625139939692,1.07743186792436,1.00003119387357,101.004653034325,112.814946824841,100.671117262081,100.001856152576
"Canada","81","Other services",2016,28187.854,2875.29088058607,585.441599236544,2289.84928134953,22293.439899953,1115.11105694955,96.0988009280001,103.366387183039,98.8506207998698,104.589357122859,98.0747340018153,98.8056792547345,25168.7307805391,97.4044844213474,97.2604020870544,92.969101026846,104.615835812986,1.0004548477929,1.05853588489801,0.992602193938319,100.511802063458,112.443493289445,100.510741165497,99.3436355591647
"Canada","81","Other services",2017,30023.361,2944.63585773886,628.050451652286,2316.58540608657,23342.1468999523,1128.59004194955,100,100,100,100,100,100,26286.7827576911,100,100,100,100,1,1,1,100,112.442287759553,100,100
"Canada","81","Other services",2018,31654.214,3354.7456850902,767.346496045344,2587.39918904485,24568.3700999531,1142.44249894956,101.215798255324,112.425591230616,119.52720607371,110.491112046157,101.222777285548,101.227412655181,27923.1157850433,98.7821062016267,99.9885264282145,90.0291447413444,111.062397310875,1.1807790294993,1.09151374265122,0.999954208356103,101.225391514712,112.923266066102,100.794684546599,99.9959523785526
"Canada","81","Other services",2019,32848.703,3418.25785728872,841.536646762909,2576.72121052581,25033.238099953,1127.05894794957,102.140002117943,116.634405444648,134.551062082153,111.751281692934,100.991234980773,99.8643356805331,28451.4959572417,99.4450697393429,102.278757898806,87.5727892885055,116.792851672055,1.34733847839917,1.1190309426423,1.0112843017736,101.83908563781,113.349182181513,101.02485510079,100.992168437205
"Canada","81","Other services",2020,28603.418,3164.8127663667,812.708961219516,2352.10380514718,22425.257499953,866.306105949616,87.7114703706522,119.776563172418,141.839132781041,113.757760270594,79.1089686956917,76.7600345341643,25590.0702663196,105.47874063196,114.26710644797,73.2292428898566,156.040267437748,1.84782528618993,1.48199204131366,1.03060100449124,105.50014551999,114.452584485762,103.647747288896,102.684108153424
"Canada","81","Other services",2021,31266.636,3203.46792481845,921.137349957471,2282.33057486098,23942.3914999532,915.535590949636,93.7301685983327,118.694544518701,157.46694860671,108.044152617587,83.1631874246974,81.1220688575382,27145.8594247716,107.989541875525,115.54213288487,78.9675456259617,146.315973187451,1.94111110360417,1.33187126683527,1.02516107633724,104.682997714027,114.637883526367,102.678215257324,102.207444764272
"Canada","81","Other services",2022,35255.2739545917,3660.85801434363,1069.68187955243,2591.1761347912,26914.0791999533,1008.38838394962,101.713930138127,119.578123226265,172.138987444852,105.272601207213,91.2528254557705,89.3493958362158,30574.9372142969,107.88895704455,113.83840840354,85.0606510571045,133.832044533866,1.92658255642148,1.17821279284513,1.02130321757344,103.57908166683,114.608209279765,101.621199466053,101.868465478788
"Canada","81","Other services",2023,39586.0940770379,4104.34577796128,1279.8695896761,2824.47618828518,30198.5633999532,1098.9994009496,105.010589041281,125.565574510954,194.26674071278,107.150181329325,98.644859126106,97.3780877112083,34302.9091779145,103.397668911473,107.83800699877,83.6300789052021,128.94643698831,1.9949738722423,1.10035207969063,1.01300879329911,103.119058339589,114.752817422769,101.042417463655,101.139817734286
"Canada","91","Non-business sector",1963,6744.16415063591,1365.62957570582,62.8862304502943,1302.74334525552,5487.61122965841,2669.33129069731,26.6379987925945,11.227729026742,0.38650661686546,21.6109487088521,28.040766056677,39.831065717223,6853.24080536423,111.942021917163,66.8774443086925,237.251885302438,28.1883721275555,0.0097036473894379,0.54256516414291,0.703992362538072,79.9344470103489,100,90.4588748672509,74.7399058775672
"Canada","91","Non-business sector",1964,7431.33148983466,1276.73485669891,51.603971290027,1225.13088540888,6057.91389224001,2772.01365074183,27.8991558751651,12.3142473941416,0.408400148487094,23.7346664935474,29.6691894473713,41.363265128059,7334.64874893892,110.066398154753,67.4491140600008,226.559975467424,29.7709751781373,0.00987349879712598,0.573810273924599,0.717283545085637,80.7536795306435,100.014066684063,91.3678026136355,75.8855655033167
"Canada","91","Non-business sector",1965,8145.41558672684,1339.02268061182,50.6858694940132,1288.33681111781,6590.73946256677,2838.88604846074,28.8632604957299,13.4652483255795,0.399403032142604,26.0444704333332,30.9069035945174,42.361117615494,7929.76214317859,108.40486878834,68.1362110360678,214.353718534096,31.7868108386604,0.00942852914712803,0.614820191236107,0.729605481022835,81.6659763227386,99.983107230973,92.4128535481351,76.9640712194406
"Canada","91","Non-business sector",1966,9429.02111500065,1553.99831533598,82.3536691243286,1471.64464621165,7673.06205742476,2965.35957160911,30.3341482541163,14.8340529478679,0.437739590750211,28.6990524782883,32.740636109885,44.2483225606304,9227.06037276074,106.840126218685,68.5543462411518,204.489955379836,33.5245543546692,0.00989279514834504,0.64859074463137,0.739929430432594,82.4023173983664,100.019919816024,93.211772825761,77.8683864704593
"Canada","91","Non-business sector",1967,10944.1768558167,2172.872828237,121.313222780946,2051.55960545605,8995.98825815287,3194.03500285604,32.5947607567477,16.2918232554844,0.613834303628236,31.1708745131301,35.653212036796,47.6605577379026,11168.8610863899,105.261040006381,68.3893817105424,200.068219778747,34.1830310611916,0.0128792933352535,0.654018248895586,0.748065354855097,82.6937160798386,100.281316893233,93.3451523754271,78.5685090984326
"Canada","91","Non-business sector",1968,12269.1043982371,2390.53779607882,77.343280189218,2313.19451588961,10179.3868065801,3244.20325060896,34.481339204496,17.2803276400822,0.62715468445195,33.1109401306719,36.592167304335,48.4091552537406,12569.9246026589,107.811503033826,71.228962835148,199.541003635345,35.6964040159469,0.0129552908156457,0.683980952716859,0.755893531141663,83.3857063430735,100.286336343706,94.1170979503682,79.2318703439415
"Canada","91","Non-business sector",1969,14133.7121476515,2410.79107914079,79.8467031988355,2330.94437594195,11850.0485987863,3349.48899572715,36.0417729844543,17.9523135377526,0.530759839388534,34.5983766600984,38.0504621122237,49.9802016980333,14260.8396779271,108.389638471642,72.1120999114987,200.763945597657,35.9188497201663,0.010619401710206,0.692241637381384,0.761310695425245,83.4788010692428,100.169242067486,94.3136058221819,79.6974033394838
"Canada","91","Non-business sector",1970,15908.9783551749,2265.92630738705,110.864218860421,2155.06208852663,13400.4233229285,3433.28592632908,37.8561692243485,18.5066961521522,0.483553624236061,35.8184246077917,39.2330824321528,51.2305976535069,15666.3496303156,110.417769202636,73.8936708886064,204.553902615114,36.1243026624839,0.00943876601843547,0.699160779853596,0.765813483135643,83.5535124544338,100.094447903433,94.4548870273458,80.0946598949989
"Canada","91","Non-business sector",1971,17674.5069619064,3480.00768368911,134.025157215441,3345.98252647367,14728.8887827146,3490.81635133298,39.6157357672136,19.5552065809893,0.490758645728933,37.904604965974,40.3957637868884,52.0890516592184,18208.8964664037,111.737258209212,76.0538625782462,202.584082163194,37.5418748433454,0.00942153159054647,0.72768852107266,0.775513519638814,84.0951618873627,100.09312742089,95.0637210937567,80.9379600303767
"Canada","91","Non-business sector",1972,19782.6795178318,3903.27316965263,165.935211950441,3737.33795770219,16589.568315675,3578.98571990432,40.9083552156002,20.3888120002059,0.515837911156957,39.5086312152277,41.8541927730089,53.4046919943278,20492.8414853276,111.22924382533,76.6006762475948,200.64119093936,38.1779413733374,0.00965903728480907,0.73979700546581,0.783717520128274,84.3651612619273,100.112389122329,95.3513483336687,81.6301280863542
"Canada","91","Non-business sector",1973,22271.6926102242,2649.38546808583,189.650145465566,2459.73532262027,18628.1261605516,3682.99433205714,42.4253231387257,21.1240337643338,0.535976529654506,40.9276446852365,43.4981622163664,54.9566813934158,21277.5116286375,111.048406503991,77.1977529629519,200.839118191325,38.4376080009528,0.00975270915318987,0.744725548332325,0.791499070058073,84.455274145495,100.120607160469,95.4457230091678,82.3124545075353
"Canada","91","Non-business sector",1974,26696.7141477694,2927.57393483001,228.330362376589,2699.24357245342,22234.4564024241,3828.95229727861,44.3491232494157,22.0030772439293,0.567004500998604,42.594900975925,45.5833781076608,57.1346281042454,25162.0303372541,110.854475705272,77.6221439098163,201.558730889115,38.5109310658039,0.00992400790574976,0.745518127784226,0.797824010064288,84.4746602260535,100.136287036236,95.4570374511742,82.8907268348894
"Canada","91","Non-business sector",1975,32218.3939138602,3981.4160288654,271.8910060063,3709.5250228591,26993.3451074269,3952.79444532485,46.7119494584031,22.4701052073978,0.561645451897224,43.5721902266591,47.3675423288631,58.9825683560165,30974.7611362923,112.602131830634,79.1961943339795,207.884872043342,38.0961796573,0.00952222779630676,0.738729957699689,0.8030769708595,84.3627354832319,100.099353708382,95.3579718708167,83.3694711179454
"Canada","91","Non-business sector",1976,37537.1179840069,7727.531965541,475.788073018594,7251.74389252241,31726.7393278844,3999.95865868321,48.2199618581268,23.378320182571,0.957070843476808,44.0282603541509,48.2016609335231,59.686340453667,39454.2712934254,113.815873271832,80.7889401354046,206.259309828752,39.168627201594,0.0160350062711544,0.737660577269416,0.807582783048005,84.743475987487,100.644328001324,95.3370072959257,83.7611828972652
"Canada","91","Non-business sector",1977,41685.3438297607,7402.48519132332,357.041287163684,7045.44390415963,35207.542150021,4053.90974020928,49.580109633644,23.8855097494844,1.13751418570765,44.6461165936844,49.1814293693467,60.4913844290136,42610.0273413443,114.666550948286,81.9622663650987,207.574006808518,39.4858044247837,0.0188045652524702,0.738057444297319,0.813031968660941,84.8698703154564,100.808329279237,95.3459595730062,84.2216354708046
"Canada","91","Non-business sector",1978,45542.3945619642,7395.54579321532,461.816621498104,6933.72917171722,38365.6491892011,4061.67539134729,51.107877957066,24.3238847447493,1.29556351746517,45.2047650914151,49.6124312355564,60.6072614510577,45761.1949824164,116.987319550315,84.3263277921528,210.113962031079,40.1336146237058,0.0213763744879214,0.745863845505037,0.818588895913405,85.1017525128877,100.927744724439,95.5050284606666,84.7004844276388
"Canada","91","Non-business sector",1979,49932.8371023903,8280.08057996078,624.400784892961,7655.67979506781,42016.7166048374,4073.19569399725,51.8790595198556,24.5786871836964,1.44284099830521,45.3944590027725,50.053662768965,60.779164404255,50296.7971847982,117.675675029259,85.3566514583798,211.073354455921,40.4393305248791,0.0237390726320054,0.746875338740171,0.823533249586116,85.2071597100781,101.046882524734,95.5246863839895,85.1284218511524
"Canada","91","Non-business sector",1980,56009.4888732888,7608.13290518777,765.642869189797,6842.49003599797,46918.545137301,4152.32731922203,53.7358372395284,25.2421182509767,1.6385487168378,46.2491316282044,51.2855286406391,61.9599458889749,54526.6780424888,118.917654544931,86.7267336479228,212.881647670156,40.7394130011147,0.0264452896678427,0.746435958983527,0.827720681559937,85.3030148337954,101.19128413525,95.5168815836754,85.4953067030897
"Canada","91","Non-business sector",1981,64744.6308757147,9090.59705124384,978.655097695589,8111.94195354825,54099.0785942444,4236.31886855409,56.1883914848126,26.3344383667524,2.025033470261,47.4966501696839,52.6569418561692,63.2132458944092,63189.6756454882,120.832873894635,88.8870531639353,213.364685064828,41.6596838117461,0.0320349547252105,0.751371797123373,0.833004872809836,85.5734427530827,101.47817327906,95.596822328471,85.9635612459132
"Canada","91","Non-business sector",1982,73589.7970121348,11260.0159574017,1283.98528091041,9976.03067649132,61569.9606746212,4304.02539243097,55.3171114134146,27.2494606647575,2.37429674151807,48.524675323071,54.1402128192575,64.2235449949453,72829.976632023,115.590026925759,86.1321364583164,203.002591845635,42.4290821487698,0.0369692570178886,0.755558967149666,0.842996331384675,85.8074647675333,101.719184445148,95.6673327777948,86.8399938857651
"Canada","91","Non-business sector",1983,78872.5980580791,14411.795784519,1483.82942595989,12927.9663585591,66191.9613920895,4434.64127475978,56.5583177751502,28.1685114706933,2.73977187616621,49.5831547965881,56.4395227532494,66.1725611440023,80603.7571766085,113.528180148056,85.470951701673,200.785610677348,42.5682654316401,0.0414034431915673,0.749300827100936,0.852914286186201,85.8543242797988,101.92702491626,95.5490998672565,87.6905288267807
"Canada","91","Non-business sector",1984,83908.9159358442,14611.0852074634,1846.47016039087,12764.6150470725,70306.0364021901,4509.57565129008,57.8673145594277,29.3585159566406,3.30366201699026,50.8139557074521,57.8501964145478,67.2907123777809,84917.1216096535,112.991916223679,85.9959904043685,197.1057210279,43.6293730876516,0.0490953639848984,0.755140700876732,0.859705513143737,86.2259634745737,102.27632194269,95.6644108791597,88.2658632242434
"Canada","91","Non-business sector",1985,88537.417190495,14212.4088988667,2296.4756622969,11915.9332365698,74211.9720882592,4584.54910528016,59.1989095172111,30.759519063882,4.07468633373222,51.9766452362667,59.2721396357162,68.4094467152284,88424.3809871258,112.400436001918,86.5361618310428,192.457201278946,44.9638471597734,0.0595632113601814,0.759787540054703,0.866432086235859,86.6593177004012,102.74901380382,95.7481000698877,88.8411901012242
"Canada","91","Non-business sector",1986,93320.0128957679,15748.2133174783,2659.83177506213,13088.3815424162,78592.5835665378,4681.59548847197,60.0722493918534,31.9072926073338,4.81188870233629,52.728668221236,60.8193947005251,69.8575475485732,94340.7968840162,110.959271482617,85.9924968738477,188.271221037557,45.6747963921123,0.068881443325655,0.754802738881907,0.870620238396379,86.8823301115337,103.15427224396,95.6619538761934,89.2001331824054
"Canada","91","Non-business sector",1987,99032.0850618352,15887.8117149044,3073.61216857626,12814.1995463282,83677.6536097902,4762.26195623486,60.6902161882934,32.9177807823685,5.57444053708101,53.2277948137849,62.2055865468011,71.0612315535663,99565.4653246946,109.448134645681,85.4055226196648,184.369100060355,46.3231217116677,0.0784455942461252,0.749041265540994,0.875380079782465,87.0824716412953,103.551116633878,95.5639890594959,89.6080122110639
"Canada","91","Non-business sector",1988,106183.181409317,16401.9962166673,3600.49655850104,12801.4996581663,89291.2822459047,4908.37968555282,62.2172213744976,34.8014442258584,6.92850729124268,54.3425955004017,64.5365829642313,73.2415622225986,105693.278462572,107.828798052143,84.9479714610736,178.777699484864,47.5159774993446,0.0945980271445507,0.741963904800959,0.881147001863357,87.4316135158219,104.182521682724,95.4507332583473,90.1051792660348
"Canada","91","Non-business sector",1989,114417.941557606,15423.3305449482,4215.61973475925,11207.7108101889,96253.3725807643,5004.54441901532,63.1014289038534,36.9851262349107,8.60445965132449,55.4327296715447,66.2115915339089,74.6765073084982,111676.703125712,106.045279972116,84.4997057015178,170.612987780723,49.5271238143483,0.115223113150945,0.742304797980776,0.886645531778561,87.964740134858,104.922968099401,95.455588674431,90.5847790394398
"Canada","91","Non-business sector",1990,125426.570158983,21046.2645368031,4709.02902283751,16337.2355139655,104952.656229947,5119.19701416915,64.6482176312029,38.9986125635714,10.2497636743505,56.502183678379,68.6193172196584,76.3873234474081,125998.92076675,104.556389658483,84.6321283605552,165.770557929004,51.05377542181,0.134181474252169,0.739680108274512,0.898307652668339,88.3731299762102,105.524994556152,95.4167098062882,91.5934562339539
"Canada","91","Non-business sector",1991,134342.239752052,21935.2269347029,5040.92531993779,16894.3016147651,113144.748356761,5152.24185056203,66.3154035644266,41.0166754458128,12.1705909560484,57.5790339260262,69.6598642292909,76.8804098824141,135079.975291464,105.036384358022,86.2578694180399,161.679128899747,53.3512705103243,0.158305489976744,0.748942858318412,0.906080812209941,89.0161902863883,106.178575897064,95.5680696295578,92.2550098725283
"Canada","91","Non-business sector",1992,141427.101885329,25404.6667553773,4803.92750751145,20600.7392478658,118826.03105719,5204.61544573365,67.5918758566878,42.3776724476091,13.6847657395298,58.2792041023053,71.1700079206795,77.6619150175758,144230.697812568,104.58814397974,87.033491050782,159.498792531021,54.5668651590919,0.176209481010516,0.750421929321676,0.916408099189582,89.3562867834458,106.581078544496,95.5933292011603,93.1276908936132
"Canada","91","Non-business sector",1993,144606.809089224,22787.2363648881,4912.30993214428,17874.9264327439,120920.676856239,5162.90846716602,68.1255588025077,43.8010013410925,15.2742312720973,59.1707559433849,71.6642633875995,77.0395743549599,143707.913221127,104.23040078268,88.429303215798,155.534249712677,56.8551964465423,0.19826474120588,0.768056631138116,0.930226626868502,89.9727262031749,107.006066042199,95.8904564222914,94.2954886315258
"Canada","91","Non-business sector",1994,145893.61325772,24537.0912557322,5488.57728685175,19048.5139688804,121169.767636866,5152.86645052536,68.4890259582265,44.6186330814727,16.3956083910514,59.4812897975509,72.0538175516259,76.8897300002553,145706.858892598,103.997459119519,89.074348366159,153.498709458819,58.0293793219518,0.213235348738993,0.773592127288696,0.937105872935003,90.2739085063699,107.286268394091,95.9783352238031,94.8784714007195
"Canada","91","Non-business sector",1995,147508.838370571,24844.6449692947,6122.94609768607,18721.6988716086,121782.524821268,5122.33770231711,68.9665837101381,45.9744212477148,18.3038796964059,59.9588497431537,71.9620219134934,76.434187977283,146627.169790562,104.304873243833,90.2300207999012,150.010770855688,60.1490281565873,0.239472416477375,0.784450667036249,0.941489977428441,90.8226451845735,107.781831506058,96.1513485757852,95.2472205910194
"Canada","91","Non-business sector",1996,146698.376086057,26309.3684466786,6495.95101953672,19813.4174271419,120362.355507589,5051.08829390267,67.8446091265191,47.8049984287085,21.3243838862554,60.3120781704207,71.2394404136569,75.3710228771851,146671.723954268,102.764291289583,90.0141812286003,141.91948824702,63.4262301396723,0.282925494072209,0.800202463335246,0.945183409939116,91.6669044527174,108.557841084326,96.402830787421,95.5555987928621
"Canada","91","Non-business sector",1997,147548.534541306,26492.6529405628,6327.13263579872,20165.5203047641,120656.90199998,4992.89047197995,67.0301596743135,48.5091788223838,23.4313832496639,59.8086069012822,71.0086916746253,74.5026101486183,147149.554940543,101.534040952379,89.9702165341608,138.180363596226,65.1107105182186,0.314504192576915,0.802771967075725,0.953103408497725,92.0997118534026,109.060329949034,96.4448918725736,96.2119070975224
"Canada","91","Non-business sector",1998,150728.208623601,28234.3137146756,6767.16670505522,21467.1470096204,123336.32999998,5042.59046797996,67.6944289952123,49.1821475866189,25.708331556558,59.2845861115901,71.4395325375597,75.2442205338563,151570.643714656,101.777665781672,89.9662838088049,137.640246140106,65.3633558001831,0.341665198657889,0.787895544547702,0.949435478641384,92.1650635949071,109.456936747431,96.1938541786187,95.9093545405787
"Canada","91","Non-business sector",1999,157447.932443284,28393.7135305793,7997.45222094884,20396.2613096304,128829.84999998,5173.41654397996,69.9449847289518,52.1353181359261,32.609533344638,59.3607337594495,73.8069807522395,77.1963731380845,157223.563530559,101.309251038764,90.6065685285994,134.160464019022,67.5359683578261,0.422423127137177,0.768957547439028,0.956093890838858,92.7195400713086,110.571687492894,95.8768369444493,96.4582347196292
"Canada","91","Non-business sector",2000,168113.384115738,30309.9180644285,8610.46850379998,21699.4495606285,137877.11299998,5291.41978097997,71.395819450764,55.0331907637936,39.0295702430147,59.9341292804631,75.788848813985,78.9571866812264,168187.031064408,100.206367629021,90.4234591576953,129.732291476974,69.7000400811885,0.494313081348613,0.759071235939992,0.959872710763709,93.2486253253872,111.462055421563,95.7164624765247,96.7705833654932
"Canada","91","Non-business sector",2001,175942.45550849,32150.2619730087,8863.26237879547,23286.9995942132,144009.74999998,5389.90416297996,73.1372261915779,57.9504664249333,44.7981437352822,61.2237639921138,77.201155738058,80.4267449579502,176160.011972989,100.167870640764,90.9364493488037,126.206449582795,72.0537259778844,0.557005555287662,0.761236377577181,0.959894072281819,93.8119752058783,112.139614254352,95.752076069913,96.7723463703051
"Canada","91","Non-business sector",2002,187104.569709274,35558.6054062738,8392.84450634732,27165.7608999265,152982.48599998,5510.67794397996,75.0617498522499,58.9328145427957,44.323714865254,62.8059283843473,79.0179843340475,82.2288998364747,188541.091406254,100.560261651504,91.2839038361478,127.368343824376,71.6692241535434,0.539028431043085,0.763793854827766,0.960951496264541,93.7188831748758,111.965315304039,95.7964498318563,96.8591615998458
"Canada","91","Non-business sector",2003,199162.541349007,35900.1088231832,8237.30350126117,27662.8053219221,162881.32999998,5641.11403097997,77.4138000569457,60.3049930290224,44.281145591894,64.7067882522136,81.1338010106195,84.1752331265016,198781.438823163,101.070261523209,91.9674317273413,128.370465144884,71.6422049445278,0.526059078747625,0.768715284161671,0.963867850400708,93.7123599096407,111.848183423749,95.8836265117236,97.0987847553612
"Canada","91","Non-business sector",2004,207205.540093504,38373.6084004518,8471.6808829839,29901.9275174679,169204.79499998,5666.70560097997,78.9599660723111,62.756275835313,47.0353933024285,66.9642230556023,81.4854732243296,84.5571038632023,207578.403400432,101.979962799174,93.3806415603515,125.820031576635,74.2176268676858,0.556255963762939,0.791940830470471,0.963673890205108,94.3190984284484,112.105216845186,96.2886351389464,97.0828156214363
"Canada","91","Non-business sector",2005,218701.0783217,40744.5885538641,8759.74241860275,31984.8461352614,177202.26999998,5720.87241897997,80.3874389825391,66.0524695512089,51.0391366925342,69.9289067560059,82.6700404657717,85.3653670019779,217946.858553844,101.638992295178,94.1686796481254,121.702397395175,77.3761911545211,0.597890438300951,0.819171863390287,0.968425994863424,95.0527266000344,112.433424151825,96.7631245849191,97.4723757316884
"Canada","91","Non-business sector",2006,232992.618649532,45018.1934273711,9102.73499099127,35915.4584363798,188155.23799998,5876.28130997997,82.9164724594247,68.9088209589314,56.1392775921356,72.0106838778966,85.0186422625294,87.6843379637444,233173.431427351,101.663524720058,94.5624662111367,120.327806085728,78.5873766731565,0.640242931586574,0.821249102749358,0.969598952753487,95.3336593057635,112.738675900855,96.7999866003493,97.5679913062093
"Canada","91","Non-business sector",2007,246750.031,42269.628344172,9730.3646674906,32539.2636766814,199916.08899998,6071.65988797997,85.2843184710257,73.4525515569568,64.1990125307206,75.4139385410255,88.0580651387544,90.5997261762067,242185.717344152,100.425789946444,94.1330863463725,116.108040719177,81.0737014967347,0.708600513933789,0.832385943356535,0.971946261377115,95.8810041688143,113.192570144033,96.9881779255508,97.7607371873244
"Canada","91","Non-business sector",2008,264909.158,52343.6234967627,9136.47623283764,43207.1472639251,213075.91699998,6231.12254697997,88.4507411350114,77.3201161929924,68.569121841688,79.1212002054733,90.5727519723359,92.9791864073917,265419.540496743,100.827679238679,95.1296140057208,114.395509849257,83.1585209341492,0.737467432133143,0.850956039331221,0.974118568595428,96.334565591947,113.361283691612,97.3066404582886,97.9385838789204
"Canada","91","Non-business sector",2009,281741.255,54456.0160010751,8993.51595275425,45462.5000483209,227027.04399998,6314.75823797997,91.2008207187218,81.6043401601244,73.6355551278098,83.2216811663915,91.8791970123614,94.2271763875549,281483.060001055,101.694487970374,96.7882347907935,111.759767360127,86.6038262936873,0.781468340141573,0.88320253622057,0.975081717767533,97.1015092006496,113.579516092884,97.8952696399197,98.0164965709516
"Canada","91","Non-business sector",2010,290947.731,64587.3497145926,10054.404769006,54532.9449455865,233391.24099998,6300.03593897997,93.0784951994583,86.2315123902327,78.9393835781678,87.7046263384698,92.1902164175241,94.0074940794723,297978.590714573,102.345449996985,99.0117821040643,107.940232775044,91.7283385060068,0.83971373081633,0.932953560748315,0.980668800080854,98.2532120520296,113.848016789576,98.823777156949,98.4626636946822
"Canada","91","Non-business sector",2011,305630.085,58282.3400475406,10326.0438803426,47956.2961671981,243673.89099998,6367.74525097997,94.3678594039553,89.9788900757817,85.5387637987114,90.8491906130437,93.4556500930685,95.017834783655,301956.231047521,101.753761295425,99.3159438107807,104.877776692374,94.6968432617451,0.900239034003181,0.956127771379943,0.983559037162408,98.8964503500381,114.11750149284,99.2390719594157,98.6933290305446
"Canada","91","Non-business sector",2012,315384.048,63824.0700481449,10609.5024270111,53214.5676211338,250223.35199998,6415.13249697997,95.1814810568377,93.1546862387932,91.8034548417772,93.3815015156002,94.6014949177583,95.7249349162471,314047.422048125,100.937001856549,99.4322755508951,102.175730389826,97.3149642987978,0.959033870559422,0.975519091209649,0.988263872945208,99.4322577474049,114.363166385108,99.5666531554443,99.0717141046692
"Canada","91","Non-business sector",2013,328039.452,68178.8636043706,10469.1760239542,57709.6875804164,260136.28999998,6444.61097497998,95.6319573903407,94.8111544399607,92.7310170437713,95.17596052692,95.2100527579071,96.1648050809411,328315.15360435,100.534627100027,99.4459015539502,100.865724033452,98.5923637656823,0.964292674078842,0.989717188599417,0.990071707396169,99.699017762541,114.383703140486,99.8152972021278,99.2156857133704
"Canada","91","Non-business sector",2014,337646.062,71969.887849285,10290.800993325,61679.08685596,267317.14399998,6481.08166497998,96.5016517559,95.8504101062862,94.1876161839267,96.1418496981452,95.6006161246333,96.7090112104706,339287.031849265,100.890183032967,99.7855841436334,100.679435433705,99.1121808677003,0.973928023924714,0.994135380920283,0.988538864455711,99.8091187387603,114.41908795424,99.8948145093275,99.0942997527907
"Canada","91","Non-business sector",2015,347666.98,71914.0490693906,9482.38927687277,62431.6597925178,274143.96099998,6586.94066097998,97.318444564544,96.6828141941587,91.3025923293623,97.5924344824304,97.54849663147,98.288611554995,346058.010069371,99.9540095344562,99.0129405888411,100.657438838208,98.3662427056081,0.928923411216122,0.992917011833308,0.99246998292258,99.6509254136791,114.262934947624,99.8726319929227,99.405497382023
"Canada","91","Non-business sector",2016,356842.245,76530.7869669621,10667.609127505,65863.1778394571,281340.70199998,6685.59207597998,98.5784389661744,97.9825232492703,95.6185971264786,98.3962704691861,99.5971935946782,99.7606622546051,357871.488966942,99.3209495545844,98.814940416681,100.608185722456,98.2175950267885,0.958479975628517,0.986323348757079,0.998361391592312,99.6191578410054,114.365357109291,99.7514466622059,99.8708817349124
"Canada","91","Non-business sector",2017,369187.676,77798.4397399164,12229.7965076733,65568.6432322431,291836.13099998,6701.63160997998,100,100,100,100,100,100,369634.570739896,100,100,100,100,1,1,1,100,114.517973615477,100,100
"Canada","91","Non-business sector",2018,385225.985,79307.466668941,13118.3297058227,66189.1369631183,304672.64399998,6928.13756597998,103.287136855263,102.155015952809,104.322661553057,101.753157355019,103.308414560859,103.379862833145,383980.110668921,100.213729216728,99.9103055707942,101.108238192608,98.8151978085783,1.00911975208783,0.98426477426507,0.999308876309877,99.7517935744224,114.55293705541,99.7230153659931,99.9452941180223
"Canada","91","Non-business sector",2019,401098.198,90711.1760313695,13499.5896216652,77211.5864097043,317281.73799998,7016.35166197998,104.865425141575,103.693714069958,107.682509073707,102.969916781169,104.927297066239,104.696170579286,407992.91403135,100.188132939746,100.161662610344,101.129973096369,99.0425089057403,1.02852385601018,0.983511777092081,1.00220759255735,99.8009552914689,114.626325604032,99.7092166080284,100.172968369412
"Canada","91","Non-business sector",2020,412589.446,81694.8637763202,12909.0741152372,68785.7896610831,325839.88299998,6763.89533497998,103.111976552093,104.90148614328,109.018065740644,104.155333089555,102.132083423038,100.929083074445,407534.7467763,100.386955916205,102.162799275643,98.294104633806,103.9358358838,1.08014521107095,1.03196551397113,1.01191926362499,100.823589096191,114.808240776686,100.571324340976,100.937686337941
"Canada","91","Non-business sector",2021,440374.695,83134.5873796111,13511.5494843698,69623.0378952413,348496.17299998,7227.84497997998,108.298667763708,106.326908092425,114.061377912481,104.949990296387,108.951074351379,107.852018741471,431630.760379591,99.8358531302852,100.414131350946,101.854431494959,98.5859229462343,1.05757295267596,0.973092497674609,1.0101904036914,99.7818681599731,114.731915467696,99.6010069935568,100.799103947114
"Canada","91","Non-business sector",2022,476657.890349424,98283.4154019553,14776.270508566,83507.1448933892,367508.81499998,7475.23953597998,111.072327134433,107.243708513614,117.758871055815,105.40863544677,112.353401071342,111.543575818879,465792.230401935,99.7371985222051,99.5775205510615,103.57001699576,96.1451233083589,1.0557207816883,0.944999608206299,1.00726016936895,99.2783287330381,114.725577998463,99.1053733555142,100.565654721631
"Canada","91","Non-business sector",2023,510726.456495917,103309.049719086,16258.7291977951,87050.3205212911,395643.30099998,7755.37337397998,114.60522158486,108.665910382585,122.089222856954,106.370364527603,116.661073156395,115.723659928289,498952.350719066,99.6174588175245,99.0335266408596,105.465661844975,93.9012043431068,1.05500658147702,0.919175599816994,1.00810044574019,98.789469409054,114.723081607911,98.6208778725759,100.632006689595
"United States","1","Business sector",1963,505123.841400549,205199.304911602,3152.18033057066,202654.030023466,297331.224189938,4436.61830894376,21.8314782812027,14.3747876357135,0.159619381286039,18.640086892361,46.0231795505385,77.9531128519219,502530.529101541,66.1974370597811,24.6761242260729,133.816286215183,18.440299700436,0.00204763319188097,0.239119211669832,0.59039566050381,51.1963365787566,100,58.3175501578293,72.8109817633861
"United States","1","Business sector",1964,543024.735592005,217743.002297721,3242.00379720867,215151.446174793,322883.235591713,4501.03864942945,23.0918826417168,14.9794227057704,0.174140302709669,19.4100579142676,46.7832116225729,79.0348185406207,540626.237889434,68.1917880459947,25.7435329175144,135.828695984823,18.9529412256088,0.00220333652844623,0.24558869461175,0.591931663618968,51.7688349610666,100.044970132152,58.9445947518679,72.9235290234837
"United States","1","Business sector",1965,590515.287823667,240973.085926035,3844.12791258777,237832.750546813,346362.460155971,4636.03215593933,24.5650045433371,15.6805966785086,0.188151272739238,20.3070082200431,48.2266735823205,81.3247278966804,587335.546082005,69.9327680510831,26.6146951431704,138.032556091309,19.2814622121209,0.00231358010786432,0.249702750261179,0.593013648242272,52.1317617420129,100.075605181028,59.3390293053833,73.0026080143236
"United States","1","Business sector",1966,644495.060872653,258296.776147066,4532.20062079362,254493.178592482,383369.873179358,4746.82056609572,25.9442399546496,16.5145795187338,0.205292639755939,21.3720392930488,49.5716892731061,83.1680908961307,641666.649326424,71.1487556921435,27.4859964415629,138.420590595691,19.8568697931986,0.00246840630275294,0.25697402769219,0.59604216880506,52.7585202348722,100.119722843738,60.0255913661965,73.2236832586826
"United States","1","Business sector",1967,676464.394226101,267093.883900449,5040.53482159582,262784.597740564,406949.806579446,4736.9863273375,26.5496241023722,17.4378810143799,0.224418030324633,22.550151044735,49.8201500345032,82.9714682593377,674043.690479895,71.0304197070886,28.1940111504543,134.15038784496,21.0167198197285,0.00270476146840245,0.271781993470957,0.600449179455088,53.9683858357189,100.186307776157,61.362704536134,73.5483709052849
"United States","1","Business sector",1968,737651.874925828,296347.385108028,5361.57220459285,291811.620822409,437969.550763965,4799.73895224674,27.8158532661469,18.2471803559124,0.243905350466744,23.5795471873384,50.5614356028489,84.0451523717854,734316.935871992,72.4352750853812,29.1613069183814,134.314805658269,21.711163393688,0.00290207517725466,0.280558087193786,0.601598476247426,54.6745801299583,100.238451218769,62.1351544343512,73.6328166060205
"United States","1","Business sector",1969,798767.982761309,313926.665460211,6678.86641676415,308060.011620663,482181.870850962,4923.73301493668,28.7192958142964,19.1470488521713,0.261619280035204,24.7290965166627,51.6648791333172,86.1590186762012,796108.536311174,72.4195135065376,29.3697540148916,132.15974974637,22.2229189078032,0.00303647005333718,0.287016924015795,0.599645631149558,55.1851224944798,100.274058128518,62.6922585384461,73.4890604839758
"United States","1","Business sector",1970,837638.596268332,321262.485689743,7310.87956065232,314752.990531482,514671.040119536,4841.24745923539,28.9705753822204,20.0670818403111,0.284331036664899,25.8922494437838,50.694838691769,84.6504430618254,835933.525809279,72.5655606087975,30.1547096547471,127.203823305655,23.705820211307,0.00335888421112261,0.305872580310928,0.598872691720508,56.5905586876152,100.360790715765,64.2336552353007,73.431198224651
"United States","1","Business sector",1971,910002.115870925,363313.575455946,8414.66720199893,355795.991792333,542884.833643506,4827.84867751781,30.1480782189013,20.8490711044462,0.304263406022828,26.8813838355968,50.6610442904508,84.3927622267455,906198.409099452,74.4201482297749,31.4761566132033,127.409024006992,24.7048094579831,0.00360532583594476,0.318527123965586,0.600300819095544,57.5151504734927,100.424875778562,65.2429284871778,73.5375076313947
"United States","1","Business sector",1972,1002215.85647785,389815.825909731,8858.94668313341,381930.019313132,609618.508829373,4970.78508155776,31.9926991882191,21.774438147317,0.333729256266486,28.0411815859145,52.0479792900619,86.8184187263713,999434.334739103,76.3716336133262,32.4688029169351,129.458684909114,25.0804362331734,0.00384399141521239,0.322986550518651,0.599503884701049,57.8594178074483,100.483308700308,65.5952644285004,73.4784755157144
"United States","1","Business sector",1973,1126064.90543355,431587.415115106,10198.9960631331,422441.365796998,692225.71695044,5190.92904451955,33.7399283290634,22.8937035651795,0.365761025378998,29.4497672260979,54.1683737784345,90.5167643687281,1123813.13206555,77.0850125382506,32.8429682549064,129.854010306159,25.2922248434776,0.00404080976523904,0.325351523902596,0.598434711583092,58.0480319294783,100.528324189608,65.7768976994382,73.3981228845563
"United States","1","Business sector",1974,1219073.26392909,489304.668282976,14417.8138417704,475901.815108073,724318.685354361,5152.67917425536,33.4854915750579,24.0270828058506,0.396604465532917,30.8731809892014,53.9077881421181,89.8180709877407,1213623.35363734,75.2822478434222,32.8488538806733,122.795626650182,26.7508337037544,0.00441564221065323,0.343730171998632,0.600188665257306,59.3433360868529,100.621804100998,67.1796702842659,73.5284965374487
"United States","1","Business sector",1975,1328782.8726584,538631.556984409,14756.4737878748,525062.181543121,783488.649255539,4982.10774611912,33.5418764965512,24.8842859661053,0.431206507704224,31.9289497598552,52.1763422226785,86.6528952991922,1322120.20623995,75.8027293812854,34.1060593367173,118.765263861624,28.7172008277228,0.00497625043243354,0.368469508717649,0.602130396711221,61.0740576742379,100.760453836737,69.0477425498708,73.669873674031
"United States","1","Business sector",1976,1488556.26328501,590793.503497108,15206.5741827687,576950.298541066,892019.10411036,5133.26902161205,35.3865401797329,25.6093384035773,0.467802607271114,32.8104122867857,53.8456857028631,89.2042611838029,1482812.60760747,77.5788718277136,34.9526226353838,121.749450512558,28.7086491875203,0.00524417332830345,0.367812163358213,0.603622349294677,61.0667291796469,100.817051673329,68.9992923591407,73.7788105431927
"United States","1","Business sector",1977,1664960.48291933,655187.032620998,18747.7648008249,637833.259449386,1004116.1219446,5327.9488800792,36.9448309740521,26.5913934423581,0.520499311435878,33.9890663924567,55.966736117281,92.4692038620902,1659303.15456559,77.9566269962522,35.2033368659107,122.416470589856,28.7570264820457,0.00562889361751354,0.367571742513848,0.605247301585407,61.1075246306832,100.893999772714,68.9818460924284,73.8985811539862
"United States","1","Business sector",1978,1892835.9573339,738789.946717066,23030.358737201,717213.063884814,1148442.74594635,5578.35830103863,38.8065047474915,27.7181894903074,0.593042459287735,35.3166137073142,58.5181856329618,96.6429065689915,1887232.69266342,78.4095050473648,35.3803244407801,123.357890691475,28.681038758411,0.00613643029107753,0.365434101281943,0.605509371670095,61.0439894491143,100.996404568087,68.8282364127966,73.9179970067258
"United States","1","Business sector",1979,2123780.46491109,818674.876115305,30135.3693800156,789861.127398606,1300218.29347765,5749.06977432059,39.9742227879051,29.0863589461874,0.703096158736068,36.8719607812731,60.1922343492003,99.5163579824412,2118893.16959296,77.9149468228366,35.3926287739473,121.092692334716,29.2277164637792,0.00706513153204545,0.370511557384152,0.604847640825247,61.4939006176707,101.18464010623,69.1866501972876,73.8686225462221
"United States","1","Business sector",1980,2304347.14998829,882365.099081509,35592.7060893693,848001.872359732,1417486.45581076,5699.74723499338,39.5628753884383,30.4106731767317,0.854324904177,38.2823191301326,59.5187405343782,98.5957053676679,2299851.55489227,76.3288896443283,35.3555107733003,114.627568520742,30.8438111612762,0.00866493019134235,0.388275726487032,0.60366463541622,62.7814099908133,101.491785277506,70.3983861497718,73.7797375226724
"United States","1","Business sector",1981,2594386.48588549,1012013.100892,38977.8924387859,974560.860099805,1574774.96028913,5759.99352128895,40.710206197887,31.540143075623,1.05100911369033,39.411898553527,60.4631241811474,99.6059584733024,2586788.06118114,76.6973330094234,36.0118347992756,113.727870953649,31.6649159940334,0.0105516690948969,0.395678121646614,0.607023165158874,63.4237483719603,101.797593469206,70.8956816633621,74.030908873283
"United States","1","Business sector",1982,2672067.75969357,1015539.82966701,42674.1203024613,974173.692559766,1652356.34407286,5629.19870693464,39.7270989852418,32.6770673570608,1.26680998300808,40.5298079977916,59.7453035063443,97.1829493467875,2667896.17373988,74.3726642236534,36.0183690324572,107.120118674873,33.6242803667709,0.0130353111479216,0.417046490873261,0.614771458449457,64.9105222810116,102.132350964475,72.2924753754176,74.6097527051114
"United States","1","Business sector",1983,2915392.12848392,1137713.39446533,48949.474890253,1090157.76804809,1769074.23765155,5740.91454814385,41.7802680355998,33.6727665150066,1.49742131009207,41.4856862953386,60.6073010492357,99.0252187057486,2906787.63211688,76.6383146001717,37.1751455482438,109.325051052526,34.0042334216545,0.0151216157829616,0.41894061772903,0.612039052691507,65.1926903646501,102.381592643152,72.4138165193143,74.405977813077
"United States","1","Business sector",1984,3252178.78718642,1257766.48111723,59345.2476194046,1199634.57656231,1986366.4110583,6047.25939764589,44.6576816852966,35.0482195556077,1.83927667118692,42.7912275340291,63.8540914215722,104.069228524801,3244132.89217553,78.1200712905973,37.8095148405553,112.268385962106,33.6777931886515,0.0176735880265374,0.411180405011183,0.613573217815819,64.9481715872937,102.662442577822,71.9113476440722,74.5197766136984
"United States","1","Business sector",1985,3498200.09860712,1350755.57202227,71739.0887290362,1279818.09992134,2139084.65487166,6142.80284156258,46.6971740611391,36.7077054986337,2.24789713188001,44.389809803878,65.1128074373918,105.659551526108,3489840.22689393,79.283077890381,38.9411795573818,112.088388855679,34.7414928119996,0.0212749069952712,0.420121126417139,0.616251029811564,65.7352667032699,103.032947887286,72.4832602902037,74.7188486864839
"United States","1","Business sector",1986,3686672.99376648,1411670.07207489,80934.0509796056,1331200.53140511,2267811.2420264,6182.97158347463,48.4420064547063,38.3277835309938,2.69008348296347,45.928431350318,65.4366834021645,106.262617894528,3679481.31410128,80.6416904676854,40.1669520816153,111.361656944889,36.0689246043575,0.0253154264054885,0.432216260622383,0.615801536784219,66.69201783364,103.414839050251,73.2365338964503,74.6853460068615
"United States","1","Business sector",1987,3909562.83570387,1448011.95985777,90625.3648584994,1357386.59499927,2460612.81365672,6379.5065940067,49.8191469694244,39.9181334736945,3.08468091222897,47.5035626169891,67.3444630635807,109.534553935999,3908624.77351448,80.2234859543072,40.0748964681597,109.964708434173,36.4434162912816,0.0281617151974832,0.433685635354351,0.614823913035973,66.9522720923872,103.664064809268,73.3247083063045,74.6114636755251
"United States","1","Business sector",1988,4220345.54351731,1550356.45415405,98767.6925027845,1451588.76165126,2670689.17147528,6482.04019429464,51.8670196826139,41.3353044312012,3.46405260973154,48.9133561489091,69.186021463635,111.256410628357,4221045.62562932,81.0612276384285,41.0765079106151,110.5598445244,37.1531889243474,0.0311357573929193,0.439645283113618,0.62186098826022,67.4303515433714,103.90675736806,73.6713734908835,75.1492957045156
"United States","1","Business sector",1989,4553333.26983123,1720225.20891075,118087.745475526,1602137.46343523,2835184.68839545,6560.45526152703,53.7117061627893,42.7618233293534,3.8381394885845,50.3407935548186,71.2592641553341,112.568039837833,4555409.8973062,81.3683819404465,42.041781455961,110.672571029951,37.9875348197913,0.0340961741371153,0.447203252604736,0.633032824041273,67.990428741321,104.139757777392,74.1094078409278,75.9937105987211
"United States","1","Business sector",1990,4798829.14454991,1798860.63129254,127374.388630963,1671486.24266157,3004888.02768172,6532.58049568547,54.579590555251,44.0757570575435,4.19441538489038,51.6511548777567,72.0237418594522,112.049083096472,4803748.65897426,81.2050050260015,42.9189642098491,109.108292363201,39.3361157802561,0.0374337323338834,0.460969009744473,0.642787427340584,68.8882287013862,104.395058708473,74.8995899670012,76.7222651930678
"United States","1","Business sector",1991,4912036.06287595,1819955.3835204,128293.829544405,1691661.553976,3093124.86271874,6345.19467643917,54.4761566276665,45.3386616341346,4.50825335924438,52.9537607678752,71.0758629730767,108.727343500181,4913080.24623914,80.8723480894043,44.1463648973272,105.86807831271,41.6994108147774,0.0414638416990008,0.487032599741454,0.653707344307169,70.4015680298991,104.676323427718,76.3391561652985,77.5376373922006
"United States","1","Business sector",1992,5219576.49135146,1944765.7596434,130874.874278274,1813890.88536512,3278102.39272492,6336.65425107103,56.6734560040337,46.4520990663483,4.88906313951182,54.0339171505233,71.8818371132934,108.550499108097,5222868.15236832,82.7907365358086,46.00183315603,107.498305767455,42.7930773676963,0.045039527037487,0.497776772971954,0.662197205023555,71.0817529605509,104.898093909624,76.9173718555191,78.1691271845903
"United States","1","Business sector",1993,5521282.40213369,2077071.06987079,137791.063421062,1939280.00644972,3443679.67971836,6443.86728968672,58.4560974731452,47.9088519309708,5.4105113393349,55.4520273450209,74.6554990322152,110.34101283205,5520750.74958915,82.4373777913571,46.6788468165,107.508133214838,43.4188981062669,0.0490344541931133,0.502551371623026,0.676588850474375,71.4690732027229,105.121268989201,77.1742668338911,79.227836935793
"United States","1","Business sector",1994,5892504.55197458,2299183.9966881,148914.957037212,2150269.03965089,3593610.79075557,6542.78054347867,61.2010823125525,49.5276506314625,6.10338947067132,56.9851850659798,76.5889400048847,111.996426014046,5892794.78744367,83.8830130712058,48.1484382274865,108.877625546224,44.2225278021379,0.0544962878539164,0.508812531739476,0.683851643580832,71.9731056025394,105.400457494599,77.5171957505903,79.7513310327184
"United States","1","Business sector",1995,6205190.65004817,2438862.42380022,158334.384732047,2280528.03906817,3768913.90779142,6585.91636340859,62.8288176472366,51.4570752428655,7.11511320429019,58.738076276439,79.0892324147067,112.693145182137,6207776.33159164,83.1929481285308,49.1234265658772,107.582357055942,45.6612291366078,0.0631370541020096,0.52122137669958,0.701810498649951,72.8809384140388,105.795025276349,78.2040804980686,81.0192432360954
"United States","1","Business sector",1996,6592195.76786539,2606834.20475148,173067.140589056,2433767.06416243,3991994.1671052,6571.93023667234,65.6894882614178,53.5688213027731,8.50926239105027,60.5436718984007,80.3410345355459,112.430164302453,6598828.37185668,84.8025665658327,51.4802087490496,108.046587309932,47.6463070521406,0.0756848701933685,0.538500252792742,0.714586116937594,74.1130966123471,106.292242883718,79.1485492269548,81.9098901247358
"United States","1","Business sector",1997,7036430,2751560,181809,2569751,4284881,6676.969,69.230367093703,56.0224442543576,10.4459339591663,62.6002120828398,83.017069881099,114.176648784079,7036441,86.0851192705858,53.4252556028287,108.883443526107,49.0664639845074,0.0914892324342152,0.548275087327393,0.727093243366197,74.9736141416829,106.818294128278,79.6728362357086,82.7770750420692
"United States","1","Business sector",1998,7457883,2852267,197232,2655035,4605622,6673.064,72.5114834318024,58.978783884347,13.007628414177,65.0694017747312,85.5077887893664,114.025982235786,7457889,86.801577087386,56.031240028777,108.327380786602,51.7239866983905,0.114076004074927,0.570654165821426,0.749897410333647,76.5187291266678,107.436212964516,80.8305620352111,84.359669516053
"United States","1","Business sector",1999,7946260,3075801,213823,2861978,4870454,6704.909,76.0644157920947,62.1576462406161,16.415005258304,67.6621298759667,87.4241418139146,114.512791660444,7946255,88.0254315622141,58.5268024783556,107.823702216969,54.2800898828208,0.143346477020473,0.590869621593021,0.76344433269208,77.9521276227279,108.092831264619,81.8444757097221,85.2940352836766
"United States","1","Business sector",2000,8478430,3248901,249391,2999510,5229522,6649.361,79.3540077286082,65.6154327706598,20.1793237337451,70.4630331862875,88.7410032372422,113.510981248554,8478423,89.1144454716918,61.5968145582231,106.558999415997,57.8053612513331,0.177774198687954,0.620759616481467,0.781783420961947,79.8643203288537,108.750058163386,83.2990348513176,86.5480613919044
"United States","1","Business sector",2001,8741486,3320630,248519,3072111,5420847,6378.962,80.1957620584299,68.546196045332,24.1581738779423,72.8174494155314,87.6679683506694,108.614596339223,8741477,89.2396307298222,65.0564696372039,103.084964543135,63.1095620253926,0.222421062105611,0.670420476342876,0.807147209541397,82.584690384395,109.457077370471,85.5905031240236,88.274076474123
"United States","1","Business sector",2002,8983467,3540962,242136,3298826,5442501,6082.586,81.6560731242814,70.7020462078146,27.1129968137086,74.6684334131271,86.529804340756,103.24437115257,8983463,90.5042125053628,69.6866156315963,101.761564120612,68.4802913888007,0.262609927408461,0.723220380729382,0.838106749789645,85.2368172070302,109.961687128183,87.954041985449,90.3344396405697
"United States","1","Business sector",2003,9410975,3789106,253560,3535546,5621879,5926.872,84.1522524621508,72.7768062080142,29.6050642453074,76.5351053615884,86.3873763116667,100.475873505376,9410985,92.2937332096483,73.7957278405269,101.882599719324,72.4321209351023,0.294648488362964,0.761726200444462,0.859782287008877,87.1634402373443,110.303329221322,89.6651846110917,91.7327988224558
"United States","1","Business sector",2004,10050972,4097956,259129,3838827,5953005,5933.784,87.6462495582447,74.9282543047281,32.4222852827997,78.4771986133469,87.8299380219557,100.563220142419,10050961,94.0665338150088,76.7929641928146,103.065897306293,74.5086068232634,0.322406991710117,0.780376747107005,0.873380326301896,88.167381940108,110.565438020629,90.4905865628082,92.5930404856349
"United States","1","Business sector",2005,10749525,4470057,272835,4197222,6279462,5958.355,90.7675364804805,77.5428778615972,35.4510537566711,80.9266371766924,88.965006259758,100.950425372177,10749519,95.3274738473791,79.222703938577,103.137333592492,76.8128292433812,0.35117290121337,0.801647312315305,0.881274208917575,89.280098717956,110.807429728287,91.4352802727409,93.0844023883361
"United States","1","Business sector",2006,11397330,4740319,273334,4466985,6657016,6024.527,93.4668985660095,80.3498819112149,39.3756896077294,83.5045213702712,91.0517265583604,102.024954460316,11397335,95.4204211828049,80.7195418945561,102.494333407355,78.7551264651316,0.385941751368731,0.81847153779178,0.892445647635904,90.2121160072439,111.065928085615,92.1812238167615,93.7718511705466
"United States","1","Business sector",2007,11934987,5003939,281169,4722770,6931046,6013.207,95.2871773893215,82.7442833888977,44.1240646240069,85.5696700931963,92.1800649446756,101.799231443085,11934985,95.4063591826048,82.4740324309704,101.466745152951,81.2818350550707,0.433442021108739,0.840572849914273,0.905508456576246,91.4096372015973,111.372788766997,93.1536056632853,94.5688093007114
"United States","1","Business sector",2008,12129910,5211084,296214,4914870,6918826,5894.839,95.1114256842776,84.7161740547656,49.0083699542553,87.1835923528838,91.5825298437741,99.6987232109129,12129910,94.636764157724,84.0563177665036,98.92216749205,84.9721754967196,0.491564669796001,0.874470500173274,0.918592805346474,93.1486342151746,111.70949772203,94.6401167584169,95.3529178472343
"United States","1","Business sector",2009,11820155,5160615,284905,4875710,6659536,5396.492,93.1097590949809,85.6081981040214,53.7283931901983,87.6875393390539,86.1335745748948,90.3751373122207,11820151,95.4892558630474,90.7765135571483,95.8312411561733,94.7253864835294,0.594504138948988,0.970261755023598,0.95306715028634,97.6369822527404,112.226002254195,98.7487890662926,97.3653976811782
"United States","1","Business sector",2010,12288868,5530354,293543,5236811,6758512,5402.554,95.7154992897392,86.2285879854233,58.3239487389839,87.9573547449531,86.457557054296,90.4644560559286,12288866,97.6435838087805,93.2248211644621,97.8043701583046,95.3176437960491,0.644716734967442,0.972286338521446,0.95570747698792,97.9071378815897,112.444562284554,98.835138236678,97.5154643118894
"United States","1","Business sector",2011,12766777,5757686,288369,5469317,7009088,5510.732,97.3578543675809,87.3680568914019,63.796618359149,88.7611147479971,88.7569394110903,92.1951441526703,12766774,97.3195433463219,93.0443941520264,98.1850991845528,94.7642716917119,0.691973736203559,0.962752600082857,0.962707312047948,97.6506559469712,112.629542494852,98.4198883692962,97.9072799116942
"United States","1","Business sector",2012,13370538,5925594,285308,5640286,7444953,5628.89,100,88.82077814725,69.3323596394644,89.9318761543919,90.9078078087967,94.1152886679094,13370547,97.9213531482645,93.6196659928336,99.2002330276995,94.3744416071002,0.736674780694847,0.95555012822328,0.965919661890105,97.4708550388731,112.784497873751,98.1061980172021,98.0877799886106
"United States","1","Business sector",2013,13899063,6231017,294502,5936515,7668055,5712.114,102.377334382275,90.6020413702314,74.9742435929134,91.4741660074794,92.7685401033625,95.4797469264985,13899072,98.2562521527468,94.4756360229815,99.5618827321266,94.8913715072768,0.785237141973464,0.958047847339785,0.971604377782619,97.7084729941292,112.937701219899,98.2149701034107,98.4073198104543
"United States","1","Business sector",2014,14525954,6512610,308036,6204574,8013338,5850.644,105.167510147708,92.7239966750149,80.5631499101862,93.3866509881838,94.7646024790801,97.7399533413929,14525948,98.7256427975472,94.8061980480235,99.934792566869,94.8680590742069,0.82426016338262,0.955460359818225,0.969558499256489,97.6977104635733,113.053869541454,98.1015835128127,98.2929511241971
"United States","1","Business sector",2015,15117499,6687125,323357,6363768,8430376,5929.971,108.6391283882,95.0592998775019,86.2769834273743,95.5242629114863,97.1973816896889,98.9679479968238,15117501,99.4530139779615,96.7205979800986,100.697555351779,96.0505919356362,0.871766922257934,0.965204036710471,0.982109699726302,98.2381886772852,113.18887287933,98.5245716455184,98.9966907739332
"United States","1","Business sector",2016,15573801,6867795,340431,6527364,8706001,5940.653,110.699241748068,97.5088392243441,92.5052490347724,97.7587410689892,98.7099638020566,99.0283192153497,15573796,99.3463174971,98.4946189081819,100.029460301467,98.4656106424453,0.934129244722491,0.987179645616325,0.996785208354382,99.3215486170337,113.358113450096,99.4606528055921,99.81992704936
"United States","1","Business sector",2017,16284604,7157604,332322,6825282,9127004,6000,113.493955935596,100,100,100,100,100,16284608,100,100,100,100,1,1,1,100,113.52146946979,100,100
"United States","1","Business sector",2018,17149397,7544415,332524,7211891,9604995,6121.852,116.9713122621,102.601131382746,108.138431843099,102.351175772477,102.23501291663,101.969730376347,17149410,100.652437845725,101.073046722308,100.451049454244,100.619204350221,1.06049541804205,1.00374077086133,1.00260158126637,100.271810260174,113.654226403996,100.156878254224,100.145676230193
"United States","1","Business sector",2019,17924345,7887237,345657,7541580,10037112,6222.99,120.297684112761,105.089982382834,116.147914040754,104.607534650366,103.79845527194,103.619241671569,17924349,101.56198226968,102.29257779517,100.86098693168,101.419370270945,1.12091067418632,1.00953773606961,1.00172953977929,100.621870517866,113.776057720647,100.399787698575,100.096886236565
"United States","1","Business sector",2020,17740674,7936195,340106,7596089,9804479,5718.915,117.610517159419,107.863559826072,124.602477111933,107.158325995679,98.9469076215001,94.1426437651813,17740674,100.8011408054,110.074579589058,96.0724080548096,114.574602445959,1.32354979771682,1.13825490457824,1.05103174995066,106.216833522333,114.140172166808,105.646309134093,102.808314203843
"United States","1","Business sector",2021,19805739,9035164,357240,8677924,10770590,6029.868,124.599580414736,109.923007782596,133.433925326057,108.984068988687,102.62363836555,98.9389480179262,19805754,103.785878415233,110.962582935528,99.8746435933242,111.101856230248,1.34864912149542,1.10152847965334,1.03724206110374,104.750128539285,114.180070851659,104.156036924008,102.066618689914
"United States","1","Business sector",2022,21875275,9973362,388082,9585280,11901906,6400.989,127.525156974291,112.408831966225,143.115252614661,111.233677628248,106.512379964721,104.635785874042,21875268,103.039145300507,107.384819708839,99.9591829630687,107.428668908302,1.36774671704515,1.06305578630764,1.01793453429917,103.156277666422,114.208795322728,102.546140103994,101.028750608717
"United States","1","Business sector",2023,23406014,10873281,411099,10462182,12532733,6408.163,131.32188963824,114.747763426338,151.341638150227,113.390495240769,107.510218328299,104.712597087555,23406014,104.578255830267,110.500809152601,100.837056524182,109.583533039862,1.44530498105861,1.08287348795253,1.02671714118984,104.103477777822,114.32004568049,103.387865625235,101.498313408103
"United States","11","Agriculture, forestry, fishing and hunting",1963,23952.0341794526,5984.20578746669,1.0817611582642,5986.42975196306,16387.6088413482,412.140753608965,36.1992909026029,83.184619086144,0.372995013973485,84.5101636901891,143.011062323725,214.315138786616,22371.8146288149,25.6867923383168,13.9090597702208,35.8350150279491,38.8141591663141,0.00174040441606349,0.394326617189336,0.667293328569361,67.2402055428672,100,67.6100328162387,80.5302164346935
"United States","11","Agriculture, forestry, fishing and hunting",1964,22896.7344963341,5647.96824858256,1.07516318414484,5649.97639848618,15719.3459652234,384.689118188172,35.4185754126963,84.7236768281586,0.372995013973485,86.0742540707543,136.747061481613,199.548181846995,21367.3142138059,25.8465801908046,14.6161797034686,34.4252302847028,42.4577543348008,0.00186919775725886,0.431345719485194,0.685283424864604,68.863743548971,100.000352218875,69.2432098420106,82.1183391311357
"United States","11","Agriculture, forestry, fishing and hunting",1965,26177.0355024878,7266.63792565565,1.06056833457797,7269.76275485112,17371.812486491,371.980930152002,37.4546125534405,86.2837087758006,0.372995013973485,87.6595482047357,133.164781805112,192.845347610277,24638.4504121466,27.7182882754814,15.9936174061649,35.7459681786728,44.7424373183075,0.00193416651527043,0.454558791752071,0.690526286764385,69.8804542502376,100.000511717638,70.2660179173985,82.5704356831241
"United States","11","Agriculture, forestry, fishing and hunting",1966,27360.7455452778,7972.57505227091,1.06961091125208,7976.16105378751,17877.8752475949,344.447408969483,36.698102636365,87.8739872371672,0.372995013973485,89.2755512938454,125.575527789647,178.02266911508,25850.4502998658,28.1389875422536,16.975354895222,34.3901316264044,49.3611221952651,0.00209521077190663,0.501484174670667,0.705390658469849,71.9824517242394,100.000849314171,72.3806469745191,83.8076688604981
"United States","11","Agriculture, forestry, fishing and hunting",1967,26680.1706390188,7807.30650362166,1.08459738778341,7810.75585972833,17408.7061239735,322.403856236678,39.0155005914287,89.0953504992328,0.372995013973485,90.5166855443487,121.971014371773,166.253095876719,25216.0126275952,30.3941104838942,19.3249332333864,36.0605795887076,53.5901903236131,0.00224353725268413,0.544451127764075,0.733646574992005,73.8343622162524,100.001137926141,74.2437163553715,86.113261160359
"United States","11","Agriculture, forestry, fishing and hunting",1968,27568.5368545644,8620.77461530701,1.11481807147285,8624.72218913024,17578.4048280276,307.605709566148,38.3846024787663,89.8664421324409,0.372995013973485,91.3002521098283,118.518964142376,158.442839152198,26199.1794433346,30.4089413087757,19.9496366978854,35.173052403805,56.7185255031414,0.00235412982984476,0.576234638298336,0.748023481380112,75.1842301860069,100.001343784328,75.6017307620637,87.2583373342339
"United States","11","Agriculture, forestry, fishing and hunting",1969,30714.590666516,10062.7456283057,1.11742046944335,10067.6618164252,19245.0520891107,300.098199817279,39.2844545573398,90.9881627568368,0.372995013973485,92.4400849891974,115.917445569029,154.528052941793,29307.7977174164,31.4522843518841,20.9345656660524,35.5538300097625,58.8813235038366,0.00241376893627194,0.598209083913182,0.750138524120876,76.1361387247075,100.001444707702,76.559441409723,87.4220354471555
"United States","11","Agriculture, forestry, fishing and hunting",1970,31825.9239611275,10798.8078482057,1.14378620295029,10804.1764880152,19665.8914286007,293.885417876983,39.934910086831,92.130817354291,0.372995013973485,93.6011807103646,104.946012269123,151.295477124034,30464.6992768063,33.9632378789836,21.7358848933714,35.6942570368127,60.8946275894032,0.00246534146997468,0.618664764404222,0.693649369194872,77.0345238478228,100.00152469739,77.463329239377,83.0773884693348
"United States","11","Agriculture, forestry, fishing and hunting",1971,34310.080737318,13641.5988876809,1.21308455343141,13648.769516273,19719.6801252095,287.768717813192,41.5003632924795,94.4564520639051,0.372995013973485,95.9642903347136,104.080679401325,148.113408289184,33361.2790128904,35.1397931645722,23.0732133897895,36.1801888666458,63.7730595460226,0.00251830687229363,0.647910891006896,0.702709367123009,78.4045726379981,100.001603248404,78.8418290656706,83.7466589116868
"United States","11","Agriculture, forestry, fishing and hunting",1972,40106.0574261269,17115.4538517534,1.22250077002777,17124.9526942355,22184.8044998156,285.515005522129,42.1484511545589,98.3410726859433,0.372995013973485,99.9114104225267,105.700205563986,146.949051377414,39300.258351569,34.7747813965734,23.6192113889473,35.2937039742554,66.9218833086378,0.00253826078138817,0.679905106470684,0.719298318520702,80.0163106645553,100.001629873062,80.4636070723338,84.8833402370489
"United States","11","Agriculture, forestry, fishing and hunting",1973,60956.3977360597,29591.5259003627,1.30073295733691,29609.3118616668,31068.1321808591,287.64132504154,41.236893161043,104.056540301856,0.372995013973485,105.718596081445,106.042205556076,148.03965334568,60659.6580812218,33.0892368038256,22.9381526159499,32.6337599905284,70.2896406133019,0.00251956151979446,0.714123504697669,0.716309469520723,81.8507611998765,100.00161044448,82.3095556615532,84.6932824150843
"United States","11","Agriculture, forestry, fishing and hunting",1974,58459.3999239022,30870.0812761361,1.33349880749892,30888.6750076281,27950.7064038148,268.512419058499,40.9053682700989,108.742634707919,0.372995013973485,110.479891900092,107.400173872904,137.855909865743,58820.7876799509,31.8982427633562,24.4346137218118,30.9764051228479,78.8813731771255,0.00270568751340978,0.801415710125796,0.779075586802917,86.7722648437729,100.00176764874,87.2618522775429,88.2790774034227
"United States","11","Agriculture, forestry, fishing and hunting",1975,60003.8263406785,30216.210747633,1.28811995278433,30234.4393682023,29777.4574957682,265.153814041163,47.280669716555,106.797668476598,0.372995013973485,108.503713511363,102.5042406639,136.120556817565,59993.6682434012,38.0665747672879,28.6029259952388,36.4562847543498,78.4581484042365,0.00274018137079318,0.797114822684605,0.753040121642178,86.5325431553305,100.001795608594,87.0205752849376,86.8334775249517
"United States","11","Agriculture, forestry, fishing and hunting",1976,58529.4419382685,25823.4205425683,1.26002092248272,25838.7322201351,31749.3971052531,264.042550949594,45.5319094021298,106.329654985971,0.372995013973485,108.028189595392,103.069076387742,135.549829069573,57572.8176478214,36.6297377395778,27.6609727366785,35.262412229679,78.4432232160148,0.00275171880727375,0.796962934862468,0.760377767314195,86.5247056612424,100.001804717172,87.0126757805144,87.2757337630662
"United States","11","Agriculture, forestry, fishing and hunting",1977,59832.2234054811,29811.8955323615,1.3653187027593,29829.7218910482,29927.7509951283,257.376442290605,46.85114282884,108.301091126185,0.372995013973485,110.03127320244,104.348369584289,132.084182063396,59739.6465274898,37.1226524351964,29.2092185146463,35.6236091077135,81.9939900708199,0.00282391886860805,0.833038986830597,0.790014125493131,88.3587076878954,100.00186265643,88.8581904382994,89.0495200468143
"United States","11","Agriculture, forestry, fishing and hunting",1978,69493.3519204021,37434.2719969296,0.984916470232973,37457.8794605883,32679.9773113941,247.492556987558,45.8919247120304,109.672443093859,0.372995013973485,111.424599630923,108.023771359263,126.913157264441,70114.2493083238,35.5274043976007,29.7769480971485,34.4579403002293,86.4153453099757,0.00293897829045652,0.877959401788061,0.85116290294615,90.7881937480056,100.001936344083,91.3029608624623,92.3182001193718
"United States","11","Agriculture, forestry, fishing and hunting",1979,82018.0314559975,47568.7793848913,6.67797966550955,47589.6789578694,36060.6749424233,241.558672948846,49.1229383696451,114.180068654457,0.716083732251575,115.988487915506,107.621229925665,123.833565724716,83629.4543273147,37.2558310948273,32.6660421716501,35.4278336657093,92.2044584489162,0.00578263032369947,0.93664821195047,0.869079633585847,94.0927333910533,100.00511399316,94.6209481862455,93.1850360277109
"United States","11","Agriculture, forestry, fishing and hunting",1980,72605.5520920768,41918.866485175,19.5254984568167,41914.410852083,32063.679814711,239.385009028479,49.2810296903686,117.420068634297,1.33606700843894,119.22410099449,104.447213924998,122.71421217091,73982.546299886,37.2658682536649,33.0700970791853,34.5611355596021,95.6857942996537,0.0108876305751622,0.97155903041158,0.851141950693778,96.0934083692285,100.015991559497,96.6075683803113,92.3486663030449
"United States","11","Agriculture, forestry, fishing and hunting",1981,88335.8211518352,52591.0225484266,34.3456872357019,52568.9173168126,37832.5577123032,238.424810082913,59.3532442338058,113.119789655089,1.930358276274,114.806125344328,103.783388642659,122.22100304744,90423.5802607299,45.9788289055964,39.9897950754934,43.2072308540444,92.5534783994383,0.0157939979884205,0.939332213627521,0.849145286447828,94.2746772507309,100.02796805344,94.7551322372511,92.2563394988187
"United States","11","Agriculture, forestry, fishing and hunting",1982,83701.3745346002,44131.6463338409,34.2806460910745,44103.9421525379,40069.5969941911,229.108017259099,62.6309640190448,105.255865892694,2.23444086239834,106.794571602101,101.639889496538,117.348657052748,84201.243328032,50.963073292917,43.9502684814173,48.9996917479164,89.6949897308001,0.0190410433192597,0.910062153963097,0.866135940957982,92.653647716115,100.03532713984,93.1120346992679,93.0772193859178
"United States","11","Agriculture, forestry, fishing and hunting",1983,66869.1111154791,32435.7802650665,31.6487673583967,32404.5974028398,34101.0413889661,225.950349690276,44.4210146748856,102.417173797702,2.17571230845836,103.914316227497,102.706201432889,115.720073825681,66536.8216540326,36.4603405992815,31.6104248137986,35.7162823135429,88.5042416685474,0.0188015115833388,0.897980037448233,0.887540061438295,92.0294417234615,100.034768160468,92.4852041834127,94.2069239764975
"United States","11","Agriculture, forestry, fishing and hunting",1984,89963.1306189449,45145.8495602011,24.2181992181598,45135.7025670789,44761.331043025,220.597165454876,54.5677103933702,101.466540520958,2.59121327649498,102.93275988198,103.088338317363,112.945538067614,89907.1806032261,44.9114557390894,39.7848030727635,44.285692277438,89.8366967451301,0.0229421482320424,0.911348616714366,0.912726080915655,92.7124303199226,100.042185463984,93.1635497842225,95.5481130656309
"United States","11","Agriculture, forestry, fishing and hunting",1985,89865.0717988321,43074.1815226336,27.1373203862071,43057.7418374848,46210.4732263845,206.092747854531,64.0670489452457,97.4390846751969,3.21963022896077,98.8201288026666,98.6448234550223,105.265867846876,89284.6547490181,55.008587026628,50.1184584628781,54.1442178241787,92.5647474041026,0.0305856997601938,0.938767055494328,0.93710169756559,94.0878812133953,100.050432248447,94.5325736433606,96.835260736363
"United States","11","Agriculture, forestry, fishing and hunting",1986,86547.415051683,38948.3098032286,29.6819513354649,38924.8192909241,46382.4943446148,192.195482372227,62.234022943337,97.1237061678373,3.79508250622602,98.4791702013158,99.5795177080712,97.9192056078502,85330.8041478434,53.2490122698067,52.3372083724389,52.7658804402054,99.1875961053047,0.0387572844639353,1.00571863905543,1.01695593923495,97.1901686817744,100.058153148079,97.6381536713389,101.129220972215
"United States","11","Agriculture, forestry, fishing and hunting",1987,92636.4008339242,46854.1888507656,46.7117117117117,46807.4771390539,45819.7361482423,192.00793345009,64.6587910013321,99.4891690937147,4.26918521071187,100.862110814091,101.81450067996,97.8238785617561,92673.9249990079,54.0606885648065,54.4293642646697,53.5183032336433,101.702335417939,0.0436415451265995,1.03105818637539,1.0407939470084,98.3677252350525,100.063211789542,98.8128595244608,102.352642699293
"United States","11","Agriculture, forestry, fishing and hunting",1988,90232.4521604775,41191.9033446907,44.8783783783784,41147.0249663124,49069.4137474307,193.005189437408,58.1533723556115,103.704236251155,4.95929403443008,105.122893269313,102.901125994703,98.3307069596739,90261.3170921214,47.3989231915273,48.7008232961806,46.1773458572506,105.464752016564,0.0504348457136988,1.06907492602921,1.04648007907544,100.101512376657,100.070459300806,100.546941408982,102.642492257815
"United States","11","Agriculture, forestry, fishing and hunting",1989,100798.237880055,46253.2535554034,56.6418918918919,46196.6116635115,54568.7174069302,190.788097928015,63.90160381806,104.165250168833,5.67991368643894,105.573436655462,102.048219592155,97.1945514718893,100821.970962334,52.2137210783321,54.140267623251,50.5172216231514,107.171902736708,0.0584386017572363,1.08620735480215,1.04993765645052,100.839688931106,100.078264380625,101.280185927356,102.826311172218
"United States","11","Agriculture, forestry, fishing and hunting",1990,103511.191929561,41922.4746950462,64.6238738738739,41857.8508211723,61606.555549185,187.135954127017,67.8964978839608,102.986258076584,6.66595235309616,104.350579920518,100.155755981497,95.3159457403183,103529.030244231,56.3474074275097,58.658691687326,54.2898516606896,108.047249887404,0.0699353324495892,1.09478617780087,1.05077650128305,101.194549143238,100.088923328335,101.624378246493,102.872978396144
"United States","11","Agriculture, forestry, fishing and hunting",1991,94621.3644079456,33037.6236403126,68.2522522522523,32969.3713880603,61594.2105563151,183.16401137772,68.3796142452699,101.022975058215,7.93437295979705,102.319906466962,98.3920854759144,93.2711136732314,94631.8341966277,57.7978294000954,60.3712327406005,55.7387278319294,108.311106278994,0.0850678484186921,1.09701602604888,1.05490415629242,101.287649691092,100.102113129069,101.702229202261,103.12453930716
"United States","11","Agriculture, forestry, fishing and hunting",1992,106069.14644471,43132.663281903,85.2860360360361,43047.3772458669,62949.3027584236,179.357373783415,75.5327148388686,100.000261232625,9.47033630322772,101.246833693894,96.3750358423298,91.3123209560204,106081.966040327,64.9211628274909,68.1171192312478,62.1991600539334,109.514532305875,0.10371367416878,1.10879706740406,1.05544394045956,101.711425605167,100.11724331346,102.112721657158,103.157365239544
"United States","11","Agriculture, forestry, fishing and hunting",1993,101512.252484311,33911.9004483953,100.40990990991,33811.4905384854,67601.1122433266,180.76422009997,67.6888624095053,99.1714864888403,12.0993125209479,100.330461062991,97.1184853559309,92.0264963867766,101513.012691722,58.0771743105031,60.5696253268019,56.2057765153352,107.764057507997,0.13147640077588,1.09023449769633,1.05533177040396,101.10630343616,100.138536048365,101.477814000767,103.150461842714
"United States","11","Agriculture, forestry, fishing and hunting",1994,111649.090080747,47000.6320548442,173.626126126126,46827.0059287181,64662.1317001727,171.233511228897,78.6958730661095,99.3942724065426,14.5536631287013,100.48888214074,91.3411316947014,87.0414130886509,111662.763755017,70.0895399720811,74.4520370308978,65.1990336424188,114.191933333286,0.167203893092574,1.15449506820843,1.04939853862059,103.341901738702,100.169160852111,103.68799182662,102.789067415181
"United States","11","Agriculture, forestry, fishing and hunting",1995,96462.4223381626,27797.0131046643,177.448198198198,27619.5649064661,68679.6161026839,186.146578315735,66.0964961936174,96.2741329140695,17.2470139428316,97.2072511130393,96.9723069107296,94.3199442345794,96476.6292073482,57.2822313980462,57.7065967429853,56.5352584543539,102.071872174383,0.182856490032874,1.0306118382691,1.02812091013915,99.3118288921461,100.184374656569,99.6174515624172,101.438905667637
"United States","11","Agriculture, forestry, fishing and hunting",1996,119514.907569873,48068.526230493,234.123873873874,47834.4023566191,71450.3102606795,184.34076293745,72.7332090683488,95.1123965981048,20.9190991238325,95.9384854821475,94.6776341742786,93.400320516286,119518.836491172,64.2990685233703,64.1261169606242,62.9718111603812,101.833051613051,0.223972455428404,1.0271751205117,1.01367568816608,99.2315667205808,100.22297065874,99.5033016808311,100.503321077698
"United States","11","Agriculture, forestry, fishing and hunting",1997,114672,43131,230,42901,71543,183.024,79.4558194671628,94.8674204936237,24.658598838857,95.6057119708843,93.288789718914,92.7307434830881,114674,70.95024444188,70.559018199416,68.9698337218768,102.304173276606,0.265916112743711,1.03100340167466,1.0060179204314,99.4099687450056,100.25707982586,99.6467190869701,100.038851194486
"United States","11","Agriculture, forestry, fishing and hunting",1998,111012,37073,231,36842,73942,184.64,78.4855599978666,95.0049872854472,28.2400811503072,95.6638678486823,93.401279492743,93.5460237880848,111015,69.9933798753655,69.0899675664598,68.0289733640127,101.559621070231,0.301884356028655,1.02263959465979,0.998452694305109,99.1525017528073,100.283071048773,99.3606234169943,99.5529988407923
"United States","11","Agriculture, forestry, fishing and hunting",1999,111599,33769,230,33539,77829,194.704,80.3431563303179,94.4154937399234,32.3209635618896,94.9782428561984,100.26531976793,98.5096428763473,111598,68.4038539284971,67.1615490620191,70.0738824852874,95.8439102844348,0.328099489736857,0.964151732591482,1.01782238611693,97.341288533235,100.30036620314,97.5274350891048,100.865592209341
"United States","11","Agriculture, forestry, fishing and hunting",2000,118556,37444,263,37181,81110,191.1,89.5056033833322,94.325602258119,36.1502550395455,94.8121245074914,97.7901516751655,96.66915332358,118554,77.5548036577492,76.2452634918545,78.1396025070852,97.5756991916372,0.373958535858279,0.980789851237524,1.01159623636956,97.8817934286403,100.32844727616,98.0411880332011,100.438969646434
"United States","11","Agriculture, forestry, fishing and hunting",2001,120433,40823,248,40575,79608,181.887,87.750228479393,94.0853434175126,40.1436765619659,94.5085594313321,94.2390271843975,91.8934577426297,120431,78.0142848153146,78.6346978597069,76.8027624962723,102.38524670714,0.436850212714796,1.02845797462564,1.02552487956582,99.4359238385326,100.361809228904,99.566336237922,101.367043022176
"United States","11","Agriculture, forestry, fishing and hunting",2002,107168,30308,216,30092,76860,177.155,90.3726792346705,90.5756523987799,45.3860331386955,90.8782255798353,92.217429822071,89.4711317966829,107168,82.5250658053735,83.1772938275031,82.1629921666697,101.234499418882,0.507270135375421,1.01572679092011,1.03069479473702,99.0871180727071,100.392373647855,99.1840271170172,101.718912865791
"United States","11","Agriculture, forestry, fishing and hunting",2003,129098,51017,252,50765,78081,175.404,96.2851747330991,89.731226521951,51.480750405811,89.9704804541448,90.5233735967885,88.5823871169949,129098,89.2914206781673,89.5081545853037,88.3621711964848,101.296916285896,0.581162374161559,1.01567008275942,1.02191165245107,99.1078239964672,100.419459696378,99.1821609007375,101.145118942911
"United States","11","Agriculture, forestry, fishing and hunting",2004,155294,55665,152,55513,99628,178.532,103.450076791879,93.2807785071601,62.8898777534209,93.4891792715976,95.003070318107,90.1484902990653,155293,91.7402345193078,94.4980657481123,91.3249020828041,103.474587536301,0.697625412747184,1.03705762527414,1.05385092975974,99.9053556568846,100.446341409243,99.9609958956559,103.103712394707
"United States","11","Agriculture, forestry, fishing and hunting",2005,150757,53700,165,53535,97057,173.08,107.251162548732,99.8017367057571,74.6018298231789,99.99296323634,90.0350325639453,87.3522103004849,150757,96.1027932884311,101.106405252272,88.4941311228008,114.25210233656,0.854034827127492,1.14471016694794,1.03071270039111,103.505809021576,100.467407286411,103.541108081299,101.64310760729
"United States","11","Agriculture, forestry, fishing and hunting",2006,140250,39910,178,39732,100341,188.164,108.491524564644,105.980356657443,88.8228078089648,106.128888864759,92.5063253010585,94.6694080799126,140251,93.6223807980184,94.3705986947307,84.2987228987564,111.947839124527,0.938241926409717,1.12104734800046,0.97715119569536,102.832366532661,100.478573148671,102.853046198971,98.0228214122525
"United States","11","Agriculture, forestry, fishing and hunting",2007,156375,47337,173,47164,109038,196.729,98.5543229692783,102.297166383933,99.8952786547832,102.383073464927,97.3859013616671,98.8828899038178,156375,82.8707091055075,82.0739033064277,79.3345996913237,103.452848600437,1.01023826014743,1.03539726199865,0.98486099522772,100.476824418234,100.48739691268,100.489959575942,98.5684965959742
"United States","11","Agriculture, forestry, fishing and hunting",2008,156110,42855,151,42704,113255,195.017,97.8336185898501,97.0219232874417,107.827858291282,97.0589945216016,97.4835950456653,98.0186181397608,156110,83.4718590205228,82.1921046672245,83.0364545300941,98.9831576171601,1.10007527485783,0.990209782219222,0.994541617661528,99.2041655175331,100.496273025088,99.2086267693833,99.2567629003171
"United States","11","Agriculture, forestry, fishing and hunting",2009,139291,24260,141,24119,115031,181.699,108.756084166555,91.782963298801,113.159450551143,91.7623378596984,94.2303503706973,91.0835817605073,139291,96.4600977898191,98.325015050617,97.5757834088473,100.76784588921,1.24236935311439,1.00745201370073,1.03454814302828,99.6026651512104,100.508373210784,99.5918847601855,102.339988617932
"United States","11","Agriculture, forestry, fishing and hunting",2010,155733,50379,173,50206,105354,191.124,106.392734554943,91.5257283531763,117.93062923711,91.4912717328356,96.9241683542018,95.6902016419016,155733,92.4515392638717,91.5577394741914,95.7236692873366,95.6479626782376,1.23242115925764,0.956119541635209,1.01289543434048,98.318637277952,100.507515406579,98.3097403805503,100.72680643757
"United States","11","Agriculture, forestry, fishing and hunting",2011,188015,84406,151,84255,103610,188.441,102.846999593248,94.8852731679802,123.019783470746,94.8485345443108,95.8966570510726,94.3374050051515,188016,88.713228180012,89.7755884548641,89.2572236436403,100.580753904349,1.30404035879541,1.00541810047808,1.01652846022038,100.246776732586,100.512948767796,100.23246747465,100.948404656854
"United States","11","Agriculture, forestry, fishing and hunting",2012,187580,64910,128,64782,122671,187.166,100,99.710058378894,124.029231678066,99.6795741455843,94.9279306548725,93.6969160537927,187581,85.0925752530232,87.8871260589002,82.5869807563261,106.417652339431,1.32372800409844,1.06385117401684,1.01313826167313,102.519925496601,100.514067459595,102.504310939385,100.745420479393
"United States","11","Agriculture, forestry, fishing and hunting",2013,224075,98617,125,98492,125459,194.756,109.219526487222,101.777853800507,121.395022521587,101.752177438042,98.6962871273481,97.4210513092588,224076,90.0381929120835,92.3204764830744,88.368515747853,104.47213659953,1.24608614760504,1.0444578052749,1.01308994104407,101.779081016093,100.510300046476,101.766878946286,100.742504187292
"United States","11","Agriculture, forestry, fishing and hunting",2014,208014,79685,116,79569,128331,198.187,108.460649706246,102.390896759702,116.513267712638,102.372097913541,100.817654488214,99.1223281699429,208016,88.082736516639,90.105493033187,87.2291046665121,103.297509905291,1.17544926419483,1.03278544606041,1.0171033746843,101.306513605821,100.507028633329,101.297867174683,100.977147703882
"United States","11","Agriculture, forestry, fishing and hunting",2015,190884,73163,110,73053,117721,202.783,117.147785712302,100.368985387618,110.504716025973,100.355569812108,99.5404393363399,101.396556538738,190884,96.6244564602807,95.1396254870971,96.1136587913231,98.9865818069201,1.08982710851483,0.989733510070115,0.9816944749826,99.6651645976574,100.502719005435,99.6609712916545,98.7940945501354
"United States","11","Agriculture, forestry, fishing and hunting",2016,178510,58713,94,58619,119797,201.226,124.297579626505,98.7236410410745,104.809424987367,98.7162076692296,98.978050584753,100.61501674078,178510,103.503793034611,101.730324078551,103.679302670268,98.1201854743233,1.04168769615567,0.981127975395143,0.98373039920826,99.3536501580258,100.500215352671,99.3520135534791,98.9259740946979
"United States","11","Agriculture, forestry, fishing and hunting",2017,186469,66102,83,66019,120366,200,121.436555506208,100,100,100,100,100,186468,100,100,100,100,1,1,1,100,100.498221133807,100,100
"United States","11","Agriculture, forestry, fishing and hunting",2018,188923,75942,76,75866,112982,203.058,126.106621682936,101.489205475629,95.3279872564013,101.495583480613,97.7141108630485,101.519076736048,188924,104.762168072636,102.291793160196,102.321900645794,99.9705757170184,0.939015506457536,0.999768582849744,0.962519695850935,99.9888697424871,100.495541843608,99.9912562117409,97.652789790125
"United States","11","Agriculture, forestry, fishing and hunting",2019,184707,72596,75,72521,112112,208.285,118.62692266515,101.180450386799,91.5539925378632,101.190738599867,100.332695032806,104.099268723185,184708,97.108227291873,93.8395994933289,96.5466515239647,97.1961202300591,0.879487374510942,0.972060033091562,0.963817481750088,98.8764573645179,100.492881790981,98.881466899106,97.7320979675104
"United States","11","Agriculture, forestry, fishing and hunting",2020,201058,94815,70,94745,106244,198.415,120.361160715061,101.377028351685,86.3657855833269,101.391857394957,99.1789000505286,99.0429612933273,201059,99.0937721639612,100.07216837289,97.7681439261756,102.356620831888,0.87200326459893,1.02371593166195,1.00137252314981,101.112649165367,100.492557930671,101.117746801908,99.8760734950769
"United States","11","Agriculture, forestry, fishing and hunting",2021,245102,137491,63,137428,107612,193.333,126.060641179707,104.436452268526,82.5815751802586,104.455304067162,95.8054898862347,96.4730738675622,245103,103.930545736226,107.602894801819,99.3980721586408,108.254508829993,0.856006467603864,1.08274049825092,0.993080100440834,104.079750754436,100.491994909634,104.085071706038,99.4751273634445
"United States","11","Agriculture, forestry, fishing and hunting",2022,302282,171233,66,171167,131047,203.93,126.015352527908,109.15666121994,80.6317697981176,109.17923985099,98.0747682388866,101.623341203621,302280,100.306538907356,102.112885555718,95.0656835244004,107.412982024696,0.793437500116801,1.07435199982482,0.965081122872903,103.62289001001,100.490181925007,103.629917369453,98.2416398586385
"United States","11","Agriculture, forestry, fishing and hunting",2023,282822,147649,63,147586,135173,204.317,130.903334849758,108.03020987278,78.4793397396229,108.053327238472,98.1845226004643,101.816013645386,282822,104.733845200042,105.872990692225,99.7828836738514,106.103358405916,0.770795643335222,1.06126063445,0.964332810577621,102.933338010981,100.48954027852,102.94099711065,98.2069166555207
"United States","21","Mining, oil and gas extraction",1963,9950.71903553992,4762.08507320472,2.70586628597531,4757.83274428567,5288.71101237768,317.190581044221,59.773978401421,46.8950326237205,0.604257596148465,48.3102371224361,97.1442227934402,123.564601285297,10050.7960855824,71.6238711760994,41.3717549180842,109.011213233282,37.9518342113573,0.00489021604782508,0.390971496852025,0.786181655449567,63.3189156894006,100,64.7493695519175,91.2247504094835
"United States","21","Mining, oil and gas extraction",1964,10303.8936802771,4802.90897026686,2.59829833031002,4798.74586569948,5619.91372747226,316.855690235389,57.8774404355674,48.2511383400302,0.604257596148465,49.7080057296053,97.4455473788567,123.433974534785,10422.8226977391,68.3207920655218,40.1014851073658,102.585884226552,39.0906462518813,0.00489539122778694,0.402709269607104,0.789454829969809,64.1998028675684,100.00002742165,65.6498140220242,91.4268736551089
"United States","21","Mining, oil and gas extraction",1965,10464.08695415,5231.78445605615,2.71719309119343,5227.35832749036,5310.8061198402,322.37152680895,59.474488430531,49.8946117790104,0.604257596148465,51.4019624453652,97.9212770380447,125.564191591654,10542.5905758963,68.9145005968009,40.508929202519,101.944293505809,39.7363381602236,0.00481234011455724,0.409368003678383,0.779850336284519,64.7050875360379,99.9995936450224,66.1665969890319,90.8451446965111
"United States","21","Mining, oil and gas extraction",1966,11077.6927692769,5027.99029924146,2.52641728920712,5023.81821122268,6193.74729624538,322.26339698892,61.5966479227374,51.7865652882522,0.604257596148465,53.352037149355,98.9004981298222,125.522060594872,11221.7375954868,69.762860768848,41.9684443657645,101.72456094413,41.2569432359749,0.00481395535800463,0.425041119437572,0.787913277244771,65.8626050830804,99.9996017473177,67.3498326605729,91.3397220508525
"United States","21","Mining, oil and gas extraction",1967,11290.3469983362,4947.33996785558,2.52319844396142,4943.19894673607,6510.96196166435,311.903233985919,61.5290893287445,53.4379673126489,0.604257596148465,55.0542255275655,97.9950758279474,121.420828528944,11458.3019295199,69.0856007335378,43.338427417594,98.472828006319,44.010544121687,0.0049765563574986,0.453416651776855,0.807069734370882,67.7614581340666,100.000341441647,69.2904009368668,92.5769497049611
"United States","21","Mining, oil and gas extraction",1968,12073.5141150479,5991.28691401738,2.74034462401111,5986.57510394078,6178.197029308,309.975874718071,64.5423389596161,54.679119851618,0.604257596148465,56.3334904186627,95.7464200211429,120.668198992318,12169.4839433254,72.6052356981776,45.7443775154976,100.950630950151,45.3136122924143,0.00500759604597176,0.46684620214021,0.793468542836529,68.6811802509254,100.000479909355,70.2304381399144,91.7343594651977
"United States","21","Mining, oil and gas extraction",1969,12684.3095218613,5494.32744342668,2.47560876918745,5490.04244043281,7386.29232895,319.760435265425,63.8784679192928,56.1669663217879,0.604257596148465,57.8670266959336,98.567921059569,124.41830583109,12880.6197723767,69.8719397500044,43.909254243377,97.2656239250783,45.1436514479148,0.00485666150259917,0.465100583948585,0.792230053296052,68.5627052257252,99.9998412217967,70.1097601028558,91.6569319916233
"United States","21","Mining, oil and gas extraction",1970,14116.680959005,6701.30250403577,2.56028808762079,6696.51748080803,7563.85570602888,319.683588071816,63.6004961234568,57.31512514044,0.604257596148465,59.050395564874,99.6497404421685,124.388300393453,14265.1582100647,68.5258149321357,43.7287258044333,94.9023816637699,46.07758523844,0.00485783304568948,0.474726283565992,0.801118273398432,69.1948011108385,99.9998457040926,70.7558802108687,92.2229793503417
"United States","21","Mining, oil and gas extraction",1971,14294.6734855304,6574.38380289871,2.58454694036137,6569.61948565738,7895.87050293243,309.137199634627,60.7002968236345,58.5821100515958,0.604257596148465,60.3562428722343,94.9409191873609,120.215846624808,14470.2543058311,66.451702055722,43.18321262057,88.6159010078109,48.7307719376048,0.00502643880248455,0.50206561419981,0.789753779164159,71.0080547105522,100.000456592697,72.6089705273397,91.5168839048943
"United States","21","Mining, oil and gas extraction",1972,14942.9410031912,6087.67912496107,2.47451259678055,6083.18937376949,9132.47712312183,315.435888574509,61.6164480886228,60.0299208231225,0.604257596148465,61.8484903079295,97.6761250245983,122.640821055,15220.1562480829,65.6775429192655,42.9682299288103,87.783873866439,48.9477486425188,0.00492705113151093,0.504305905455353,0.796440566724471,71.1429358862977,100.000115892766,72.747088200655,91.9599619710991
"United States","21","Mining, oil and gas extraction",1973,17954.7619125549,7907.59884620116,2.51457212449489,7902.43936154051,10309.4881225274,322.761656899754,62.6608175428559,61.4734019985038,0.604257596148465,63.3361872093595,99.2579575397142,125.456572319746,18217.0869687286,65.5157093299635,42.7157948709684,87.1755431488162,48.9997461765725,0.00481646824056708,0.504845509790727,0.7911738357297,71.1744430899112,99.9997746989571,72.7795163989527,91.6049553125993
"United States","21","Mining, oil and gas extraction",1974,27832.4103319423,14391.4265913355,2.46442781063703,14384.0664100154,13592.9880801904,358.194814367553,53.2814205072717,62.930672044533,0.604257596148465,64.8379207566451,109.765646139757,138.515945679078,27984.4146715259,52.254190583285,32.8974228080537,72.4101218470604,45.4320776831965,0.00436236848534713,0.468089940394772,0.792440506409771,68.6683266733731,99.9986552310624,70.2184901307467,91.6820440051998
"United States","21","Mining, oil and gas extraction",1975,32131.3982489158,15788.2754299232,2.52057691978152,15780.3767918749,16617.1951249551,378.224296529142,46.5270272026305,64.8842197122189,0.604257596148465,66.850988973441,115.662137017677,146.05133996253,32405.4705548783,43.7780952566733,27.2449247005799,61.3270495868902,44.4256243926725,0.00413729580504696,0.457722530930505,0.791927941553634,67.9023423283306,99.9982159699916,69.4357713662037,91.6524321700156
"United States","21","Mining, oil and gas extraction",1976,35654.7134713472,17195.8429508368,2.60205411424317,17187.3777954098,18801.6249949637,393.716952592592,47.082620941056,66.9698623310556,0.604257596148465,69.0001707217305,119.459454093029,151.914194338498,35997.4679458004,42.9064220358177,26.5062401883947,60.1266597093695,44.0840058578279,0.00397762433444532,0.454204895218567,0.786361370727787,67.6499277689697,99.9979206618575,69.1779387384628,91.3184416337304
"United States","21","Mining, oil and gas extraction",1977,41323.3070397949,19918.5936454481,2.72530476700452,19909.0656578253,21803.2915259381,424.671920283897,48.05848939732,69.1968814328457,0.604257596148465,71.2950148739786,128.677579330071,163.412424778284,41721.8851713862,41.4745177917293,25.1519056099346,59.3976751322638,42.3449327838633,0.00369774573119709,0.436288825471568,0.787440609272269,66.3620616787719,99.9974186806889,67.8617570205172,91.3838980644529
"United States","21","Mining, oil and gas extraction",1978,47344.1384502087,21678.9533101902,4.34714107788141,21667.2559957237,26258.1098595069,451.726973905336,48.343956373362,72.3749530856201,0.604257596148465,74.5700935608639,136.023949277705,173.520058023954,47937.0631696972,39.6628670928581,23.8274934165939,57.1267802456681,41.7098483655583,0.00348235012729795,0.429749127622868,0.783909081328955,65.8975540016025,99.9969505539281,67.3872629933839,91.1643330155462
"United States","21","Mining, oil and gas extraction",1979,55651.705425088,25454.1870044862,17.747191977799,25428.3014260711,30897.9206021143,487.200992160784,40.5745933238225,76.3015694593141,1.21000964282818,78.5837812956033,146.588877511043,186.632259134019,56352.1076066005,31.1976900761554,18.5931646702337,45.478544562663,40.8833766538306,0.00648338957285667,0.421062155386401,0.785442335592043,65.3041606608325,100.009556283998,66.7686386870562,91.2620088744794
"United States","21","Mining, oil and gas extraction",1980,85551.6394730382,43032.7363524002,81.5758379017904,42939.4077732094,43129.8136907862,535.591978148954,40.242442678556,80.2301244068904,2.00300368065711,82.5702461635435,160.330009715258,204.354685954841,86162.5500431863,28.8254217749578,16.8416867943644,42.8975729659538,39.2602322927011,0.00980160386975292,0.404053598172886,0.784567326979174,64.0580571995099,100.035635382974,65.4742045112171,91.2086763073412
"United States","21","Mining, oil and gas extraction",1981,114478.235441726,55694.9155460734,265.075173134302,55420.8332454549,59826.1184794708,604.852539436901,36.9427925492654,85.8274338213295,3.48089022868769,88.1464293828185,180.038134327607,229.277460069254,115521.034025544,24.1327969405099,13.7801584828826,36.812002825161,37.4338732622932,0.0151819992581751,0.384453096070559,0.78524131536186,62.5778300918316,100.106601269639,63.9011821777501,91.2485672239565
"United States","21","Mining, oil and gas extraction",1982,111727.782505523,53322.4442293454,427.183760073223,52893.3816453562,59546.5340525185,574.049959150958,35.2216146607034,92.7359385100716,5.15178864519629,95.0110397152116,181.270445898261,217.290778904863,112868.978281864,22.0948856431135,13.8628912973567,32.4823201907742,42.6782668723713,0.0237091913019094,0.437252975915792,0.834229813210931,66.6188933054694,100.242332551421,67.9220678196853,94.1812924429105
"United States","21","Mining, oil and gas extraction",1983,96785.7783051033,56955.4166034851,453.185756393825,56500.1033217195,39534.2571658208,476.905122211113,34.9346674271571,97.5828710464652,6.14820602442683,99.8802137375532,151.964883711853,177.091814264794,96489.6737693059,23.1672011130381,16.8711225115935,30.6174399484419,55.1029822872307,0.0347176183718678,0.564002430898407,0.858113540384365,76.3063318489591,100.404591371874,77.6747529282301,95.4354736854635
"United States","21","Mining, oil and gas extraction",1984,100876.796006873,52832.5160445074,498.460786026967,52335.1187754572,48515.0528118867,499.688689797866,38.1987284807327,101.357897221128,6.9851414453804,103.65850667471,155.724929641252,185.355741159268,101347.568856394,24.5351653473113,17.6249834415879,32.2312514199866,54.6829014236123,0.0376850557835075,0.559240873934631,0.840140848442589,75.9824664127691,100.444188292869,77.312755971953,94.5423388056242
"United States","21","Mining, oil and gas extraction",1985,100143.279437035,50027.5146262011,505.218199353786,49524.5956859489,50872.0348943793,478.715829053129,42.2323078721187,104.260257664811,7.74770255604631,106.547919283804,152.399806315954,177.409211073861,100899.54952058,27.0243972397118,20.3589091096408,34.6427112723784,58.7682325138146,0.0436713658166299,0.600577155148074,0.859029840634966,78.8182349386206,100.517705295232,80.1397449848447,95.5810467577173
"United States","21","Mining, oil and gas extraction",1986,66166.379728882,34136.7284197548,313.202697905158,33823.8679497961,32400.1124515757,384.776317803054,49.3035439259831,105.088966078042,7.88806816326082,107.38518926718,117.285770616505,138.641012671035,66536.8408713304,35.778351551683,30.4139108494874,40.1242447882504,75.7993353145765,0.0568956329104252,0.774555719107312,0.845967353793052,89.6144379912869,100.646938320524,91.0006536996956,94.8579983304031
"United States","21","Mining, oil and gas extraction",1987,68692,38710.8875507356,345.192940095928,38365.6946106396,29975.3043576495,359.77887855332,50.2749117358426,103.85433196122,7.51721547233527,106.156950764394,107.179119235361,129.326880123965,68686.1919083851,38.2758054107591,33.2466865690512,41.4011641810017,80.3037480388233,0.0581257002807903,0.82084212240053,0.828745881232317,92.4429721750686,100.657415169864,93.862330263847,93.9615410352289
"United States","21","Mining, oil and gas extraction",1988,69735,39329.0096356791,309.158532211742,39019.8511034674,30394.9661821845,358.312303793832,56.9741096289627,102.083700902041,7.23428642670331,104.364233132582,108.00320317005,128.798623467148,69723.9758178636,43.6526344123726,37.8313795539479,47.7317100316285,79.2583788196142,0.0561674203649275,0.810289973007373,0.838543147921127,91.7625255959363,100.641100265131,93.1857831613035,94.4444326458873
"United States","21","Mining, oil and gas extraction",1989,74065,43469.9115256771,321.140181942764,43148.7713437343,30591.3559740793,359.816406789947,54.2267759351832,100.83797844575,7.21841851368314,103.083026829513,110.620064720251,129.337932024411,74061.2674997564,41.4192162321822,35.8569812824159,45.9912810548925,77.9647369239815,0.0558105298321978,0.797005373567115,0.855279367690625,90.8975617862571,100.638287187976,92.3101502251387,95.2400498320246
"United States","21","Mining, oil and gas extraction",1990,83078,50293.307406037,388.805227647136,49904.5021783899,32785.7883711735,373.795051134827,53.9745353323667,99.9641704357681,7.22217891620062,102.182407168263,115.207536287609,134.271067325262,83079.0957772105,40.76652609135,34.3789275025982,46.1774980890551,74.4495239570951,0.0537880502484233,0.761015825700809,0.858022048849343,88.4315992966403,100.621542636763,89.8207190716423,95.3632712030119
"United States","21","Mining, oil and gas extraction",1991,74204,41187.7114313033,285.918562243961,40901.7928690593,33013.8905176765,359.687914958643,56.3739846140633,98.4844874338168,7.1755772560172,100.663862325178,110.633420289757,129.105550211811,74201.6019489798,43.6854842303133,37.3439001268113,48.9549663967829,76.2821484221576,0.0555791539886932,0.77970205122885,0.856922263281879,89.6881785448838,100.635606546644,91.0844450202149,95.3119411847629
"United States","21","Mining, oil and gas extraction",1992,68514,36531.0387371514,254.040662166693,36276.9980749847,31975.463028762,333.278100053237,53.9310080610435,97.5936246839807,7.53384369710815,99.7129033019864,100.599464074707,119.258303480573,68506.5017659134,43.8597567083249,38.6754846140676,47.2610039467036,81.8338193951236,0.0631724875940013,0.836108685029461,0.843542639285439,93.183193771373,100.68434286644,94.5880403588026,94.630678613125
"United States","21","Mining, oil and gas extraction",1993,69736,38197.656760044,317.244410945723,37880.4123490983,31532.7445606711,320.115030349753,57.7351017179139,96.3073005558836,8.27880347856293,98.3095328080165,98.7285331167515,114.452719943374,69730.4013207151,47.7010955171983,43.1419399889917,51.2703849746959,84.1459255870306,0.0723338290488766,0.858953224149291,0.862614127174944,94.5971448189908,100.740656457577,95.9656123469716,95.6077920087344
"United States","21","Mining, oil and gas extraction",1994,71303,39800.9320288523,392.261518230723,39408.6705106216,31493.750778157,312.450688558936,64.3889142124458,96.3755657616604,10.2175308013102,98.1774277048486,97.6733188240467,111.678685322329,71294.6828070093,53.4337006130676,49.3090530199145,57.138655137667,86.2971886564565,0.0914904287404552,0.879106227132665,0.8745923050772,95.9270632951183,100.859678157138,97.1930029783865,96.1989340941655
"United States","21","Mining, oil and gas extraction",1995,72029,41007.3330698361,462.569614683714,40544.7634551524,31018.9640291962,307.260056596974,66.644609853749,96.7640027009272,13.3357185753364,98.2777706637502,96.2780283653051,109.806848979713,72026.2970990323,55.5277407871038,51.9064650970237,58.9029516647417,88.1220102389097,0.121447056347097,0.895005835946597,0.876794382680922,97.0654811410216,101.030146852081,98.1697053304673,96.3045127228063
"United States","21","Mining, oil and gas extraction",1996,85009,52338.9353776572,621.56102955112,51717.3743481061,32668.1688350463,304.236231239945,62.5716926490295,96.9296854092479,16.6255957081405,98.1875501497169,95.4326940913138,108.720876882087,85007.1042127035,52.2688927333608,49.2210427494432,55.208627843742,89.1546207030437,0.152919992782727,0.903115877700342,0.87777708226926,97.7378184345944,101.190145438603,98.689703848431,96.3484802765786
"United States","21","Mining, oil and gas extraction",1997,89507,53932,678,53254,35577,305.683,65.9342763310011,97.0421871409763,19.8505992817351,98.0813336439422,97.2932858802434,109.238309072117,89509,54.6250635065654,51.6204906379986,58.1080793508511,88.8353069223283,0.18171829507751,0.897865725651165,0.890651701831202,97.5244446967388,101.320185573351,98.3441111169802,96.8984180917275
"United States","21","Mining, oil and gas extraction",1998,77236,40832,578,40254,36405,292.228,69.845638927963,97.0300938025828,23.9127813908671,97.8066494319952,92.4229845718783,104.321866163912,77237,59.1751135957193,57.2597965106682,61.5628470927002,93.0103125744776,0.2292211812363,0.937546969091982,0.885940675434831,100.090892235594,101.497495975788,100.746450623969,96.6754359848055
"United States","21","Mining, oil and gas extraction",1999,80283,44871,513,44358,35411,276.096,67.476190062753,96.4069550037451,27.1774944029999,97.0271848317414,88.7689501971008,98.3945212279863,80282,58.433817463103,58.6496586943069,59.8588046597567,97.9800031552205,0.276209427758969,0.986103531180596,0.902173709361495,102.964524532814,101.628868286731,103.514841716639,97.4795714454737
"United States","21","Mining, oil and gas extraction",2000,104496,68031,617,67414,36464,260.24,59.9236899995308,95.5399382779157,28.8067441212525,96.0955976669277,84.069413472245,92.5735389543538,104495,53.3110695429197,55.3601853196181,53.6413186420337,103.204370662576,0.311176870265881,1.03804606318778,0.908136541195621,106.251822144791,101.703366049469,106.746365564249,97.7335677837581
"United States","21","Mining, oil and gas extraction",2001,117452,77767,584,77183,39684,264.687,69.617657209131,94.7830066646686,30.6227925533671,95.2841430369175,86.3806229151334,94.146790919001,117451,61.6824401661252,63.2411467042138,62.816650639749,100.675769975224,0.325266450979867,1.01208062544474,0.917510008274746,104.535287853837,101.727862381634,105.000050407097,98.0788286520734
"United States","21","Mining, oil and gas extraction",2002,107423,71083,422,70661,36338,239.543,72.6460371642182,93.0774827198329,31.6003680286512,93.5419930729269,77.5616189349415,84.7557710783176,107421,67.559366666052,73.304139898268,66.7502893155352,109.818460189367,0.372840310773071,1.10366517681127,0.915119029042537,110.726297747174,101.789680938665,111.154001293876,97.9923456891358
"United States","21","Mining, oil and gas extraction",2003,132422,94909,438,94471,37513,240.029,64.495509830878,91.4233653192277,32.525891993256,91.8594919830236,76.6761330809272,84.9275955363632,132422,60.9424802779075,64.9481080845465,60.3334457771955,107.648597304375,0.382983785044632,1.08162124928749,0.902841209581837,109.213752089922,101.799566925486,109.627060475527,97.5818509301597
"United States","21","Mining, oil and gas extraction",2004,158571,116502,475,116027,42068,261.611,64.5553051012274,90.6403652086415,36.4362784971049,91.0269978409045,83.8147045609107,92.2380618716163,158570,59.9003641047811,59.8559905487321,60.9110581903797,98.2678553402406,0.395024328978417,0.986870235495652,0.908678075625333,102.221314162034,101.809498544108,102.600383942486,97.754486798609
"United States","21","Mining, oil and gas extraction",2005,215429,167727,633,167094,47702,276.465,65.1256876445263,90.0386120045378,42.4669244299697,90.3674843875887,88.437746924377,97.3361665803689,215429,59.946538197358,57.2221190770677,61.8599242099207,92.5027306578736,0.436291318241976,0.928406034081625,0.908580541348475,97.6505004495974,101.839516595198,97.9851020999395,97.7519331899433
"United States","21","Mining, oil and gas extraction",2006,261615,203933,845,203088,57680,305.298,74.7891953084807,90.1367403347217,53.4064610613522,90.3798257774703,97.7911240012141,106.991220595033,261613,67.2720881743009,59.7828439918034,70.9615127590939,84.2468567359312,0.499166761200885,0.844740580346888,0.914010733379313,90.7913577913704,101.881811001056,91.0613850265202,97.8807191873997
"United States","21","Mining, oil and gas extraction",2007,300379,236297,1056,235241,64083,323.216,81.037787783121,91.5640783499326,70.1096179447366,91.7057360415416,105.42518979032,113.096391495283,300380,70.8368744301949,61.2808360443167,75.6917073739257,80.9610962289202,0.619910299681494,0.810863501735741,0.932171118781598,88.0065088659037,101.956278673807,88.2011583749256,98.2993164883095
"United States","21","Mining, oil and gas extraction",2008,370665,296807,1419,295388,73859,341.513,78.4950666132237,93.516575579145,88.4200441105969,93.5669897263643,111.516595831969,119.327298349703,370666,66.6973256256932,56.2585335405739,71.7859777792154,78.369808813641,0.740987563897336,0.784120574423425,0.93454387532647,85.7633473291938,102.02309205531,85.8949450528868,98.3508831513939
"United States","21","Mining, oil and gas extraction",2009,265661,199914,1055,198859,65747,305.389,96.0227882606284,93.1336576380816,107.662524434831,93.0836890566182,98.9229961653916,105.988903812113,265661,84.0715534714029,77.4818114004273,88.1766319929252,87.8711396083307,1.01579052676764,0.878239945019412,0.933333515183366,93.7342158375544,102.1486706419,93.7581994795984,98.3224161812189
"United States","21","Mining, oil and gas extraction",2010,293799,223241,1242,221999,70559,313.382,85.9080031062915,92.6674398716605,118.574019942889,92.565105739355,102.023711021421,108.729123267593,293800,74.9356209938023,67.5730607888651,79.2852340180813,85.2278001392476,1.09054516747152,0.851336817197937,0.938329197875814,91.5940933377819,102.178409769141,91.5898498929318,98.4504742271697
"United States","21","Mining, oil and gas extraction",2011,340423,258556,1475,257081,81866,361.267,89.0696910433942,94.3060589993776,132.198775876315,94.1526184902254,117.446989856054,124.174357468216,340422,74.1153505197389,61.3456648444476,80.774857907805,75.9464843806553,1.06462218586598,0.75822915785431,0.945823213831539,83.912691022346,102.167889017786,83.9170336688861,98.6388639727052
"United States","21","Mining, oil and gas extraction",2012,342538,250635,1482,249153,91902,393.413,100,97.1155103951134,150.208607001647,96.90005044451,129.783183308272,134.759555850062,342537,79.3666142170679,63.4638306226533,88.063766461785,72.0657691267308,1.11464160039808,0.71905884397782,0.963072210275563,80.694453009814,102.188200907971,80.6815023023116,99.0934038079161
"United States","21","Mining, oil and gas extraction",2013,368931,274092,1637,272455,94839,394.148,103.946829135935,99.4537347737376,160.134994972747,99.208954663342,133.337301185966,135.010828436271,368931,80.4912463351396,65.8458634233947,89.3873376411559,73.663524567352,1.18609001090854,0.734822205095732,0.987604496100887,82.0097550499488,102.216024478398,81.9741003265628,99.7503274503547
"United States","21","Mining, oil and gas extraction",2014,399907,297345,1771,295574,102562,413.498,114.798340206315,101.705967127503,157.936325756482,101.477815441306,141.872962036504,141.486351228644,399907,86.0449757028487,69.3916022240751,96.5328277374874,71.8839423338758,1.1162654516495,0.717226888389515,1.00273249542802,80.5326336413147,102.188536591441,80.5193456681138,100.140440404966
"United States","21","Mining, oil and gas extraction",2015,251355,158185,1042,157143,93170,364.524,125.902497418052,103.400784393142,143.780707064071,103.243268496066,124.796727983163,123.657097124073,251355,97.1319400697892,87.0765373865285,104.134914488599,83.6189646999342,1.16273720156803,0.834915834976101,1.00921605702863,89.3412233195233,102.206406861369,89.3125235667233,100.343025803995
"United States","21","Mining, oil and gas extraction",2016,203289,127717,656,127061,75571,306.056,114.741967685214,101.390824804933,119.541070102517,101.321617320062,101.986005187066,102.043482446604,203288,96.5943180189502,96.1662929341974,96.7853200116022,99.3604122222971,1.17147187881469,0.992925906591632,0.999436737573436,99.575817012717,102.209226587052,99.5329138385893,99.9809861198368
"United States","21","Mining, oil and gas extraction",2017,256366,178620,719,177901,77747,300,116.926822238288,100,100,100,100,100,256367,100,100,100,100,1,1,1,100,102.160456084732,100,100
"United States","21","Mining, oil and gas extraction",2018,297584,212157,743,211414,85427,322.702,121.167752274146,99.1966375601878,86.9358662413878,99.2428981166056,107.673738721587,107.301546330621,297584,101.968078575321,96.5754908271148,104.466237548632,92.4466058061639,0.810201429656176,0.924897184713582,1.00346865822249,94.6147428118031,102.103477317086,94.6654291237137,100.102258259857
"United States","21","Mining, oil and gas extraction",2019,279701,192559,589,191970,87144,330.431,137.557042069464,99.1810395496046,77.4849509965804,99.2622442169065,109.275991142612,109.841410492847,279703,115.262432311218,107.103232983489,118.615112653327,90.2947614243022,0.705425673695499,0.903686904342608,0.994852402680391,93.0661832304587,102.070943553799,93.1439931409067,99.8442128018768
"United States","21","Mining, oil and gas extraction",2020,191762,123322,374,122948,68441,260.633,133.170211249944,98.213857237197,68.2603182540332,98.3290741389557,81.8866751868231,83.8513337094396,191763,123.688277378284,135.826017491007,115.963195413011,117.128557045409,0.814063596061189,1.17265963210179,0.976569740328468,110.668467078272,102.100598862264,110.728577483232,99.227153171121
"United States","21","Mining, oil and gas extraction",2021,313039,246904,437,246467,66135,252.748,122.316743234851,97.3442830508249,63.4233771591144,97.4696990570958,78.8683129428811,81.2718203567018,313039,115.55961448164,128.715774711816,107.463581749229,119.776181490191,0.780385832146362,1.19930498208729,0.970426312548781,112.453700941942,102.093381524624,112.519823762271,99.0494201926018
"United States","21","Mining, oil and gas extraction",2022,428939,350228,543,349685,78710,277.762,112.133509098555,96.8134212496692,60.1365432188156,96.9454408669385,86.415428148311,88.9397238838267,428938,104.502769593607,107.826495285981,99.0571203280214,108.852846649409,0.676149425619604,1.0900128382855,0.971617904516851,104.145511315089,102.073901436543,104.22629083958,99.0734148324671
"United States","21","Mining, oil and gas extraction",2023,387883,299819,480,299339,88065,284.554,156.49224328159,96.8753037619437,58.0754677118889,97.0128920122701,88.7175752175455,91.088842389848,387884,144.98424530309,146.931017600054,138.154677039671,106.352546832608,0.637569500151662,1.06503595245033,0.973967534221658,102.239853809529,102.066395361214,102.326721377547,99.1225473253954
"United States","22","Utilities",1963,12942.8218943767,9604.09665188745,8.39296136564514,9621.30020214902,3328.91905830914,77.0805162308022,46.0920042137019,23.273459415544,0.0331116279069767,26.4183115600461,63.9252965396704,77.0805162308022,12933.0157101966,144.5219647356,58.1315534208044,192.528754190337,30.1936994633719,0.000429571953148712,0.34273656757749,0.829331453207435,42.3778781068576,100,47.0663856052724,94.9158768192122
"United States","22","Utilities",1964,13781.3501532321,10328.3639110687,9.00190081502634,10346.8906024928,3430.71849890877,77.5898728956595,49.26116000874,23.9658087442052,0.0355643410852713,27.203142141402,64.4544680061993,77.5898728956595,13759.0824099774,150.799639585709,61.7206575518342,199.822089277136,30.887805134613,0.000458363182693921,0.350601710328665,0.83070722506371,43.1031478707635,100.00422721257,47.8719396820241,94.9557465005643
"United States","22","Utilities",1965,14369.241394056,11167.3919307798,10.9064847786553,11186.1628886515,3132.46034622207,78.9416758714456,50.438024517231,24.7644691789141,0.0388346253229974,28.1081490567266,65.5090341288092,78.9416758714456,14299.8522770019,150.003158404338,62.1130244534119,197.997631541053,31.3705896227012,0.000491940725786447,0.356062228809279,0.829840935166981,43.6181402116612,100.009236214417,48.442875163778,94.9325461469429
"United States","22","Utilities",1966,15402.1976338108,11294.1357258784,12.5762498838036,11311.4585234543,4112.02777461455,79.9161870944113,53.9998790817986,25.7866640423994,0.0445576227390181,29.265176339965,66.5892569910147,79.9161870944113,15406.163500493,155.135554202461,65.688445210017,203.576936850504,32.2671350823276,0.000557554412429345,0.366198356102647,0.833238664306488,44.558578387392,100.019122378542,49.4849556787931,95.0268459150991
"United States","22","Utilities",1967,16179.9095574086,12094.4282999487,15.4413313138545,12110.8575240023,4062.99127484402,81.3036151782313,56.1452208713945,26.9056639407675,0.051506976744186,30.5311132263843,68.1454215271963,81.3036151782314,16157.4195747927,155.368907489628,67.1326649915254,202.861686386038,33.0928260468932,0.000633513978822147,0.375519749760879,0.838159796188766,45.4004981012042,100.030441307076,50.4164074329803,95.1719917604868
"United States","22","Utilities",1968,17540.9054237046,13053.6259346557,17.3767460562265,13070.594395136,4469.63642323386,82.8208123166763,60.3173357227921,28.0970555610122,0.0576387596899225,31.8799560762478,69.0840551325011,82.8208123166763,17523.2623578895,161.04135281859,70.8000581658863,208.695118128435,33.9251146844339,0.000695945355734173,0.384926870245496,0.834138825738017,46.250452793825,100.039595849126,51.3578167037099,95.0561489298486
"United States","22","Utilities",1969,18828.1845199914,13577.39361062,20.4273983842465,13592.5141020425,5282.17146900167,84.9464079076568,63.3621880776828,29.3539772725949,0.065405684754522,33.3019172551181,70.7149741519467,84.9464079076569,18859.5650796217,162.814602757366,72.5130375080442,209.842843631698,34.5558782244269,0.000769964102844971,0.392034437657679,0.832465738031197,46.8787307173784,100.050085689871,52.0515223133636,95.0050956452651
"United States","22","Utilities",1970,19988.3021880123,14188.2495450511,27.0681751847981,14197.9021571849,5859.52621507396,87.9054410277278,63.4431386034566,30.6213492937827,0.0780780361757106,34.7311650878656,73.1268413921755,87.9054410277278,20047.7757601251,156.66632297841,70.1616595493053,201.414756964065,34.8344185931834,0.000888204817163509,0.395096875481353,0.831880717930864,47.1481521356192,100.067476893012,52.3417061455966,94.9859840249744
"United States","22","Utilities",1971,22732.4089516071,16404.553704298,37.1013746223135,16409.4765334924,6364.38370600706,89.1937889909144,66.951291591735,31.9199988422474,0.0944294573643411,36.1920673359258,74.7586473540676,89.1937889909145,22768.9374103051,159.488134242384,72.971839882296,203.904609173289,35.787243936345,0.00105869992106692,0.405768918950314,0.838159788925244,48.0655275435446,100.093658548083,53.3479529043876,95.1904118236327
"United States","22","Utilities",1972,24896.9176110042,17770.7063295729,44.0348794938018,17771.90891791,7188.91258896334,90.1803046086879,67.2375727979835,33.4121229926102,0.113642377260982,37.8704384140213,75.4820263955289,90.180304608688,24959.6189185362,154.590868674656,72.4821854975758,195.631554700086,37.0503549944666,0.00126016847862847,0.419941345045898,0.837012324620791,49.2745959122795,100.12325052971,54.6762349076165,95.1534130989901
"United States","22","Utilities",1973,26690.9995011047,18820.5939174102,59.1115818851512,18808.4626797659,7964.3558381483,92.7888755515879,69.8238871840314,35.1811784871564,0.136125581395349,39.8600250223593,77.2923036210035,92.7888755515879,26784.9497555585,153.714547255333,73.1541656311902,192.941028775111,37.9152977962285,0.00146704635212081,0.429577627548664,0.832991058050177,50.085483526759,100.153474081379,55.5604576960962,95.0193860976629
"United States","22","Utilities",1974,27911.012044758,20557.3475854604,83.7394098207809,20523.4949233988,7350.33373349984,93.0142699244817,69.1236189017855,37.0009087220078,0.160652713178295,41.9030249042107,77.385869591856,93.0142699244818,27907.6813189603,146.699488411657,72.2450067124781,181.612203244445,39.7798195395705,0.00172718350967791,0.450501035359755,0.831978465827722,51.8459836712653,100.196052077388,57.4926206815394,94.9869882434038
"United States","22","Utilities",1975,35494.6247594612,25741.5647327592,112.070523822974,25691.4239563332,9795.33804391953,91.1919114742451,72.3330398784613,38.3660227214445,0.18517984496124,43.4281421006242,76.5592897746965,91.1919114742451,35536.9027766788,149.934631265622,77.1101145650987,183.282452607708,42.0717387114755,0.00203066085541523,0.476228005297261,0.839540355465833,54.0115001602234,100.245971138308,59.8686224012925,95.2188983509852
"United States","22","Utilities",1976,39603.4132278526,28577.966487807,124.534698427922,28522.1768285226,11089.2330842512,90.8745106648249,66.576048023985,39.4005084489647,0.206027906976744,44.5823759746785,76.6291095745153,90.8745106648249,39667.1995720582,135.3399341938,71.2208047524866,164.265793407733,43.3570515656329,0.00226716936872038,0.490592748709404,0.8432409595816,55.1985309016166,100.280728364916,61.1652209838099,95.3352251216713
"United States","22","Utilities",1977,43838.4416648849,31545.2321922137,162.640902880091,31456.5978853857,12374.1046864411,92.7432959662169,61.1592119198319,40.6981772750359,0.233007751937985,46.0293271893204,77.7348893785914,92.743295966217,43919.3368786549,120.976236865794,64.10771606484,146.089119533288,43.8826082802371,0.00251239455650639,0.496308942978339,0.838172598555343,55.6790284643383,100.315971710522,61.6758239377593,95.1740575559793
"United States","22","Utilities",1978,48032.9258784121,34238.1347490792,183.597592653691,34134.3343246074,13921.1320547504,97.27132121218,59.4318416673851,42.3243739406392,0.286967441860465,47.8226838776277,80.8867324359277,97.2713212121801,48159.2668038296,113.024257976271,59.3971112416746,136.50846896797,43.511667584237,0.00295017522414954,0.491642174503943,0.831557867498147,55.3422929296096,100.376540579997,61.2620550585589,94.9590826471935
"United States","22","Utilities",1979,49557.9415579788,34129.7339497086,305.349716919893,33894.811574079,15697.089846657,100.14047429998,59.2685414891736,44.2048064800108,0.421049095607235,49.8164296570171,83.4343734921884,100.14047429998,49826.8237963656,108.325878869706,57.5367790625896,130.342394952601,44.1427971946601,0.00420458459529505,0.497465485411898,0.833173340504192,55.9013403615758,100.553461154787,61.7651065301915,95.0147661415351
"United States","22","Utilities",1980,56258.795951821,40166.3758678053,435.761876357359,39807.8038756729,16232.8877060763,102.009336177719,65.3980772196569,46.1637206300272,0.627485788113695,51.8260923082819,85.7970373260483,102.009336177719,56399.2635738816,114.990622507501,62.3240989694832,137.71940123076,45.2544074491393,0.00615125842031262,0.508052441572517,0.841070440617062,56.8810405037839,100.81884012407,62.6731357308834,95.2853319560138
"United States","22","Utilities",1981,66432.6316727247,47133.4376527875,635.960678021473,46578.7687104827,19499.4397594054,104.375922011872,67.4884956284492,47.827995612422,0.907912661498708,53.4580540461718,88.2269098311087,104.375922011872,66632.8774121929,114.786237212454,62.8579731080612,137.176120699638,45.8228245466246,0.00869848758217856,0.512168448582339,0.845280291953477,57.3872183124224,101.120948945074,63.0293646562734,95.423508215168
"United States","22","Utilities",1982,76728.1000641437,54372.3793970014,888.828587047861,53565.7614217008,22594.6063120415,106.135016845596,61.4136952287908,49.4889732476914,1.40622222222222,54.95323380657,90.3032596036956,106.135016845596,76966.9857090429,101.270655311516,56.2519376196189,120.639002085868,46.6283180787424,0.0132493710748449,0.51776723120999,0.850833799132171,58.0984987167098,101.570706433833,63.5091540278411,95.6068382107529
"United States","22","Utilities",1983,87304.613641223,63649.791723013,1175.39583178692,62560.5794834362,23720.0623837264,107.904814992727,59.6112907114601,51.0113697649618,1.94009612403101,56.3307462939054,92.7666159785403,107.904814992727,87369.8541067394,95.456116083597,53.7054860088501,113.60370361707,47.2744147408064,0.017979699276272,0.522041081277994,0.859707845148455,58.6749634578364,101.959077564214,63.8788124031437,95.8875149514369
"United States","22","Utilities",1984,97726.3220012829,71694.2825720104,1588.83780404897,70182.7794666677,26053.3295103903,109.68387332498,64.1128457433732,52.7024461295687,2.74744754521964,57.7912492636025,94.1280273910712,109.68387332498,97747.6120824007,99.8538092663688,56.8241863389018,118.262003263911,48.0494028264464,0.0250487830337582,0.526889209066989,0.858175632731181,59.3765463088399,102.46249035411,64.3036174015327,95.841511829793
"United States","22","Utilities",1985,104860.26241893,77054.0604596148,2086.35648908457,75022.5937045675,27814.4257300634,112.820359725498,67.7850804282709,54.9148225268489,3.98729405684755,59.6791030546208,97.8320413133472,112.820359725498,104868.486189678,101.387979907534,58.4087061200107,119.998407212163,48.6745678355056,0.0353419725530835,0.528974585791301,0.867148815616095,59.9427053866798,103.102015540647,64.4859204539948,96.1069457394437
"United States","22","Utilities",1986,108809.638372176,79220.8472555675,2512.63508818314,76737.248462676,29682.5414824181,111.410606456948,67.7220267020156,57.4580239860116,5.339965374677,61.9436691437397,97.9177403430376,111.410606456948,108903.388737986,97.9728448610627,59.0927714139764,114.580367435811,51.5732081650728,0.0479304937339205,0.555994362777988,0.878890650154355,62.5321256874272,103.779096307769,66.8077002544892,96.4551559452974
"United States","22","Utilities",1987,116361,85333.962479506,3126.19393939394,82207.7685401121,31056,112.365711710931,74.1031207101338,58.8342220940702,6.29120930232558,63.08999484448,97.757442020582,112.365711710931,116389.962479506,105.413711066789,64.1111609247637,122.443978513165,52.3595865662521,0.055988692693997,0.561470166333157,0.869993528560297,63.2270348665725,104.182504597619,67.271208765984,96.1908412564431
"United States","22","Utilities",1988,115436,84095.849600008,3483.50168350168,80612.3479165063,31365,111.042788007452,69.6463352318659,60.4552229399231,7.02713552526063,64.6089194882854,97.0642819299992,111.042788007452,115460.849600008,97.3117220319876,60.9731822472238,111.994163964071,54.4431781880926,0.0632831330278653,0.581838052228566,0.874116038256219,65.0559788439302,104.546967789214,68.9758079609874,96.3133498491367
"United States","22","Utilities",1989,128041,95188.9514744167,4451.91515151515,90737.0363229016,32876,117.107632554915,76.4310064063756,61.2767861133739,7.73682437850842,65.2375431814267,103.865618182316,117.107632554915,128064.951474417,103.861065329565,63.4476187205109,121.256366250323,52.3251856232679,0.066065927640373,0.557073367108116,0.886924412323087,63.183996270928,104.693140954002,66.897622517533,96.684190040667
"United States","22","Utilities",1990,134442,99584.2059597301,4662.91582491582,94921.2901348143,34879,117.035420562367,81.1110374876593,62.8453586694622,8.27053087409784,66.7715504574244,104.030112963758,117.035420562367,134463.20595973,108.128776382268,67.3741945991298,125.469364276084,53.6977253274981,0.0706669043812299,0.570524292018435,0.888877166108194,64.4095636436207,104.938150390893,68.0360003431562,96.7390774094054
"United States","22","Utilities",1991,141771,104651.909692416,4412.1037037037,100239.805988712,37143,118.331385121962,77.6564271813985,63.7230314513645,8.63529430633521,67.6117741462209,105.464925826158,118.331385121962,141794.909692416,102.102146011414,63.7981973528063,118.470965506463,53.851335709192,0.0729755195330045,0.571376512465689,0.891267567919171,64.5457365428746,105.049184452655,68.1077783502527,96.8068249420925
"United States","22","Utilities",1992,147067,107629.595857022,4409.11784511784,103220.478011904,39461,119.265326892249,78.676459290012,65.0329861733272,9.17540016038492,68.8811257501849,105.470630847479,119.265326892249,147090.595857022,101.90644421209,64.1300464242915,117.609407171052,54.5279905467258,0.0769326710408843,0.577545272754888,0.884336073155338,65.1407664634669,105.218767661596,68.6248669483107,96.6066543140681
"United States","22","Utilities",1993,150816,110750.881098563,4530.54276094276,106220.338337621,40086,119.220074043586,77.9522969279062,65.8508509968375,10.0655509222133,69.5093418223841,107.175481385772,119.220074043586,150836.881098563,99.6203056115813,63.5638917766951,115.079634801986,55.2347006367092,0.0844283230232977,0.583033875628798,0.898971773382638,65.7585274701687,105.512706935661,69.08267943641,97.0310051655792
"United States","22","Utilities",1994,157391,117061.865074474,4964.48754208754,112097.377532386,40340,116.309449330618,80.6922697182392,66.7794501608326,10.7163656776263,70.3406381141637,106.364417521208,116.309449330618,157401.865074474,102.262866094365,67.4447085326344,117.468126658756,57.4153265664659,0.0921366728094829,0.604771482618022,0.914495065820996,67.6672632025026,105.796914211914,70.8969632685654,97.4655886141562
"United States","22","Utilities",1995,160634,120841.073338013,4889.84107744108,115951.232260572,39806,115.874251722196,82.3326719011975,67.321068901558,11.2289542902967,70.7927756886036,106.595470884735,115.874251722196,160647.073338013,103.656548277864,69.0742562155072,118.891869704907,58.0983850173702,0.0969063801785553,0.610944835771856,0.919923704364399,68.2684936189914,105.962520853221,71.41509021406,97.611088153821
"United States","22","Utilities",1996,158201,117907.650679,4672.86868686869,113234.781992131,40300,110.996572332221,82.5760682166122,67.962231019022,11.9616808340016,71.3069671681043,101.82892557048,110.996572332221,158207.650679,104.421111237148,72.3228585298454,118.118391314054,61.2291259009385,0.107766218205364,0.642424947634212,0.917406037239586,71.0047116838163,106.300573211639,74.0412130671904,97.5438974470017
"United States","22","Utilities",1997,154499,112389,4434,107955,42111,111.115,81.5121207170039,68.1745909603946,12.768,71.3470931759388,104.129,111.115,154500,102.235352880541,71.3149286494743,116.233308997626,61.3549844398998,0.114907978220762,0.642101365035673,0.937128200512982,71.1121553856513,106.499371327443,74.0148356059391,98.0924336731491
"United States","22","Utilities",1998,146480,103387,4203,99184,43093,108.16,76.8816963737694,68.1491738927716,13.887,71.0698403975314,100.713,108.16,146480,97.3695047209375,69.1014608884594,109.671380924671,63.0077421345891,0.128393121301775,0.657080624977176,0.931148298816568,72.4797337222194,106.839035401241,75.1983680690193,97.9146506874935
"United States","22","Utilities",1999,162065,114878,4168,110710,47187,107.344,89.9102234881881,68.7258728777014,15.562,71.3695373580382,102.838,107.344,162065,112.503620573523,81.4258410078006,127.180275944917,64.0239537167437,0.144973170368162,0.664867504080696,0.958022805187062,73.3046431590443,107.192635100214,75.8033162745077,98.7334402666848
"United States","22","Utilities",2000,161581,111367,4116,107251,50214,107.072,90.4749252601792,69.8141892774228,17.706,72.1879838886056,102.836,107.072,161581,111.974303414573,82.1454037035256,125.984026404619,65.2030309300497,0.165365361625822,0.674200387483241,0.960437836222355,74.245741881742,107.554334508028,76.5182697004608,98.8082818890676
"United States","22","Utilities",2001,168058,114153,3787,110366,53904,105.712,72.4066459560394,71.1935528248827,19.93,73.3505157447989,100.831,105.712,168057,88.9722667956987,66.5863318982375,98.870951628731,67.3467088172419,0.188531103375208,0.693871232639615,0.953827380051461,75.9074137963714,107.893342788187,77.9850666061439,98.5930361137419
"United States","22","Utilities",2002,157044,102393,3284,99109,54652,102.176,75.8842403500822,72.1491356912034,21.652,74.1609293480267,98.58,102.176,157045,93.1219741981679,72.199409280548,102.247196338191,70.6126053977484,0.211908863138115,0.725815547173765,0.964805825242718,78.3381551934879,108.167656680026,80.2782783700883,98.9710390558363
"United States","22","Utilities",2003,162117,109182,3358,105824,52935,99.003,75.3711012972927,72.6933260415681,22.98,74.5943443145835,94.84,99.003,162117,93.241179141771,74.009497664693,100.795529607597,73.4253770507642,0.232114178358232,0.753455393418215,0.957950769168611,80.3925825600716,108.37287669592,82.2275427444232,98.7333150666788
"United States","22","Utilities",2004,176639,121004,3366,117638,55634,97.189,80.8268195003436,73.3348813323855,24.158,75.1591548563499,93.841,97.189,176638,99.7335704811983,80.8480084842703,107.145971382485,75.4559480315524,0.248567224685921,0.773329850665712,0.965551657080534,81.896124421478,108.520557351283,83.6513582465533,98.9839109567942
"United States","22","Utilities",2005,173551,117421,3447,113974,56130,96.102,75.5826660357181,74.0869984357115,25.57,75.8259279746661,92.72,96.102,173551,92.9730465800032,76.4576122555883,99.1770433156702,77.0920464045613,0.266071465734324,0.789015087871908,0.964808224594701,83.1009204162194,108.664355452232,84.7696376991296,98.959578012172
"United States","22","Utilities",2006,199532,138647,3281,135366,60885,96.555,80.904515930207,75.3563196448881,27.692,76.993374799142,93.507,96.555,199532,98.1058644188474,81.4571002483419,104.372006907216,78.0449688207634,0.286800269276578,0.797404327058589,0.96843249961162,83.8039293423838,108.812437926709,85.370269358126,99.0762579168096
"United States","22","Utilities",2007,203472,140389,3146,137243,63083,99.456,82.5637052802139,77.4106095933373,30.978,78.9334839888065,96.597,99.456,203472,97.292745752865,80.7028991882625,103.685884710546,77.8340266985775,0.311474420849421,0.793652308446011,0.97125361969112,83.6470270212585,108.955792682311,85.0983329905911,99.1649430400092
"United States","22","Utilities",2008,212402,146118,3435,142683,66284,101.541,87.5069686856825,79.5793304369387,36.239,80.898837487393,98.683,101.541,212402,100.503347709994,83.7784177338153,106.898917952703,78.3716237154831,0.356890320166238,0.796711057478191,0.971853733959681,84.0446392543323,109.190611414346,85.318961654254,99.183997571566
"United States","22","Utilities",2009,228636,161804,3413,158391,66832,100.272,82.7036501756436,81.9270929776249,43.268,83.0044559634582,98.257,100.272,228636,93.2006355679788,80.1818275458605,98.1359391559801,81.7048557699306,0.431506302856231,0.827792962775832,0.979904659326632,86.523236095417,109.513440967389,87.5760515907552,99.4315758452956
"United States","22","Utilities",2010,249178,181526,3722,177804,67652,98.64,94.0042572566849,83.4512392600855,50.501,84.3044951907906,96.917,98.64,249178,104.948039423868,92.6457302757763,109.507958365018,84.6018240674022,0.511972830494728,0.854668442729021,0.982532441200324,88.7153726055108,109.793416750897,89.5658424532477,99.5066712602431
"United States","22","Utilities",2011,257686,186503,3525,182978,71184,97.824,98.3563845685501,84.7911472740367,57.262,85.4694268396015,96.351,97.824,257687,108.718353144638,97.7435457643805,112.767251396568,86.6772441057785,0.585357376512921,0.873706113424124,0.984942345436703,90.290415473965,110.004049081035,90.9814602526906,99.5734541795524
"United States","22","Utilities",2012,249756,179996,3676,176320,69760,96.283,100,86.6816463904733,64.353,87.2092698611597,95.295,96.283,249756,109.122250998222,100.967438049034,112.151167432643,90.027986654418,0.668373440794325,0.905759790006125,0.989738583135133,92.7979586936152,110.211394939255,93.3322680749747,99.7079064306568
"United States","22","Utilities",2013,256743,183964,3690,180274,72778,97.28,99.0314718011424,88.6560616185444,71.053,89.054813366639,96.834,97.28,256742,105.852173137578,98.9647704978416,108.591479231875,91.134931762484,0.730396792763158,0.915448328193246,0.995415296052632,93.6164841424456,110.353744378076,94.0340541975207,99.8684976306126
"United States","22","Utilities",2014,268383,193195,3753,189442,75188,98.821,94.696641351884,90.7914536283486,76.777,91.1012704460467,98.439,98.821,268383,99.0434116692832,93.1571689524869,101.39593789012,91.874655820472,0.776930004756074,0.921881689580623,0.996134424869208,94.1615908015426,110.450420265818,94.4988037151602,99.8888246705943
"United States","22","Utilities",2015,270950,193322,3763,189559,77628,100.091,96.3241136537076,93.5781163809262,83.442,93.7987753954566,99.911,100.091,270950,98.172589492961,93.5558488170576,100.06718265016,93.4930377166041,0.833661368154979,0.937134961139928,0.998201636510775,95.3473673084219,110.558954085653,95.5948904665092,99.9475127463864
"United States","22","Utilities",2016,273997,192587,3963,188624,81409,100.091,102.425217044722,96.9130761870402,91.26,97.0334215911064,100.226,100.091,273996,101.740292117404,99.4816122091716,102.743762135989,96.8249654684639,0.911770289036976,0.969452014577799,1.00134877261692,97.7414803013768,110.699409842896,97.8708729802331,100.039364098287
"United States","22","Utilities",2017,284379,202801,4032,198769,81578,100,102.865336182182,100,100,100,100,100,284379,100,100,100,100,1,1,1,100,110.845938758325,100,100
"United States","22","Utilities",2018,289983,205492,3805,201687,84491,100.453,100.572705130799,102.978508685824,109.829,102.848748113043,100.305,100.453,289983,95.6681404397559,97.3303243131555,94.9433351968448,102.514119723477,1.09333718256299,1.02384944315294,0.998526674166028,101.780824936484,110.981035870221,101.656925909009,99.9573816872897
"United States","22","Utilities",2019,300760,212818,3936,208882,87943,99.184,101.829525132369,106.679808866056,120.463,106.430726753148,99.27,99.184,300761,94.7580931332821,99.8074706514712,92.7945435440813,107.557477885603,1.21454065171802,1.07306346540922,1.00086707533473,105.301631078173,111.134034720418,105.028653025272,100.025709096262
"United States","22","Utilities",2020,314892,221860,4113,217747,93031,98.731,108.662315958506,110.606763727497,134.738,110.190739196721,99.4,98.731,314891,98.5302145490907,106.993247967872,95.5054646670741,112.028404176497,1.36469801784647,1.11607032438364,1.00677598727857,108.373703068246,111.303535132407,107.928150416486,100.198917535826
"United States","22","Utilities",2021,358723,264535,4934,259601,94187,98.368,104.653274250556,114.763796549596,153.327,114.132262125995,99.097,98.368,358722,92.4826958875655,103.426047766418,88.6500252916459,116.667815295214,1.55870811646064,1.16025803234787,1.00741094664932,111.591219389314,111.502082783175,110.934559342957,100.216544709654
"United States","22","Utilities",2022,408617,312056,5778,306278,96561,100.272,106.325061906646,118.795032860609,169.319,117.996690332151,100.719,100.272,408617,91.1866117771513,103.082968641599,87.0098284644507,118.472786880295,1.68859701611616,1.17676609953079,1.00445787458114,112.884530273171,111.626628508569,112.095044661578,100.14318690123
"United States","22","Utilities",2023,411045,313664,5542,308122,97381,103.989,112.017277098262,122.103093287973,179.06,121.218911613423,103.993,103.989,411045,93.3656838329632,104.719741148502,89.1844823014335,117.419239811877,1.72191289463309,1.16568975192975,1.00003846560694,112.117391640933,111.656754713485,111.303231433338,100.03875818608
"United States","23","Construction",1963,27605.3074412811,2550.91746236744,0.629995306373901,2550.81668130328,25006.8228022066,44.9682611853772,76.7252668549218,23.5740288883627,0.011068246290848,27.221722434142,38.4306530760969,44.9682611853772,27557.740264574,172.206552521452,136.134178910011,259.680572314232,52.4237056691632,0.000246134629160338,0.605354125700416,0.854617280345139,90.7892516706693,100,92.8537704744587,87.0729116796633
"United States","23","Construction",1964,30261.4299138458,2796.36061301588,0.633384006707805,2796.31967296818,27412.9249900227,46.5306959239484,81.9457541251822,24.5688788397468,0.011068246290848,28.3708463556906,39.739527904292,46.5306959239484,30209.2856030385,177.73683701843,140.514703626614,266.119060211911,52.8014429010543,0.000237869777596673,0.609723233068791,0.854049721698637,90.8496095021944,99.9999251530615,92.9156014020338,87.0204369255767
"United States","23","Construction",1965,33221.9933312178,3069.9363229888,0.627555715477008,3069.97375447116,30094.8117514457,48.8505550585937,88.6319162010058,25.8227829383525,0.011068246290848,29.8191772836852,41.3969614904012,48.8505550585937,33164.7480744345,184.389826841641,144.762308284566,273.855808963227,52.8607769295137,0.000226573603464121,0.610416345278343,0.847420493804988,90.8590547309203,99.9998281163989,92.9253734978667,86.4072789020379
"United States","23","Construction",1966,36558.8657197122,3570.06050624984,0.687651047165899,3570.15524014777,32908.6967222363,49.8676270373777,92.0219329094916,27.2564918027299,0.011068246290848,31.4751805218512,42.4838380336706,49.8676270373777,36478.7572284862,186.045915774341,147.233796940325,269.374361390917,54.6576876062302,0.000221952536112295,0.63117461952339,0.851932216502449,91.1487129360788,99.999789198294,93.2217406137036,86.8234084320655
"United States","23","Construction",1967,38145.9513008388,3524.9438352104,0.646206854845599,3525.07717144021,34555.2772244524,49.2615784929291,90.9923025570294,28.4507042102888,0.011068246290848,32.8545517655931,42.1657275262281,49.2615784929291,38080.2210596628,184.464825742739,147.377503164681,255.179920559342,57.7543494964794,0.000224683143120084,0.666940702484979,0.855955672071703,91.6282517549943,99.9998110980913,93.7122888905059,87.1943266432273
"United States","23","Construction",1968,41746.3397858222,4330.43167039358,0.787241480035244,4330.60353231511,37301.787729318,50.2917053426457,94.3957004255471,29.545001046077,0.011068246290848,34.1185190166968,43.254080686246,50.2917053426458,41632.2193997116,186.324679285281,149.758235480351,254.919505322286,58.7472642750569,0.000220080950038147,0.678412449612549,0.860063908979598,91.781900472677,99.9997739710256,93.8695156177629,87.5716002429131
"United States","23","Construction",1969,46626.3784060284,4308.59006609333,0.726287394127745,4308.8303020267,42237.4452803777,53.1268723708724,94.4615166603615,30.8687136612729,0.011068246290848,35.6474727338822,45.4194245778619,53.1268723708724,46546.035346471,177.653111538194,141.865086875547,244.158161140854,58.1037661049987,0.000208336116863457,0.670987602752735,0.854923742937365,91.6825920370867,99.999679331782,93.7680295602579,87.09953307051
"United States","23","Construction",1970,49399.2864213553,4564.82607277975,0.772587989615343,4565.07681973646,44749.3398084316,51.6493505168825,90.0046092740526,32.1445481300596,0.011068246290848,37.1211265814092,44.5998237765458,51.6493505168825,49314.1658812114,171.44741980581,139.038396213537,223.404691591316,62.2361129585794,0.000214295943319368,0.718714295725278,0.86351180276638,92.2675290618916,99.9997234309689,94.3663775464539,87.8931249662728
"United States","23","Construction",1971,54358.1802371017,5023.06183769133,0.769993504058329,5023.43514628478,49241.4509033138,52.4775904435811,89.9481085514531,33.2232963679375,0.011068246290848,38.3671334117701,45.7719889889812,52.4775904435812,54264.5127410051,166.842824346393,136.758085674445,216.015133790207,63.3094928465817,0.000210913767139281,0.731114616495564,0.872219715159956,92.413692162197,99.9996996824376,94.5159317389095,88.6970464040805
"United States","23","Construction",1972,60033.7579819355,5547.52507222651,0.738063944022178,5548.07384548308,54382.7857489533,54.0091413844647,90.9149425631128,34.3558592120891,0.011068246290848,39.6752780048045,47.3309144991999,54.0091413844648,59930.3108211798,163.081408490557,134.308302144676,211.139416856346,63.6111930895669,0.000204932831871157,0.734603013263543,0.876350063821127,92.4543700720653,99.9996615589732,94.5575896402465,89.0781033377588
"United States","23","Construction",1973,68016.0997380798,6285.14639767276,0.743643188936704,6285.88060413083,61613.7537982224,57.984235582645,94.3871208838354,35.9949542271464,0.011068246290848,41.5684547522754,50.9478587617297,57.984235582645,67898.9001958952,157.684001540289,129.878620206777,209.221338738056,62.0771384936907,0.000190883714851642,0.716892347283389,0.878650175341429,92.2456871220375,99.9995789385957,94.3441985785191,89.290234488104
"United States","23","Construction",1974,72862.2006791927,8041.1409052259,0.890465863117017,8042.15429144646,64578.7791974189,56.9147361679212,89.9478717349053,38.1401738849102,0.011068246290848,44.0461975087765,49.4138405869878,56.9147361679212,72619.9201026448,153.545811248766,126.095918176568,188.166837847337,67.0128273499879,0.00019447065972848,0.773897947603985,0.868208199036489,92.9658494751587,99.9996005473252,95.0809119610498,88.3363830485282
"United States","23","Construction",1975,73636.7782961451,6804.5360293657,0.724208464816916,6805.42919585248,66705.3566184871,51.3868873961503,83.1023990911203,39.5664592923537,0.011068246290848,45.6935651854312,45.3975394089199,51.3868873961503,73509.8926478528,152.515479044283,129.031608933002,167.579633795173,76.9971899393889,0.000215390479005297,0.889206712077573,0.883445986112033,94.2875865829366,99.9997135169643,96.4329421538381,89.7279343682163
"United States","23","Construction",1976,84231.3231754392,7922.65515338224,0.657938606774606,7923.9202090166,76151.1118361436,53.1002231134127,92.1763793014046,40.2094891894768,0.011068246290848,46.4362583331311,47.0607048118604,53.1002231134127,84073.7669895258,163.493107462329,138.502675385631,182.905157788135,75.7237669295595,0.000208440673915968,0.874502132202936,0.886261903482911,94.1408361958693,99.9996845274998,96.2828475643825,89.987184218693
"United States","23","Construction",1977,92912.3818540919,8585.73420170454,0.679887331971149,8587.14537535889,84166.5497517482,56.5798727269116,94.040180356546,41.0982480009896,0.011068246290848,47.4627509940228,50.8356058516739,56.5798727269116,92752.2839534527,155.212493154551,132.613076556949,182.568147268362,72.6375759085822,0.000195621618738346,0.838862809450041,0.89847508312783,93.7756805955129,99.9996364288489,95.9093424021686,91.110714157346
"United States","23","Construction",1978,109929.133418272,10415.0877564834,2.64525455973047,10414.5875042146,99301.6977451564,62.6357779802535,97.2898794020958,42.4096983994538,0.011068246290848,48.9776048697082,55.9442381411144,62.6357779802535,109716.78550164,146.795695922665,123.931028080001,183.036349057919,67.7084244292836,0.000176708051655995,0.781942947769387,0.893167450698087,93.1599410367744,99.9994765834371,95.2796141457647,90.6228101621572
"United States","23","Construction",1979,125096.281471868,11559.7389816705,8.64080772625619,11552.2517831837,113320.984631799,66.6028358176596,97.4123478081431,44.0959088174793,0.0332047388725441,50.8921221398508,59.1119525614499,66.6028358176596,124880.72361347,139.313985995506,116.69604923496,176.2587055397,66.2072542049139,0.000498548424626387,0.764113442244104,0.887529064427261,92.9643381564913,100.004315342306,95.0738829638005,90.1042037495534
"United States","23","Construction",1980,131663.222376417,12166.5679709353,14.8321249645474,12151.715804347,119269.785811961,64.0902472764381,92.4385696535952,44.8198921529925,0.0542344068251554,51.698353552498,57.1993834865509,64.0902472764381,131436.353782897,136.000653057423,115.079014221662,164.557345488896,69.9324687571768,0.00084621934116166,0.806649307023413,0.892481866076049,93.4365910217288,100.009131304502,95.5513870767314,90.5603628911208
"United States","23","Construction",1981,133114.55724117,12300.6863885807,17.5056531147626,12282.6205547216,120584.497509361,61.6188352637709,87.0617097198027,44.6957586364218,0.0719436008905123,51.5315281137634,55.1404416200998,61.6188352637709,132885.183897941,132.456664520942,112.732352537738,155.41600527303,72.5358706393805,0.00116755859766814,0.83629506940813,0.894863419343467,93.7532601805846,100.013068179678,95.8707223483345,90.7796233864695
"United States","23","Construction",1982,130936.556777008,12099.4215332546,17.4765610122994,12081.3386028739,118611.513098131,58.1781367172824,81.7226380151312,43.5097545360516,0.0874391456976995,50.1447137683459,53.1701815271899,58.1781367172824,130710.934631386,128.82777334543,112.077241354499,149.861683660273,74.787122776874,0.00150295541644126,0.861916805827333,0.913920323463971,94.0188864534856,100.016420088241,96.1385036587525,92.5321874779212
"United States","23","Construction",1983,139217.350475766,12864.6231118659,17.2700173351921,12846.9905532133,126112.83430608,59.559486348655,87.3158107851173,41.7857482301841,0.0985073919885475,48.1447753072012,54.8398124400871,59.559486348655,138977.457417946,134.338495250629,116.970625101865,166.724556673506,70.1580063763053,0.00165393286657805,0.808347725253484,0.920756974280479,93.4644442407923,100.017654970182,95.5699806314391,93.1600908807886
"United States","23","Construction",1984,160317.603368493,14814.4283099387,20.3536746553286,14793.5568737077,145226.924950527,66.1377664351295,96.2462318781873,40.8709877367714,0.138353078635601,47.0626560159695,60.6534689277809,66.1377664351295,160041.353260466,135.41667759022,116.10985289706,187.889913040052,61.7967463066041,0.00209189221367647,0.711585203926268,0.917077672819087,92.3729792115416,100.020608890745,94.4502487855101,92.8222240055839
"United States","23","Construction",1985,177205.591385525,16374.9977354448,23.3451939498951,16350.897950229,160525.250614885,70.3718282106842,102.866153447026,40.6160493662368,0.174878291395399,46.7499380773973,65.6892413889644,70.3718282106842,176900.24835033,134.703917945447,116.629531161217,202.073649683724,57.7163481452231,0.00248506107972406,0.664327462652156,0.933459355245103,91.7907268918112,100.02284098583,93.8522032557925,94.3255819132268
"United States","23","Construction",1986,197559.215338199,18255.8011794393,21.131451616058,18234.8814307083,178962.991218259,71.0407851815299,106.367720946768,43.4175756542383,0.204762556380689,49.9674034764898,66.2607551187834,71.0407851815299,197218.792397698,137.347969849094,119.463975943061,195.469565585337,61.1164073472636,0.00288232394753888,0.703362207340594,0.932714284470081,92.2783692621451,100.024614442937,94.3488948341196,94.2572595968768
"United States","23","Construction",1987,210746,15786.925434626,19.124765478424,15767.8006691476,194924.955399909,72.5777311575083,109.63302033254,44.2202898889992,0.219151276558791,50.887575951241,66.9824838304584,72.5777311575083,210711.880834535,139.951203617479,120.523810688554,197.812921448268,60.9281789107354,0.00301953881808717,0.701145863058253,0.922906830541353,92.2545353784159,100.025074769162,94.3239910076509,93.3487465517231
"United States","23","Construction",1988,227458,15386.4765990174,21.1378986866792,15365.3387003307,212026.734766663,76.1757250200757,113.537038617036,42.2825159150808,0.29914149250275,48.6352230059128,70.8009744522247,76.1757250200757,227413.21136568,138.101604200488,118.9202543331,214.245448676451,55.5065487121224,0.00392699239060623,0.638460913802858,0.929442738268202,91.6436389479163,100.027489100271,93.6971195060743,93.9625469584456
"United States","23","Construction",1989,240620,19350.7393497374,63.4136960600375,19287.3256536774,221233.336951302,77.0741978318229,114.475030258534,44.8780959824367,0.490898859491692,51.568391811499,71.6967307688444,77.0741978318229,240584.07630104,137.025149069822,118.504984280888,203.521927625823,58.2271333921132,0.00636917247666776,0.669074648354071,0.930229996363864,91.9689184019667,100.036112698627,94.0218340511551,94.0362398004722
"United States","23","Construction",1990,245517,14910.6996288665,105.689493433396,14805.0101354331,230550.966637905,77.0717362624756,112.721127164478,42.9055817868439,0.945637758351184,49.122300797127,72.14213901084,77.0717362624756,245461.666266771,134.57766164413,116.693064067601,209.616946861586,55.6696707087597,0.0122695790209101,0.637358170183632,0.936038845227939,91.6777862472538,100.058879813562,93.7016517021291,94.5818812019594
"United States","23","Construction",1991,229623,11878.6907386715,127.833958724203,11750.8567799473,217682.945535074,71.0646865320638,104.514008084822,45.0323038340632,1.40366392635906,51.3965765262753,66.8161761319684,71.0646865320638,229561.636273745,133.780999261852,117.342550031948,185.176214071146,63.3680468199139,0.0197519189186283,0.723236519211065,0.940216292966008,92.3481098358393,100.082403688823,94.3643233897555,94.9801990751486
"United States","23","Construction",1992,234639,12320.1841361552,172.122889305816,12148.0612468494,222257.807253972,69.6583099116668,106.074570509474,42.2635756505035,2.04577716667632,47.971519263764,66.1550618651986,69.6583099116668,234577.991390128,137.518551138255,121.499142339187,200.253404516756,60.6726974916526,0.0293687453696558,0.688669009118888,0.949708110189427,92.1390855634472,100.108026177008,94.1266711368082,95.8888315127863
"United States","23","Construction",1993,250943,18602.6111682351,333.173545966229,18269.4376222689,232295.109970479,73.3506639325456,109.013535256545,44.8558112057606,3.40232356857523,50.5448606937195,69.7430269643054,73.3506639325456,250897.721138714,134.00102430383,118.579943217002,193.908377314858,61.1525633183234,0.0463843595431401,0.689085251364614,0.950816573772832,92.185068109676,100.155200825491,94.1302145704697,95.993657450193
"United States","23","Construction",1994,277250,31949.6513426758,797.200750469043,31152.4505922067,245298.94950947,76.5638324538259,114.415397423718,46.4658191595193,5.57192120650727,51.8369826224823,72.8674711017792,76.5638324538259,277248.600852146,134.719768241177,119.232780740884,196.465247202655,60.6889933148813,0.0727748471821546,0.677042684008068,0.951721834793525,92.1186684418898,100.250053227664,93.9766801771075,96.0763938785193
"United States","23","Construction",1995,292420,38191.1235838424,1246.12945590994,36944.9941279324,254244.652605783,78.3788295858667,115.190134486149,49.3245801009065,8.67839055172813,54.404762116722,74.1896996353188,78.3788295858667,292435.776189625,132.533288365295,117.260400932626,186.331702430444,62.9309985381572,0.110723655833884,0.694125727625465,0.946552787625407,92.5303442431107,100.400290124575,94.2565862306484,95.6185653351778
"United States","23","Construction",1996,315746,43982.4391828689,1804.77392120075,42177.6652616681,271789.179527132,81.8775401514282,120.436565307089,53.2999210358303,13.2279710530886,58.0218039691402,78.2000204241554,81.8775401514282,315771.618710001,131.022971183242,117.362253054825,180.287932890159,65.0971205745249,0.161557992932179,0.708641269166513,0.955085121994731,92.953859881948,100.589695167317,94.5104347632075,96.3637220325637
"United States","23","Construction",1997,338921,40337,2146,38191,298583,85.83,121.720585724064,58.1616745396707,18.927,62.4726857577829,81.951,85.83,338920,125.700629844333,113.151361612357,166.979053544348,67.7638058250853,0.220517301642782,0.727865382241441,0.954806011883957,93.437090276939,100.778380279471,94.8224275164712,96.3391976468609
"United States","23","Construction",1998,379099,52329,3050,49279,326770,90.45,127.3298877059,64.4960935393804,26.427,68.3408160916661,86.474,90.45,379099,123.822851125008,112.319884524346,157.518587525367,71.3057971690219,0.292172470978441,0.755564578127873,0.956042012161415,94.0509531037288,100.98242622867,95.2531224088932,96.4478714592375
"United States","23","Construction",1999,416985,60608,3609,56999,356377,95.542,132.730005323762,70.3855307008997,36.354,73.5080841863053,91.995,95.542,416985,120.890498596791,110.843351045563,150.459836562117,73.6697271366516,0.380502815515689,0.769379793036626,0.962874965983546,94.4865851162248,101.205408660856,95.483539537546,97.0392262533681
"United States","23","Construction",2000,460423,68175,4317,63858,392247,99.034,137.984383869674,75.2904030816735,46.302,77.7375395705619,93.895,99.034,460422,122.288356983976,111.168176379829,146.226195225136,76.0248026755191,0.467536401639841,0.784958090863359,0.948108730335036,94.9238008271582,101.393528081994,95.7474530394346,95.7679634505966
"United States","23","Construction",2001,485527,77555,4689,72866,407972,99.31,135.616730215524,78.8611684162368,54.41,80.8085626901559,95.012,99.31,485527,118.147850253628,108.957003434379,137.209734884429,79.4090911451383,0.547880374584634,0.813700157991702,0.956721377504783,95.562206115892,101.54666489826,96.2458981809358,96.5035210935569
"United States","23","Construction",2002,492663,85948,4848,81100,406716,97.164,131.007657337379,83.0502796150627,62.918,84.6081837392117,92.95,97.164,492664,115.23651363262,107.578667034492,125.860787611889,85.4743316609677,0.647544357992672,0.870777075246096,0.956630027582232,96.7447548902863,101.712254551996,97.2780582734644,96.4958463302442
"United States","23","Construction",2003,524309,103749,6052,97697,420560,98.099,133.731301040691,86.7157488587542,71.127,87.9163704408341,93.774,98.099,524309,115.855093785891,108.768553488922,123.046695313553,88.396159857648,0.725053262520515,0.89620047544658,0.955911884932568,97.3520340548224,101.835275448128,97.7705395766819,96.4368885403168
"United States","23","Construction",2004,583591,129533,6195,123338,454056,102.675,138.741495343695,91.0812634379472,78.298,92.0993982236753,97.488,102.675,583589,115.367368322851,107.814338565037,121.538028726478,88.7083159853394,0.762580959337716,0.89699925223935,0.949481373265157,97.4240998339556,101.892226431656,97.7878606832064,95.9239679251474
"United States","23","Construction",2005,650387,163881,6859,157022,486505,106.707,139.300894394024,97.4518372527313,86.549,98.3905038860479,101.002,106.707,650386,110.952831982772,104.158773693459,114.050905327559,91.3265645672086,0.811090181525111,0.922062319117283,0.946535841135071,98.0979556729252,101.95873459234,98.399837639518,95.6968206657621
"United States","23","Construction",2006,695665,171193,6740,164453,524473,112.397,136.268147628236,103.596786113887,95.616,104.424388412323,106.62,112.397,695666,102.63871449038,96.7329642125735,104.950118497384,92.1704192406269,0.850698862069272,0.929067398705682,0.948601831009724,98.3229030323879,102.007929552162,98.5779256312776,95.8536377139058
"United States","23","Construction",2007,714284,166069,6534,159535,548214,110.567,132.643126252208,107.59688677352,106.898,108.129675553035,105.956,110.567,714283,99.4782959389028,95.7181037884553,98.3603141218649,97.3137434980779,0.966816500402471,0.977956131151565,0.958296779328371,99.6088226718627,102.130928326202,99.7469087715273,96.5979572026131
"United States","23","Construction",2008,647858,111054,5394,105660,536803,102.47,119.552408054252,106.192122798688,117.064,106.209008661183,99.357,102.47,647857,94.6327738728173,93.0885906994863,89.8257576699859,103.632402457976,1.14242217234312,1.0364888129324,0.969620376695618,100.882437067071,102.279958523495,100.873560295382,97.5077914881369
"United States","23","Construction",2009,564266,105824,5218,100606,458441,84.127,102.463582433103,102.890186581962,118.004,102.697146761058,82.787,84.127,564265,94.7392448115146,97.1782328616746,79.4566854968392,122.303406257162,1.40268879194551,1.22073943871834,0.984071701118547,103.926885378286,102.464574387352,103.730520297523,98.6986396452495
"United States","23","Construction",2010,524645,92640,4998,87642,432005,80.128,97.995464879131,97.7136451899934,112.868,97.4925278962496,79.419,80.128,524645,94.6240857583407,97.5790393084519,80.0176193049068,121.946941381282,1.40859624600639,1.21670986292244,0.991151657348243,103.871672742949,102.468616721578,103.671314961694,99.2790736193942
"United States","23","Construction",2011,524414,88917,3964,84953,435497,79.105,96.827963590614,94.3109612771708,109.548,94.0703241898687,78.658,79.105,524414,94.8240201325852,97.6633746459439,81.9168964746571,119.222503352722,1.38484293028254,1.18918303760658,0.994349282599077,103.466292528035,102.453730693844,103.281734710843,99.5438596321705
"United States","23","Construction",2012,553670,100811,3943,96868,452860,81.843,100,93.4667480949209,110.306,93.1635499969137,81.92,81.843,553671,94.8548904440622,97.4884853911302,85.3645844377017,114.202495136934,1.3477756191733,1.13832032057615,1.00094082572731,102.686694918968,102.433329140432,102.523904938742,100.087402972687
"United States","23","Construction",2013,593353,114652,3905,110747,478700,85.701,104.088502890744,91.9052278042927,113.259,91.4566340995329,85.675,85.701,593352,95.5045050512436,96.906238419078,90.3644083929412,107.239387876796,1.32155984177548,1.06715947421305,0.999696619642711,101.481591840867,102.419544504761,101.334271550172,99.9863251587573
"United States","23","Construction",2014,648447,126631,3933,122698,521817,89.869,107.615255798744,92.7479667684692,113.564,92.3152348760213,89.681,89.869,648448,95.002230591098,95.5429830116632,92.5772568331298,103.203514858816,1.26366155181431,1.02722000774484,0.997908066185225,100.728184697695,102.390535524393,100.610450358745,99.8421643469018
"United States","23","Construction",2015,713701,150535,3758,146777,563166,94.569,114.060652747134,95.8919076211708,111.55,95.5855385711117,94.236,94.569,713701,96.1410845643607,96.2325334557426,94.9049266214296,101.398880839568,1.17956201292178,1.01074917331379,0.996478761539194,100.367931349925,102.350592935652,100.289870407524,99.7281882022355
"United States","23","Construction",2016,775065,182201,3695,178506,592863,97.712,120.020046964542,100.503137360298,107.558,100.375629236103,97.621,97.712,775064,97.4024000253157,98.0033120706251,95.2815989685487,102.856493941684,1.10076551498281,1.02726000118821,0.999068691665302,100.687892759078,102.315101597404,100.64472510238,99.9295296182598
"United States","23","Construction",2017,838364,211041,3473,207568,627322,100,125.332913831131,100,100,100,100,100,838363,100,100,100,100,1,1,1,100,102.27135042961,100,100
"United States","23","Construction",2018,887065,212641,3001,209640,674425,104.955,128.849345525148,101.801434100981,93.05,101.943566781632,105.273,104.955,887066,98.4642428060042,97.9521442299057,100.98646829918,96.9953161840605,0.886570434948311,0.971307386800361,1.00302986994426,99.2531686433363,102.225029465762,99.2980784934145,100.228451673725
"United States","23","Construction",2019,950776,226050,2822,223228,724725,108.391,131.634778176898,102.591034047106,89.741,102.795114985369,109.1,108.391,950775,97.7148038902901,96.8974362115994,102.375515618538,94.6490336348089,0.827937743908627,0.94837315815307,1.00654113348894,98.6746409615987,102.202820245893,98.7407363170974,100.495442475401
"United States","23","Construction",2020,955615,274377,2786,271591,681238,101.455,128.703867421198,107.62875682053,89.865,107.900364637008,103.932,101.455,955615,97.782725951358,101.216893827519,95.4109316750205,106.085216914425,0.885762160563797,1.063529295126,1.02441476516682,101.673165543944,102.223119660979,101.721205761749,101.808612784799
"United States","23","Construction",2021,1009220,262316,2774,259542,746904,106.859,132.400574775747,107.747227232925,91.973,107.994157971554,107.898,106.859,1009220,97.8620217944059,98.85841160205,98.0434603903699,100.831214247677,0.860694934446326,1.01062295147394,1.00972309304785,100.270348600729,102.214808966696,100.32587781392,100.745792957941
"United States","23","Construction",2022,1111500,278048,3014,275034,833451,110.593,125.294542269018,108.449000502737,94.802,108.669542785926,111.921,110.593,1111499,89.9691983882293,90.3939528627103,92.1810102684483,98.0613605768328,0.857215194451728,0.982607785175604,1.01200799327263,99.5605558555063,102.213678453264,99.6167930629092,100.915578592424
"United States","23","Construction",2023,1217670,344518,3218,341300,873152,111.956,122.646640033596,111.686653410565,97.668,111.913370153862,113.612,111.956,1217670,86.4241937695458,87.4063822075443,87.6171738305679,99.7594174591488,0.872378434384937,0.999619226784288,1.01479152524206,100.017193058351,102.21847677679,100.068992031632,101.119088473746
"United States","31-33","Manufacturing",1963,148114.990207121,53932.8267664784,101.785452901151,54070.9341001337,94041.2086049847,3016.52112878367,21.8500188376784,17.7326080946804,0.0365010334209177,20.535039033356,107.869748708225,176.988695351735,147974.035371463,37.5039199014031,11.4978734232448,114.759972454924,10.0190625505431,0.000206233699550009,0.116024579945889,0.609472534355104,40.9105645623679,100,43.9206424059223,74.9385676848602
"United States","31-33","Manufacturing",1964,159692.464736291,57933.3166595922,101.885378474418,58090.2014826514,101613.84126287,3084.61969019298,23.5523086698808,18.4163042837986,0.0383822862652584,21.3262539535967,110.575237275652,180.940294727043,159547.157922462,39.2497424115389,12.1229810573536,119.108358098625,10.1781111341619,0.000212126803060423,0.117863486327179,0.611114497422809,41.1456429438712,100.001868604803,44.1732823760999,75.0669486124083
"United States","31-33","Manufacturing",1965,177002.494336263,66820.0204879587,125.875218674234,66991.3938909165,109940.678531522,3253.24602036278,25.726339711251,19.3839033436213,0.0414547285658006,22.445500954584,116.892856701019,190.570362195832,176760.699019481,40.6211396931551,12.5728541105964,123.608404314509,10.1715204401523,0.000217529777915841,0.117780649078679,0.613384239574983,41.1357677779419,100.003567275988,44.1617448451253,75.2423176700261
"United States","31-33","Manufacturing",1966,195037.964192789,72452.3643952049,152.769878690726,72619.5307711977,122355.593551563,3454.60861158717,27.6309416960728,20.7370738458018,0.0463602922050671,24.0098447672428,123.750420887157,202.017099407901,194807.957946768,41.0493124312439,12.7385146481228,124.096475670304,10.2650092029738,0.000229486970860121,0.118850556896491,0.61257399126045,41.2771347203925,100.00757096708,44.3121098329826,75.1801799376773
"United States","31-33","Manufacturing",1967,198930.306004102,70521.655884035,162.707028190692,70668.322616205,128278.623516518,3430.50277606859,27.8130948814023,22.3585750175101,0.0519589383269095,25.8846127065468,123.579950131289,200.602070914747,198800.279400553,40.2402912557773,12.9129402270094,115.855440210648,11.145734894737,0.000259014964750744,0.129034623563519,0.616045236062435,42.5302794154499,100.017271389845,45.6586962645324,75.4511371076887
"United States","31-33","Manufacturing",1968,216872.138870991,77339.2646695229,178.113028051965,77500.4808362819,139376.96789149,3474.53414744782,29.6099122594645,23.5173191870389,0.0564513835555019,27.2237771551924,124.234125403989,203.16098162011,216716.232561013,41.9338003293034,13.5740065193244,117.262876225431,11.5757066142818,0.000277865282522903,0.134001012094429,0.611505833518242,43.1069407874782,100.023034209758,46.2776679859181,75.0925111239828
"United States","31-33","Manufacturing",1969,229367.255898599,76741.9033722269,199.751071839968,76875.5142530955,152616.960667436,3536.51561015242,30.7712272725702,24.8173764958346,0.0598630972275714,28.7283372550174,126.445305446578,206.753257988103,229358.864039662,42.2843811908183,13.8612913352721,115.478247427595,12.00337868304,0.000289538833922589,0.138949864851322,0.611575878789072,43.6510343329942,100.026518229558,46.8626876000259,75.098138715945
"United States","31-33","Manufacturing",1970,227252.045585335,74428.920962151,202.56753229246,74548.3830117995,152864.524144564,3326.64787912625,30.1133162085769,26.0073269516009,0.0633884489332948,30.104856824967,119.255746547942,194.10550738887,227293.445106715,42.370964542766,14.4488060734653,107.838565619322,13.3985517986864,0.000326566977856546,0.155095325371964,0.614386207543432,45.2691600501716,100.037124815634,48.6023178866738,75.3288218799333
"United States","31-33","Manufacturing",1971,241402.073198204,82381.2805659898,223.358358678796,82514.4830043808,158962.01278335,3206.27365510854,31.5021989684076,26.9769708219027,0.0665594218500258,31.2260898285001,115.389224865806,186.950225355875,241343.29334934,44.7570989200984,15.6937276909549,108.757426764745,14.4300285118939,0.00035602750263245,0.167028896429831,0.61721896641822,46.4059076970389,100.044973701743,49.8241235922299,75.5598195879724
"United States","31-33","Manufacturing",1972,266250.373290181,90424.827502719,299.721135740737,90508.5486181278,175774.225521983,3337.84110163083,34.5433039028296,27.9366057794382,0.0691232604585665,32.3365126269145,119.73097088329,194.468763132347,266199.053024702,47.3300319193247,16.5434185259056,115.159950500555,14.3656005877025,0.000355446598955968,0.166281268549581,0.615682276961911,46.3352500373016,100.044806133319,49.747974290271,75.435704160957
"United States","31-33","Manufacturing",1973,294884.564721043,95307.7920534209,427.384393241064,95268.3465106995,199669.883463534,3530.25897182404,37.3116122395084,29.5180895194773,0.090494044497292,34.1300768945545,126.175793900997,205.369179520411,294977.675516955,48.4694318035104,16.9207645684439,117.724540878108,14.3731837408172,0.000440640824044866,0.166188894430298,0.614385246099972,46.3433541820538,100.072482783614,49.7388114999161,75.3294143131518
"United States","31-33","Manufacturing",1974,309775.803030825,98833.9861510929,524.634151869932,98699.8024706664,211079.479420618,3454.16812697243,34.747007535778,31.3465080686127,0.117253321000135,36.2002627855323,123.84915142156,200.89310795743,309913.465571711,44.8385043896071,16.1088154587969,103.237974575891,15.6035756464354,0.000583660246945761,0.180196638668178,0.616492784052124,47.5814949359373,100.116679560027,51.0466288692802,75.5047728698474
"United States","31-33","Manufacturing",1975,328787.068884615,114784.532621281,652.206121808976,114579.55247872,213842.514453682,3111.47389258267,32.5373237377754,32.6854809157488,0.151230720360161,37.6945581471069,113.054759853092,179.915364737223,328627.047074963,43.9965871685579,16.8432079418813,92.7124770787252,18.1671426248046,0.000840565899310721,0.209512723953076,0.628377459691755,50.0621325213271,100.183849540191,53.678910355571,76.470948233168
"United States","31-33","Manufacturing",1976,377489.145673377,132877.188849724,819.86699098708,132565.6101746,244394.471263486,3276.63818535696,35.9051627198065,33.7494671601411,0.187831664412277,38.8713849737674,118.036493393984,189.221199701742,377271.660113209,46.6826599834743,17.6725143549825,99.0834715146382,17.8359862496054,0.000992656555969124,0.205428276720779,0.623801633115306,49.7401472550679,100.218493040668,53.3102786606893,76.10894154642
"United States","31-33","Manufacturing",1977,428847.55601025,148313.826100444,982.041866802749,147889.38976693,280368.465765045,3413.28877781006,38.2704782789235,35.0731630130986,0.245405775758229,40.3253698467094,122.751102669498,196.95270603748,428682.291865488,47.8584456485284,18.0972744696758,101.624914108103,17.8079112080969,0.00124601372936469,0.204746462529108,0.623251668581485,49.7128014052887,100.269354460891,53.2486057378096,76.0652586837652
"United States","31-33","Manufacturing",1978,478599.352735465,163787.328583001,1430.64952420444,162922.127425342,314681.24457015,3562.32405526679,40.3710258980515,36.5875520425373,0.318340606760084,41.9756383989139,127.807685358668,205.370293073525,478468.573153151,48.4560891959298,18.3081051628076,102.765577717125,17.8154062571448,0.00155008108522353,0.204390020439257,0.622328007843431,49.7200010726772,100.327182693897,53.2168148411334,75.9913060897056
"United States","31-33","Manufacturing",1979,531831.488517591,179286.626410898,2034.43337319765,177803.042812161,352483.716331389,3620.31825278565,40.9111089625928,38.3418535345864,0.444244977913882,43.8232304295034,129.876144659072,208.687752842402,531770.342742288,47.8196157829116,18.2580976231412,99.3755129942662,18.3728335814424,0.00212875442791015,0.209994260959808,0.622346749582149,50.2431544321854,100.435704338141,53.7047827685728,75.9928171150038
"United States","31-33","Manufacturing",1980,546231.871871173,175796.208182538,2978.98270348226,173214.250809192,370631.300104941,3417.37729462764,37.9024262226346,40.0207096528801,0.61216304047018,45.4842810304897,122.65647749113,196.634560987674,546427.508287479,45.3896262455562,17.9522295855854,88.2050521824638,20.3528359673195,0.00311320165384637,0.231313767030715,0.623778835597566,51.9660704711753,100.612954841254,55.4229291478722,76.1100328028165
"United States","31-33","Manufacturing",1981,611183.416145708,202427.561898717,4307.71490678444,198449.433434927,408797.372210705,3403.54222728103,39.2423290637991,41.6613159915776,0.927105529340866,46.9140246092488,122.843952364832,195.836895105054,611224.934109422,46.3341951694569,18.6625719773197,87.7269491787477,21.2734765679516,0.0047340697923317,0.239556619727261,0.627276858627349,52.7220346168903,100.876852253819,56.0490566049348,76.3972472083579
"United States","31-33","Manufacturing",1982,588451.312019517,181875.65812479,5428.70622793427,176516.487229504,407018.934902383,3090.06422825104,36.5710828229638,43.1731195289111,1.18443793080757,48.2537273841432,112.660414665389,176.913968392649,588894.593027173,45.2779019481263,19.252491068677,78.8924829516388,24.4034543575955,0.00669499385248534,0.27275250124426,0.636809041643035,55.0895266960652,101.161596754303,58.3666215772966,77.184766526149
"United States","31-33","Manufacturing",1983,640086.69071521,209366.216659357,4375.88950936255,205342.767889126,430845.532769932,3125.24288431476,40.4309988175506,43.6001267297643,1.30930328133349,48.6241900381632,113.856898895541,178.917256683417,640211.749429289,49.5421296115839,21.0461894448598,86.3650351856248,24.3688772888531,0.00731792620568859,0.271769145914196,0.636366223169876,55.0646980223179,101.233863747246,58.301256216388,77.148154630777
"United States","31-33","Manufacturing",1984,711743.629100246,233843.152322653,5313.54884694744,228861.29485246,478007.373140931,3340.33459489699,43.6509749527868,44.9656776559341,1.76259890875992,49.7898505791966,121.99538562697,190.827137501936,711850.525463585,50.5484575641061,21.3041910456944,90.4115762504854,23.5635655623026,0.00923662604718385,0.26091598517371,0.639297886160099,54.4615144421715,101.402539773423,57.5432288392277,77.3868957665032
"United States","31-33","Manufacturing",1985,738376.945910453,240537.104887072,6594.32775412592,234119.849686285,498014.429186805,3298.80774570262,45.0914035936915,46.6151927231961,2.35756206404508,51.1941220646194,121.493863211323,188.439086028153,738551.534073876,51.7480227590507,22.2860961811646,90.090190561937,24.7375391728613,0.012511003495808,0.271674646399904,0.644738126108145,55.3345602839641,101.655052075616,58.2903370085482,77.8294169213393
"United States","31-33","Manufacturing",1986,759400.914215168,247905.222045989,7675.02720944434,240284.924602456,511659.162134986,3224.86899949699,46.0391537931865,47.4687297185631,2.9739870888892,51.7244957991012,118.117960767843,184.166427193323,759564.384180975,53.5311333858141,23.2824192419247,90.3297811764608,25.7749093805975,0.0161483671818607,0.280857355965346,0.641365326829368,56.0806582653096,101.902245906001,58.9071843958553,77.5547788889534
"United States","31-33","Manufacturing",1987,801576,272447.143530286,8848.49360358113,263598.649926704,528967.743593551,3245.33231751561,48.6982246313184,48.6712225079222,3.46416785285714,52.7753526386744,119.336065123932,185.331652402867,801414.887123836,55.770075311119,24.4722987788242,93.1863088098496,26.2616891809299,0.0186917226924997,0.284761679693836,0.64390547203736,56.4313268571788,102.059949174854,59.170151130375,77.7594667068784
"United States","31-33","Manufacturing",1988,883788,314754.499443006,9968.32422398392,304786.175219022,568849.778881446,3308.49722401658,51.8907258118531,49.6125829954126,3.91105534882125,53.6163939924113,123.680057863518,188.904725241722,883604.278324452,57.671205135978,25.5833940074022,97.4112558534979,26.2632832142914,0.0207038513399634,0.283827701630035,0.654721885359176,56.4325191265502,102.176477861735,59.1046927856621,78.6085336601125
"United States","31-33","Manufacturing",1989,938166,347836.303894352,12691.8511292835,335144.452765069,590193.616522173,3302.68474964466,52.0810638016769,50.8234203903856,4.36411772094013,54.7481379815346,123.851705442483,188.572544775153,938029.920416526,57.3269724450219,25.7224670827458,95.4392883916577,26.9516543094785,0.0231429115311763,0.290329316215223,0.656785459358148,56.9657808247868,102.317745314847,59.5765738703724,78.7661392936588
"United States","31-33","Manufacturing",1990,954525,353072.958683782,12784.5043874937,340288.454296289,601273.915373534,3213.66356498604,51.7214166139183,52.2679500039314,4.95125645387237,56.0965431756898,122.164070453555,183.419478537586,954346.874057316,56.8319923526798,26.2625076851016,92.1607880991769,28.4964009388025,0.0269941692853398,0.305837436803062,0.666036516010056,58.1539441750762,102.530010773455,60.6934699340946,79.4628497497783
"United States","31-33","Manufacturing",1991,952385,344768.160837934,12717.1258651002,332051.034972834,607422.82542644,3092.43057550208,50.8841389018553,53.7026737761244,5.51859912955246,57.4567170039944,118.500152028093,176.366095824929,952190.986264374,56.4396672740431,26.8706742362927,88.2465541100375,30.4495450358172,0.0312905896325478,0.325780965639956,0.671898708614174,59.5822921713525,102.732766004817,62.0607192336578,79.9055439410904
"United States","31-33","Manufacturing",1992,1004719,365221.493541924,13544.9021165206,351676.591425403,639291.393574768,3100.71729818234,53.6671789404218,55.1046684834501,6.26502198039611,58.7275152321956,119.151354930765,176.838106231921,1004512.88711669,58.766970238432,28.2646848184754,90.7050795168556,31.1610826747834,0.0354280087809786,0.332097625809085,0.67378777951003,60.0837481504349,102.904117839657,62.4785447609876,80.048616244671
"United States","31-33","Manufacturing",1993,1046016,386913.024504019,14543.3535496726,372369.670954346,658875.839289763,3137.64283609878,56.0583361228047,56.4990037246616,7.18155211010689,59.9514994646587,123.320001491778,178.931980306256,1045788.86379378,59.5151365984097,29.1785341478295,92.4082294078739,31.5756879390476,0.0401356543297352,0.335051897162525,0.689200450812126,60.3757332414776,103.080096314522,62.674224015448,81.2032885303049
"United States","31-33","Manufacturing",1994,1126122,436225.648339404,16228.0355595696,419997.612779834,689716.729461902,3188.11279768556,60.2498044946553,58.0155164162242,8.08600876706019,61.3415219396028,126.89379640895,181.78832562302,1125942.37780131,62.2125725266717,30.8674595684217,96.721431399866,31.9137745602723,0.0444803522962658,0.337433780356219,0.698030503191351,60.6197370258737,103.230225322947,62.836280711749,81.8481146279728
"United States","31-33","Manufacturing",1995,1192950,480498.046858419,17082.1460332566,463415.900825163,712295.700934529,3142.2240541697,63.0904449120622,60.1453869539571,9.38593820584712,63.3284888579584,128.689783562829,179.151910359626,1192793.74779295,63.6805988527225,32.7984546699873,97.695037118474,33.5722833394422,0.0523909468060149,0.353490446910859,0.71832772145438,61.8454908444858,103.473275218902,63.9584309274967,83.2795179067891
"United States","31-33","Manufacturing",1996,1226194,495056.739162294,17827.663299674,477229.07586262,730990.783558642,3080.20080691317,65.6146701615015,62.7929574193046,11.2871188691872,65.7675293498049,129.996421146114,175.578290201492,1226047.52272094,64.6965730574818,34.8049785159066,97.3198089320094,35.7635088866876,0.0642853900458548,0.374576659075168,0.740390061874572,63.4428353620539,103.77923672478,65.4158721853043,84.7964183907142
"United States","31-33","Manufacturing",1997,1305815,547141,19658,527483,758680,3083.909,70.588393681473,65.7062767616691,13.5425309630108,68.4682919218338,132.813904365902,175.789173530747,1305821,67.4574120989403,37.3983472973682,100.05474190337,37.3778859311701,0.0770384813296942,0.389490948427824,0.755529488524913,64.6057046881523,104.057523033079,66.436700552007,85.8127591830338
"United States","31-33","Manufacturing",1998,1349532,548210,18227,529983,801320,2987.335,73.7655173710417,68.9901521838977,17.1656122060706,71.4266721908339,130.938241342725,170.193355219372,1349530,69.6688850295125,40.3665867086174,99.5812389626355,40.5363370943432,0.100859473532,0.419679558574821,0.769349903079068,66.8047127454482,104.458645593973,68.4419160926677,86.7313421502479
"United States","31-33","Manufacturing",1999,1401273,566444,18451,547993,834826,2938.884,78.0738546726411,71.7110147294128,21.5795468350206,73.7689922653352,130.815609943828,167.408104455278,1401270,72.6316257727376,43.4350552717272,101.398373700152,42.8360472527601,0.128903835959659,0.44065364998528,0.78141742521656,68.3153630259757,104.800996248624,69.7625383244382,87.5379219109758
"United States","31-33","Manufacturing",2000,1462876,580330,18383,561947,882541,2849.549,84.1612652223854,74.3047895988818,25.7739806049509,76.082581987729,130.275418719621,162.238199009489,1462871,77.3802558019168,48.3137084963667,105.488880275868,45.7998116673718,0.158865056209379,0.468956031638881,0.802988565670664,70.1703740510555,105.08318809348,71.4662610776175,88.9787749177393
"United States","31-33","Manufacturing",2001,1380877,534472,15018,519454,846404,2633.987,80.9549953539159,76.3631001439601,30.0998110673571,77.9015590252572,121.371348275031,149.479200217291,1380876,76.8791688098823,50.4398890028626,98.7350468090338,51.0861043094655,0.201364544522598,0.521153169885946,0.811961450814557,73.2393027842419,105.375579511329,74.391782224752,89.5821005393334
"United States","31-33","Manufacturing",2002,1379173,568663,14305,554358,810506,2435.478,82.2525537967374,77.574263336207,33.921307530178,78.924831097291,113.819030269157,137.768378441539,1379169,80.6737774651795,55.6046459354655,98.7513329149402,56.3077421783874,0.246219835886159,0.572880598509635,0.826162226460808,76.1442548463219,105.600961352056,77.1818168685521,90.5193748434976
"United States","31-33","Manufacturing",2003,1434432,622597,15297,607300,811839,2295.105,88.0716292167851,78.24761299471,36.9702232415176,79.4541421259009,107.554445820042,129.58891335738,1434436,88.9227037871525,63.2964593989597,104.827726737623,60.3814099273437,0.285288473247408,0.613124534093301,0.829966414823064,78.4285795063423,105.764671671115,79.3747087215961,90.7595657088475
"United States","31-33","Manufacturing",2004,1514467,680164,14880,665284,834298,2248.548,94.4903651930795,78.5941909278679,39.6794045317203,79.6874314168426,108.73280330466,126.931148076442,1514462,94.6398468990484,69.3314933663302,111.971711228878,61.9187584126601,0.312605732580502,0.62780044634003,0.856628218939433,79.3041464173021,105.86379785916,80.1886980030147,92.3763143620421
"United States","31-33","Manufacturing",2005,1584494,728629,15390,713239,855864,2207.109,96.6835548376592,79.470645106239,43.1149145013334,80.4509892405852,107.508763447504,124.569698390929,1584493,96.9465501923243,72.2855404881959,113.307095526936,63.7961286996469,0.346110772188182,0.645831131324658,0.863041051204255,80.3880446925769,105.969147635361,81.2048458131468,92.7529236599724
"United States","31-33","Manufacturing",2006,1678366,799028,15698,783330,879340,2193.345,102.064347888545,80.5611199624459,47.7523539588232,81.409799778232,108.470000451524,123.790230398961,1678368,101.210908124902,76.7889854014291,117.993967802043,65.078738203174,0.385752201970406,0.657643171968077,0.87624039556222,81.1403550584402,106.078747182654,81.8823687221798,93.5049718838179
"United States","31-33","Manufacturing",2007,1712939,818305,15440,802865,894628,2127.51,105.541765569914,82.2584355825543,54.2197763658445,82.9553152514045,107.05359579922,120.016990537427,1712933,104.338692641371,81.9016890135411,119.496488909912,68.5389920328842,0.451767504942863,0.691196428771768,0.891987003838726,83.1699489945723,106.232750842994,83.8104659925653,94.3802301803142
"United States","31-33","Manufacturing",2008,1665831,786428,15802,770626,879404,2006.879,103.084694738653,84.8993062501241,62.8882640782867,85.4131384220799,103.394697360338,113.00913913795,1665832,102.241734953735,84.955569998292,113.084031596157,75.1260534304999,0.556488303140858,0.755807353932822,0.914923325219959,86.8746070943884,106.437807489821,87.371592253554,95.646876972476
"United States","31-33","Manufacturing",2009,1552772,778712,15524,763188,774056,1719.626,93.4830126944312,85.9031541532771,70.0828411897116,86.2517881933778,90.2405766690446,95.5727247099391,1552768,98.857617248936,91.0982360915562,101.352583910997,89.8824998596526,0.733293326128468,0.902472838931295,0.94420847519962,94.7996575136544,106.724271194043,95.0855292490615,97.2059974653809
"United States","31-33","Manufacturing",2010,1640503,843874,18230,825644,796629,1713.057,99.3227726699505,86.3023569338163,74.3958337784772,86.5481072524493,90.6061012696769,95.2071502915096,1640503,104.577837894627,97.1606706886869,107.185839475689,90.6469279561166,0.781410151975862,0.909050496600858,0.951673282860111,95.208337047585,106.795887868849,95.4296090050803,97.5833820122722
"United States","31-33","Manufacturing",2011,1705769,878789,16877,861912,826981,1727.7,99.8552613372098,87.4046176212598,80.0623564789313,87.549281449388,92.6865101570027,96.017889327504,1705770,103.30960062292,96.8567813936762,106.401514812121,91.0295135973407,0.833827498601323,0.911801770092751,0.965304599030099,95.4149887804857,106.868740907449,95.5751493740802,98.25909207553
"United States","31-33","Manufacturing",2012,1764145,902782,16525,886257,861365,1767.581,100,88.8517094026333,85.5266816061168,88.9165256597919,95.1643707525801,98.2097626194691,1764147,101.282250719901,94.8323634145274,104.820311980491,90.4713615355175,0.87085722768219,0.905373593094962,0.968990945648765,95.1141424053951,106.913470986164,95.235070639422,98.4414798995395
"United States","31-33","Manufacturing",2013,1803754,931383,16954,914429,872376,1768.31,103.360445660602,90.783059040126,90.4758547494239,90.7907993472419,96.1303822498783,98.25022293106,1803759,103.028051375199,97.9787883006022,106.037821316358,92.3998504347685,0.920871750213827,0.924077285920743,0.978424062379287,96.1510088834076,106.969506541273,96.2229276288756,98.9060215408585
"United States","31-33","Manufacturing",2014,1837833,925509,16856,908653,912320,1788.084,104.321566776062,93.0918289495717,93.8469324063953,93.0799680348621,97.6144759097706,99.3429019647314,1837829,101.894946360657,97.8021707541651,104.369541030632,93.7075796141139,0.944676776602648,0.936956402460512,0.982601413681529,96.8425993882489,106.994859654394,96.8920712189496,99.1127237295563
"United States","31-33","Manufacturing",2015,1890551,944861,16592,928269,945695,1802.389,104.941448756123,95.3464535428235,96.7106418352477,95.3238861845474,98.806747340989,100.134586264248,1890556,100.666344631441,97.6054758923138,102.507052778971,95.218302786223,0.965806575362833,0.95195765759689,0.986739457635996,97.622739582379,107.016101417968,97.6533338793244,99.3204990994676
"United States","31-33","Manufacturing",2016,1858667,906962,16558,890404,951708,1794.806,104.218679152228,97.7507857940571,99.4551701322632,97.7222175280614,98.8357037291554,99.7121997835996,1858670,98.736296036497,97.3438463952379,99.2970949606024,98.0329247636706,0.997422284816761,0.980042740408325,0.991209741071339,99.0373962070949,107.046585986848,99.0402480611888,99.5479813487064
"United States","31-33","Manufacturing",2017,1927409,936315,15549,920766,991095,1800,107.371436748112,100,100,100,100,100,1927410,100,100,100,100,1,1,1,100,107.048931153476,100,100
"United States","31-33","Manufacturing",2018,2071698,1038363,14832,1023531,1033337,1818.597,112.475540328759,102.227951005588,100.756749822767,102.249381268418,101.745247764352,101.027877537799,2071700,102.716635925776,103.687903771528,102.470691639006,101.187863683804,0.997316307917777,1.01209075910916,1.00710071560481,100.584459018714,107.0467410326,100.585660412958,100.359022524706
"United States","31-33","Manufacturing",2019,2073690,1016015,13901,1002114,1057680,1847.112,112.953791859624,104.72967195621,102.814935008866,104.757384282001,103.965148488318,102.599795983546,2073695,100.82114450306,102.533445872976,100.448234311819,102.075906635337,1.00209687576138,1.02102916753169,1.01330755574788,101.020969938612,107.050289250901,101.01877132951,100.670539472706
"United States","31-33","Manufacturing",2020,1978267,952451,12956,939495,1025815,1689.587,108.978547937907,106.789916762495,104.944401716163,106.816605063523,98.363115063938,93.4550742862045,1978266,99.1411879008148,108.6048863372,95.0434088553608,114.268719572629,1.12293957837722,1.14297276931586,1.05251764888338,106.711963868928,107.131082982638,106.629135082166,102.655479199558
"United States","31-33","Manufacturing",2021,2226065,1134805,13775,1121030,1091263,1752.89,116.770573661541,108.604775831894,106.875380018336,108.630258332195,101.420032367907,96.8926263148897,2226068,103.732602463566,112.241618758077,100.137265051202,112.087761434953,1.10302903412901,1.12114061166182,1.04672601234178,105.697617275367,107.118877898726,105.627749154307,102.37017615707
"United States","31-33","Manufacturing",2022,2493862,1299697,14205,1285492,1194165,1812.255,117.612389985509,110.512070040144,108.501145956281,110.540878104318,104.725460509736,100.119937926566,2493862,101.95036309703,109.406654754145,99.1184716634051,110.379682937079,1.08371167824597,1.10408456490849,1.04600005432033,104.864262201563,107.107632664912,104.805897862581,102.335768825356
"United States","31-33","Manufacturing",2023,2621365,1375199,13673,1361526,1246165,1762.67,117.093726350723,112.906503790016,109.274955684405,112.952255811259,103.184470826773,97.3412558007041,2621364,101.081876958175,112.033503601803,96.5886070888729,115.990391598378,1.12259652688408,1.16037393273944,1.06002814508611,107.618448163661,107.128235387646,107.537498494315,102.988301291971
"United States","41","Wholesale trade",1963,30827.9823910885,8295.97006793144,0.191450881191525,8425.65067349483,21508.9894743434,52.6879991552086,8.78967525894971,9.74805531243647,0.00373820784319815,16.0763649654332,43.4153590142565,52.6879991552086,29804.9595422749,28.7622904429565,15.147751415666,81.8732237571229,18.5014718128137,7.09498918754936e-05,0.305123846477361,0.824008497387865,60.2996823204358,100,70.8564358796114,87.3392941635014
"United States","41","Wholesale trade",1964,33259.3502519615,9023.71853019551,0.187057881091782,9164.79982009351,23042.3252750487,53.9417075114144,9.26696356798013,10.2848235667206,0.00373820784319815,16.9616189820093,44.5108557298522,53.9417075114144,32066.0438052442,29.341297884712,15.5991096787441,81.8140054878541,19.0665517300212,6.93008808148523e-05,0.314443493996184,0.825165864844628,60.8095587344597,99.9999855880869,71.465011035095,87.4276166154986
"United States","41","Wholesale trade",1965,35934.1640366028,9716.51684819491,0.188656585805659,9868.44456634043,24968.5211187528,56.0133780116671,9.69164360093973,10.8069312612288,0.00373820784319815,17.8226936337142,45.9793019164314,56.0133780116672,34685.0379669477,29.5639589802895,15.7105980083353,81.429560691975,19.2934824587401,6.67377682956295e-05,0.318186373798094,0.820862864347411,61.0119064114148,99.9999643467027,71.7065631414112,87.0994735244068
"United States","41","Wholesale trade",1966,39402.688817149,10669.267200594,0.201898449893096,10836.0982759816,27345.588679598,57.8038867421469,10.2758789425331,11.3891538245189,0.0032041781513127,18.7829752182282,48.1382557140841,57.8038867421469,38014.855880192,29.8850449851288,16.1416893029713,81.9246446814319,19.703093453428,5.5431880655465e-05,0.324943118479486,0.832785793952239,61.3723692489083,99.9998645764848,72.1369483053406,88.0080058376902
"United States","41","Wholesale trade",1967,41686.4434353561,11252.9949329646,0.190964079731586,11428.9791458076,29007.4494036715,58.3789199429252,10.8893317787511,12.1952989845157,0.0032041781513127,20.1124969223852,49.0465004791412,58.3789199429252,40260.4443366361,30.6530274770515,16.9368335754411,81.0766552458235,20.889901691293,5.48858758340391e-05,0.344516427197496,0.840140594020788,62.3860580279981,99.9998596002132,73.3472528720057,88.5668708137401
"United States","41","Wholesale trade",1968,45757.7866938047,12321.6577002778,0.159623338120256,12514.4122672796,31907.9032165344,59.4874387105793,11.7943613662965,13.1220491242093,0.0032041781513127,21.6409212159875,49.9341153393115,59.4874387105793,44229.5609168122,32.1110586532841,18.0026403506579,81.6130891106458,22.0585209392713,5.38631048968472e-05,0.363789762764468,0.839406039689371,63.3408894006658,99.9998517448575,74.4875686569132,88.5110360545132
"United States","41","Wholesale trade",1969,49381.6531590411,12876.4414189208,0.139846390349873,13077.9062056112,35369.557105916,61.3989337146607,12.4166244835383,13.9684608093796,0.00267014845942725,23.0369028784283,51.2232208615671,61.3989337146607,48245.9985248368,32.6234067503604,18.3624135321589,80.7127303922531,22.7503312586751,4.34885151562442e-05,0.375200373763618,0.834268899515695,63.8766211565061,99.9997821304663,75.127546243524,88.1167594500724
"United States","41","Wholesale trade",1970,52378.7429760994,13284.747811123,0.136008948978423,13492.6106006076,38344.6425660737,62.0081622800688,13.3994913285242,14.8254100791503,0.00267014845942725,24.4502084350043,52.3791140609884,62.0081622800688,51629.3903771967,34.0945888437435,19.6212421417717,82.0670160466301,23.9088041541841,4.30612416373048e-05,0.394306290268231,0.844713214115435,64.7135879399875,99.9997793989808,76.1274510955735,88.9294406255903
"United States","41","Wholesale trade",1971,56845.0096219943,14735.002545596,51.8949930507341,14905.2457138879,40909.4914828475,62.1345924709631,15.2022899681361,15.3956236268551,0.0021361187675418,25.404068853326,52.6498878786381,62.1345924709631,55644.4940284435,38.1568534640608,22.215833076747,89.660007810193,24.7778620806917,3.43788972067381e-05,0.408855483605173,0.84735226843634,65.3195881577671,99.9892499645965,76.8608314417761,89.1346598635016
"United States","41","Wholesale trade",1972,63202.4260312573,16998.0840358927,143.284372815822,17097.2434011372,44119.2006410314,63.8285172873937,17.4205814840697,16.1300433546322,0.00694238599451085,26.4086805391442,54.2991816687163,63.8285172873937,61117.284676924,42.2155920649745,24.7819192234406,98.0650283939825,25.2709040412222,0.000108766211241476,0.413744226898405,0.850704104941514,65.6698982065561,100.178125280947,77.1113832080474,89.3913939084965
"United States","41","Wholesale trade",1973,71050.6589070252,19356.7432145012,210.288105301988,19414.7385477043,49047.4502076165,66.2870383772545,18.4243985060166,17.0795497268204,0.0117486532214799,27.8168539576561,56.6806522205594,66.2870383772545,68404.1934221177,42.6012934220145,25.2378147733922,97.9498887968243,25.7660473977082,0.000177239072812631,0.419642431441032,0.855078965784788,66.0283640830087,100.310743807271,77.4195687415237,89.7218926597063
"United States","41","Wholesale trade",1974,80735.9424519905,23133.5482757374,290.324855798405,23157.3949568977,53206.8076098599,66.2709749576009,19.1164139380202,18.0664140408939,0.0186910392159908,29.2610475889548,56.3323912499081,66.2709749576009,76340.3558855973,43.6697079645799,26.1920874411068,96.0774599191569,27.2614278761592,0.000282039599205368,0.441536398214686,0.850031122764507,67.1288744116144,100.471108436693,78.5841880628121,89.347099638106
"United States","41","Wholesale trade",1975,88288.9488424266,25786.2888073248,280.646680536806,25862.9544245192,57099.9199959076,64.8929135679728,20.2197208363436,18.997151649361,0.0256334252105016,30.6573173639366,55.5949335930709,64.8929135679728,82886.2088032324,45.900295639258,28.2920832569388,96.6437362472801,29.2746166027238,0.000395011162253512,0.472429355970036,0.856718099655634,68.61370308584,100.592838568783,80.236512921328,89.833554865118
"United States","41","Wholesale trade",1976,94694.2815922409,27197.9713090052,342.234195544304,27224.9574854081,62261.6247447475,66.8727906248514,20.5081444560545,19.7574648394175,0.0363140190482106,31.7500843855341,57.3320251659797,66.8727906248514,89459.5960537528,45.0269558103884,27.8460736111097,94.2501816632283,29.5448487416273,0.000543031309279854,0.474783302578897,0.857329634822713,68.8078857678927,100.70833919433,80.3595077039207,89.8779518487204
"United States","41","Wholesale trade",1977,104114.47957577,29712.5774897711,303.410990959401,29824.1901442344,68879.5179869662,69.521169051487,22.4115373494008,20.8575817705741,0.0518008801128887,33.3845140460438,59.0818416786955,69.521169051487,98592.0954767373,47.4012803967746,29.2712741927045,97.5651551501711,30.0017707629845,0.000745109451115893,0.480206453682035,0.849839588211467,69.1282757606726,100.818365956308,80.636909218225,89.3296907229115
"United States","41","Wholesale trade",1978,118272.985364452,33606.7104819029,556.421263471174,33484.3991199264,78571.5723867407,73.5717256219175,24.46444516543,22.0734792900026,0.0769002756315049,35.1446429650005,63.1184563287436,73.5717256219175,112178.282868644,48.5715599280767,30.1933620057999,100.635596043077,30.0026662463206,0.00104524224464562,0.4776922475029,0.857917301724131,69.1288957317817,100.955597723057,80.5098098240423,89.9227961893769
"United States","41","Wholesale trade",1979,135520.549430282,39556.1724753559,1140.85727714062,38845.8212448353,87701.7513087433,76.9369601135125,26.2854562413136,23.5882810385534,0.171957560787115,36.822062583061,65.8298432037118,76.9369601135126,127257.923784099,49.6675838504811,31.0218392188642,101.182701814033,30.6592319266986,0.00223504490602968,0.478600435067019,0.855633535645114,69.5871445550325,101.491231883831,80.5559853637805,89.7564139867975
"United States","41","Wholesale trade",1980,144747.536363201,40624.1856289927,1891.09845073414,39056.1002517594,97280.5822054097,76.7878282205687,24.9618047457759,25.0092940167552,0.295852449304539,38.1950822528289,66.1821418706323,76.7878282205687,137904.767834402,46.1664876692528,29.5168931328621,90.6278329157394,32.5693467263034,0.00385285606013912,0.497410633142478,0.861883235980159,70.8719576700683,102.119847525635,81.474899564176,90.2130526440551
"United States","41","Wholesale trade",1981,160118.63470551,45145.4090520424,1983.30187098028,43540.6505228116,107150.994072722,78.6252895600831,27.3989007077613,26.6282799536063,0.463537772556571,39.8163797736731,68.5930120210826,78.6252895600831,152296.403124764,48.5050253404053,31.6415628715156,93.4280038831256,33.8673219553077,0.00589553024415063,0.506406780775626,0.872403935233407,71.6951382041314,102.702197746399,81.8915171297413,90.987448043442
"United States","41","Wholesale trade",1982,160647.260139979,42044.5703246164,2353.11045981544,39960.2194237371,114718.859089053,76.5111929407713,28.4535609166519,28.2046638088679,0.707589341748222,41.2466966377398,68.1007172200535,76.5111929407713,156763.42941367,49.8176907398591,33.7674836135679,91.6015333985194,36.8634479803519,0.00924818075044235,0.539093628688676,0.890075224323995,73.4316447321665,103.35237330681,83.2883530960893,92.3064076981166
"United States","41","Wholesale trade",1983,173015.858755812,46081.9077853172,2719.91053469106,43633.2453999993,121774.975130599,75.9323039963841,30.949672992953,29.7962238533811,1.04135789917663,42.5656075798182,67.5758123796947,75.9323039963841,167856.882915916,53.6885969420173,37.0097824950014,94.3152417258946,39.240510672243,0.013714293447835,0.560573107090826,0.889948135682972,74.687481387024,103.98988721636,84.1302705190838,92.2968042131653
"United States","41","Wholesale trade",1984,194320.854884447,52494.8527434351,3920.86903122239,48746.8085623734,135130.962014429,79.3638260569678,34.3283443397415,31.7765476469585,1.5561625221542,44.1398831383344,69.9922376217323,79.3638260569678,187625.814757865,57.0300794043241,39.2751006871678,98.0919102331945,40.0390823196315,0.0196079574217753,0.556171310423599,0.881916120972942,75.105682564554,104.681814000786,83.9580908289522,91.6939186996906
"United States","41","Wholesale trade",1985,209792.422973073,57730.1807256139,4583.09092523377,53292.249491031,143546.327025286,82.0738616932214,36.5812211657513,34.5144212226511,2.14893548014705,46.8395050018146,71.6470130750317,82.0738616932214,201276.5077509,58.3804303154636,40.4706683776606,96.2375703081601,42.0528783593251,0.026182945895484,0.570699416787441,0.872957743146489,76.157105776108,105.344835753728,84.5278649802525,91.0254121477112
"United States","41","Wholesale trade",1986,216959.00726229,57625.6435582229,4928.8406095801,52783.0803236566,153059.627122429,81.4299141710348,41.0480918904964,35.8460002595972,2.68243114234062,47.720532583008,71.5034956610525,81.4299141710348,210685.270680652,64.9116903907159,45.7715945912705,103.977486805956,44.0206779345322,0.0329415936348215,0.586031964650928,0.878098624921391,77.1391489572442,105.904679610196,85.1072308891771,91.4109622363079
"United States","41","Wholesale trade",1987,221465.461806712,53562.9689881457,5065.7101630333,48497.2588251124,167914.154531686,83.3591429865744,38.781630278546,36.8041372197283,3.09096385663299,48.3488499070514,73.4893571148484,83.3591429865744,221477.123519832,59.6860076706704,42.2434973676206,95.6789644679645,44.1512903097574,0.0370800819908958,0.580006561665806,0.881599240129956,77.1980611328055,106.195011087972,84.9009995979592,91.6813380886825
"United States","41","Wholesale trade",1988,242309.411152883,57816.3104619128,5227.03216940471,52589.2782925081,184505.607620108,87.3695352524504,40.8155508698911,38.8746434222704,3.46717659478209,50.7568455183856,77.428167327466,87.3695352524504,242321.91808202,59.5846648556723,42.4182436755347,95.3336650808619,44.4945063630519,0.0396840452998157,0.580944437574562,0.88621470978117,77.3417948509125,106.355290669247,84.9309085796258,92.0457912284241
"United States","41","Wholesale trade",1989,260267.367512436,62515.8088859479,6773.53263789119,55742.2762480567,197754.282529235,90.1211420496664,44.2092045739199,39.2629548937279,3.90659307294023,50.6490543306531,80.7655310866155,90.1211420496664,260270.091415183,62.3517295520695,44.5423432360418,102.239040664807,43.5668634470808,0.043348241978417,0.562010791016608,0.896188499720799,76.9526825248187,106.579057929162,84.3263585797914,92.8326593634326
"United States","41","Wholesale trade",1990,267823.349150302,61894.749551102,6725.73352489225,55169.0160262098,205925.35395865,88.1438761222305,43.5340627543815,40.8102180000417,4.32193193585683,52.2467926607016,79.8643100601255,88.1438761222305,267820.103509752,61.3669153814486,44.846040016433,96.8606390629186,46.2995500032805,0.0490326966091614,0.592744441919597,0.906067597360665,78.063814673565,106.915379312007,85.2748639021509,93.6138348796183
"United States","41","Wholesale trade",1991,274448.333050627,63345.6808330145,6728.72096945468,56616.9598635598,211099.448428985,85.8015913021992,46.3626748046052,40.6592522521772,4.67632433519328,51.5389977491955,77.7839124695016,85.8015913021992,274445.129262,66.7514637252001,49.0636876790304,103.537134719183,47.3875270086455,0.0545016038073577,0.600676478920671,0.906555592839079,78.4837098246717,107.196296813047,85.5088636314902,93.6526068030045
"United States","41","Wholesale trade",1992,289204.297191488,65134.9520780898,6737.68330314198,58397.2687749478,224062.430823511,87.06904476567,50.4158531170659,41.792255673231,5.10219715477806,52.6062358729235,80.0047108095155,87.06904476567,289197.3829016,70.582921819265,52.5763443910541,109.536372460799,47.9989826300576,0.0585994387386432,0.604189881886304,0.918865149202373,78.7134842126326,107.382249361623,85.6107132518021,94.632784183116
"United States","41","Wholesale trade",1993,306311.25561909,77143.0662435488,7675.74089574614,69467.3253478027,229167.297032514,84.5822933654559,52.0739256135653,42.1576651065193,5.88396722465189,52.2700696338449,78.0210758975253,84.5822933654559,306310.363276063,74.1572643950531,55.9020723251154,112.158144175984,49.8421873291708,0.0695649998425669,0.61797886477257,0.922428002281973,79.4241907768102,107.828537524285,86.0258280681063,94.9120619449125
"United States","41","Wholesale trade",1994,334090.188112243,92150.5324615424,9640.48360297333,82510.0488585691,241943.547478332,88.1881792068199,55.0680132495251,43.8795857557582,7.14352747197507,53.4614509907259,81.4039750348553,88.1881792068199,334094.079939875,75.2099905436525,56.6990886188361,113.952520331738,49.7567657597866,0.081003231229233,0.606220147320963,0.923071275164281,79.388254893431,108.271933905094,85.6352434362661,94.9607833640591
"United States","41","Wholesale trade",1995,353156.141779202,96320.7410532551,11230.7999250422,85089.9411282129,256825.137103217,92.1090021929825,54.1281078397551,46.9023859229905,9.0057805258131,55.9834626029401,85.1008785508888,92.1090021929825,353145.878156472,70.2854333448667,53.3590162142304,104.788821395177,50.9205232999081,0.0977730765875046,0.607795777503335,0.923914889150459,79.8932864463977,108.891574341752,85.6894890104474,95.0237577157896
"United States","41","Wholesale trade",1996,381994.071698838,111873.018131227,13552.0443500531,98320.9737811743,270114.756844769,91.2971000123548,61.934804637148,49.8678860284441,11.5828377821344,58.014110320593,83.7813012373649,91.2971000123548,381987.774975997,79.9308909821648,61.5977480571558,112.771890143935,54.6215444101682,0.126869722921834,0.635443078835387,0.917677573833421,81.4944141802927,109.850048838838,86.6445550153148,94.5632389091309
"United States","41","Wholesale trade",1997,411498,128145,15942,112203,283353,93.545,69.8604962307226,53.3803605876178,14.968,60.4849726751028,87.094,93.545,411498,85.966126697918,67.8106851847641,118.83304038752,57.0638308702954,0.160008552033781,0.64658691191515,0.931038537602223,82.5786152522658,110.800149507598,87.0446993744169,95.5219494532756
"United States","41","Wholesale trade",1998,442008,134417,17273,117144,307592,96.731,77.2680864453196,58.12677252851,18.893,64.4699075451463,91.026,96.731,442009,89.8328458852106,72.5306426213149,120.701034759176,60.0911522971022,0.195314842191231,0.666486519783175,0.941022009490236,83.9028356163155,111.663087796734,87.7569594863479,96.2298321767668
"United States","41","Wholesale trade",1999,458636,138241,17699,120542,320396,96.702,79.1458097576095,62.3390238414663,23.305,67.7329389190362,90.196,96.702,458637,90.6645791854167,74.3155192053964,115.280267404829,64.4650822542101,0.240998117929309,0.700429555945443,0.93272114330624,85.7067616287,112.57821962068,88.9150501089449,95.6371840679537
"United States","41","Wholesale trade",2000,493899,148128,18615,129513,345772,99.588,83.3417455603303,66.4181919150708,28.22,70.8356319324202,92.178,99.588,493900,92.2559005011485,75.9875824339956,113.936425266037,66.6929669388589,0.283367473992851,0.711286821026832,0.925593444993373,86.5867745578809,113.275767443554,89.2748293498695,95.1254913773614
"United States","41","Wholesale trade",2001,486105,138800,17094,121706,347305,99.253,85.1893168449362,69.4826640763794,32.048,73.2443693676844,94.771,99.253,486105,91.2559113344071,77.9342820325134,111.32577308881,70.0056059528472,0.322892003264385,0.73795622669022,0.954842674780611,87.8242070212394,113.815843065193,90.1210325186873,97.2418684742346
"United States","41","Wholesale trade",2002,484217,138176,15163,123013,346041,96.64,85.4557148593256,70.0736932937127,34.405,73.2607985905557,92.527,96.64,484217,92.8973419708901,80.2918077500601,110.73200135809,72.5100303122027,0.356012003311258,0.758079455614194,0.957439983443709,88.709813703404,114.185861794521,90.7346112231233,97.4308027861508
"United States","41","Wholesale trade",2003,506873,152183,15347,136836,354691,95.716,90.4811949117361,71.322648656029,36.866,74.1163987615276,91.057,95.716,506874,98.9675230990658,85.8342925710452,115.190830718479,74.5148654937826,0.385160265786284,0.774336566107314,0.951324752392495,89.4210619168002,114.462927052833,91.2404356101691,96.9903011909048
"United States","41","Wholesale trade",2004,553359,181406,15488,165918,371953,95.865,94.2624902831503,73.9084780186997,39.74,76.4927990777066,92.348,95.865,553359,100.976913600514,89.2824045690188,115.806169244122,77.096414769415,0.414541282011162,0.797922068301326,0.963312992228655,90.3825857058449,114.708333287816,92.0237207694646,97.8270650783995
"United States","41","Wholesale trade",2005,600318,203760,16132,187628,396558,97.962,98.4114171769845,77.5023852447377,43.714,79.8690074993513,93.295,97.962,600318,103.061498082049,91.2168117693704,115.296855526879,79.1147437217877,0.446234254098528,0.815306011508047,0.952359078009841,91.1652022357636,114.940377566274,92.6330161351267,97.0843747307127
"United States","41","Wholesale trade",2006,647658,225639,15801,209838,422020,100.379,101.122615840476,85.4581856956365,48.511,88.0221866386482,96.279,100.379,647659,100.307514440621,91.4729060050217,107.443877460494,85.1355220670025,0.483278374958906,0.876898421369492,0.95915480329551,93.4939834547939,115.175595251229,94.8052284375077,97.5383362681724
"United States","41","Wholesale trade",2007,693645,247695,15723,231972,445949,101.923,104.476056132935,86.1158451774185,52.422,88.2574411851214,98.308,101.923,693644,101.9682864698,93.074694130714,110.159193471776,84.4910816767741,0.51432944477694,0.865922717984374,0.964532048703433,93.2437301239619,115.34449451472,94.4129266365526,97.8919225026828
"United States","41","Wholesale trade",2008,721008,268649,15669,252980,452358,101.886,104.120774965453,86.7586036963047,56.254,88.5530164010124,98.712,101.886,721007,101.08255468189,92.7918696478566,108.971237757993,85.1526251853098,0.552126886912824,0.869138217233108,0.968847535480832,93.5094364211016,115.526220350995,94.5329095351759,98.1698836802741
"United States","41","Wholesale trade",2009,684497,265235,14003,251232,419262,93.461,92.5693464527695,84.6264533952095,59.672,85.9516627708194,91.199,93.461,684497,95.2855175755433,89.9339813438059,99.322605322005,90.5473442347177,0.638469522046629,0.919652719003856,0.9757973914253,95.7181233795028,115.880849235576,96.4694697172082,98.6058649942888
"United States","41","Wholesale trade",2010,727916,300935,13829,287106,426980,92.606,96.5970538913457,83.969408035429,63.504,84.9747007451257,90.519,92.606,727915,100.190803367644,94.7134815674338,104.455144787171,90.673831107519,0.68574390428266,0.917593900450572,0.97746366326156,95.7716457775284,116.044258710626,96.3871888089995,98.7067815782489
"United States","41","Wholesale trade",2011,760534,309256,13395,295861,451278,95.188,97.0262532386674,85.6831352863865,69.145,86.4464413255963,93.286,95.188,760534,98.0484279348875,92.5537681452505,102.820794929639,90.014639751215,0.726404588813716,0.908165328881753,0.980018489725596,95.4855502264251,116.166685179802,95.998006587035,98.8589094085024
"United States","41","Wholesale trade",2012,816202,346420,14235,332185,469783,96.291,100,86.7053312864293,75.94,87.1627179226525,94.719,96.291,816203,99.6647643261604,94.2977540221159,104.722799599806,90.0451042012538,0.788651068116439,0.905201087564284,0.983674486712154,95.4989771544661,116.334199601062,95.8731750760549,99.0742936344036
"United States","41","Wholesale trade",2013,851874,370892,14700,356192,480983,97.799,102.325351501782,89.2282615026625,81.683,89.5322808698776,97.179,97.799,851875,99.2708018222293,95.0026843935013,104.128079764535,91.2363740965271,0.835213038988129,0.915472355237554,0.993660466875939,96.0400959784569,116.450026855084,96.3204963290936,99.6464340712047
"United States","41","Wholesale trade",2014,895484,392079,14721,377358,503405,98.67,106.254797277127,91.7393597314391,87.097,91.9174627613383,98.223,98.67,895484,101.23010245813,97.7800972032186,105.167097517198,92.9759397298461,0.882710043579609,0.931564434593477,0.995469747643661,96.8353482921714,116.558590219345,97.0276127347487,99.7486138619714
"United States","41","Wholesale trade",2015,949853,427027,15100,411927,522826,99.617,111.68386804432,95.1677183623263,92.482,95.2684568166636,99.396,99.617,949853,103.99524773196,101.799122396149,106.558435467879,95.5336120966565,0.928375678849995,0.956347378626776,0.997781503157092,98.0083933981821,116.653684623357,98.1229197212016,99.8774096103603
"United States","41","Wholesale trade",2016,942104,414378,14912,399466,527725,99.835,110.421560092295,96.9154051010109,96.287,96.9386359007512,99.932,99.835,942103,101.68698016719,100.428760431768,103.45419582424,97.0755798076936,0.964461361246056,0.970988490016039,1.00097160314519,98.7087553329764,116.724269910257,98.7643378914759,100.054603780863
"United States","41","Wholesale trade",2017,965437,420857,14756,406101,544580,100,110.131854969113,100,100,100,100,100,965437,100,100,100,100,1,1,1,100,116.789994158242,100,100
"United States","41","Wholesale trade",2018,988041,430124,15331,414793,557918,98.152,110.505270971005,102.825349919005,103.84,102.788364742229,98.594,98.152,988042,99.9239265389737,102.228240549834,97.5820288902582,104.761339472456,1.05795093324639,1.04723657940978,1.00450321949629,102.046970130393,116.891361142983,101.95848050205,100.253900910648
"United States","41","Wholesale trade",2019,1029960,458748,15449,443299,571213,99.333,112.209453689225,106.336884795165,107.136,106.307518326479,100.453,99.333,1029961,98.9358687610888,102.570610812741,95.8147918616218,107.050914394174,1.07855395487904,1.07021350735887,1.0112752056215,103.023159480882,116.925765739272,102.90352848823,100.631583243847
"United States","41","Wholesale trade",2020,1057805,490473,15278,475195,567333,92.384,114.304821630873,107.332964237619,109.013,107.27438510946,94.7,92.384,1057806,103.63806210322,112.345280757356,96.6982184011071,116.181334687413,1.17999870107378,1.16117926382772,1.02506927606512,106.928091722485,117.080599934753,106.662661261793,101.378003453592
"United States","41","Wholesale trade",2021,1123940,508070,15849,492221,615870,95.392,109.791057777298,108.470059660886,110.903,108.387666048277,97.13,95.392,1123940,97.7148975174689,104.506201040685,91.9060574027485,113.709807594858,1.16260273398189,1.13623433881538,1.01821955719557,105.880540275209,117.055784732948,105.640100962099,101.010176780973
"United States","41","Wholesale trade",2022,1282932,605644,17832,587812,677289,98.918,106.928126818022,113.37361383267,114.96,113.316828040626,100.627,98.918,1282933,91.4849954033178,98.1530225227592,85.6380982636414,114.613734439303,1.16217473058493,1.14556327504222,1.01727693645242,106.268623357399,117.055181303796,106.027848043159,100.959863006585
"United States","41","Wholesale trade",2023,1362611,643650,17444,626206,718961,101.002,107.309181435882,117.141992253679,118.979,117.077649028286,102.493,101.002,1362611,89.5318286120966,96.4703722361503,83.1785455338252,115.979873917031,1.17798657452328,1.15916169014758,1.01476208391913,106.864901892169,117.076301865157,106.60354103192,100.828059316472
"United States","44-45","Retail trade",1963,38903.1085706865,5733.59270764107,0.394577031682232,5809.73548629832,32398.2858318419,59.746174098953,21.4644261041333,10.7861008385189,0.00204543682041743,14.9921058025518,51.1640806652875,59.746174098953,38131.878539483,44.407766565173,28.530812430928,158.037358652847,18.0532075922631,3.42354443822584e-05,0.250929972147196,0.856357439399355,73.0819275489837,100,78.6928863945301,87.9114035373201
"United States","44-45","Retail trade",1964,42782.8938273743,5625.2250124861,0.348992980270156,5699.97533013081,37456.879495974,60.6612059419083,22.778903319216,11.2220064398646,0.00204543682041743,15.5980402232228,52.2072680674331,60.6612059419083,43082.1045084601,46.0596995843656,29.8213107974002,161.200823171207,18.4994779869876,3.37190266605684e-05,0.257133698234753,0.860636831345373,73.3330333292883,99.9999859799748,78.9669043705461,88.288874098336
"United States","44-45","Retail trade",1965,45830.4223097567,6310.38431522196,0.367669545302037,6394.26848755608,39360.7187113277,61.7525834892928,24.1322872951602,11.7934508746037,0.00204543682041743,16.3923792123597,52.7820103013236,61.7525834892928,45671.1030265497,48.0144908213421,31.0347544040524,162.503433709375,19.0979068538057,3.31230971214684e-05,0.26545252499763,0.854733637346126,73.6474118538606,99.9999715801848,79.309983364581,87.7644217878966
"United States","44-45","Retail trade",1966,49407.4945632413,6747.10534514848,0.376132441053946,6836.81565618491,42582.7699047284,62.2821216663013,25.5544951745135,12.4553931152094,0.00204543682041743,17.3125149919302,53.4415208193595,62.2821216663013,49329.8752498769,49.9262862782272,32.5843352070918,162.93516479263,19.9983442791876,3.2841476264675e-05,0.277969255522286,0.85805556056185,74.1153357407086,99.9999648879664,79.8206472789431,88.0585483678574
"United States","44-45","Retail trade",1967,52963.3524283612,7500.31240441413,0.389715144714751,7600.07222111175,44928.4059044572,62.4260579545281,25.9542639368329,13.1864213354539,0.00204543682041743,18.3286839734018,54.2509841322858,62.4260579545281,52428.7183088713,49.6580533561722,33.0177719094302,156.309986637973,21.1232644948669,3.27657533959193e-05,0.293606301181994,0.869043888239793,74.6850145748804,99.9999631499857,80.4424123835083,89.0275869468794
"United States","44-45","Retail trade",1968,58501.1237295472,9159.47680799534,0.450034358509084,9281.33645934681,47275.2126807569,63.6236830616878,27.2202281006225,13.703157790247,0.00204543682041743,19.0469750460736,55.4622162590088,63.6236830616879,56434.6894887522,50.815766513517,33.9764430848103,157.752430460226,21.5378254304467,3.21489848117443e-05,0.299369262034173,0.871722817511745,74.9069668705877,99.9999485104041,80.6846890081047,89.2600690976065
"United States","44-45","Retail trade",1969,63413.8865119903,9628.3601214296,0.465380191192149,9756.46731381683,52052.1292976559,65.2360645094218,27.1868289003956,14.2899962292932,0.00204543682041743,19.8627117737513,57.1833471473136,65.2360645094218,61680.4894190855,49.1367705782017,33.0960190560026,151.088495720983,21.9050556417752,3.13543871139256e-05,0.304474402665455,0.87656034399584,75.108856425776,99.9999290904128,80.9050801348702,89.6763655011353
"United States","44-45","Retail trade",1970,67813.4242836118,9345.26013293915,0.451966448914522,9469.60029509079,58218.8646961788,65.273163970387,27.780346321317,15.076828070375,0.00204543682041743,20.9564525559776,58.0893870906487,65.2731639703871,67564.1248291179,49.1515039363435,33.799318866634,146.329750009169,23.0980500305072,3.13365661475427e-05,0.321057710110162,0.889942873261093,75.6974949688796,99.9999286857745,81.5476523231081,90.8426154830538
"United States","44-45","Retail trade",1971,74223.4333217903,12588.2638633679,0.553519653500662,12755.8203873292,57381.926912415,66.4154746031336,29.1405232987746,15.6584299408405,0.00204543682041743,21.7649120481744,59.2093309077442,66.4154746031337,69970.1907757828,50.4321157480952,34.8444026363247,147.793076770631,23.5764782746907,3.07975939739942e-05,0.327708447138725,0.891499025815145,75.9448254157459,99.9999160207404,81.8176769150753,90.9761695038489
"United States","44-45","Retail trade",1972,80429.4578564627,11477.7753547416,0.481433067030778,11630.5791544413,67991.5212099875,67.8019722458234,30.9936216734607,16.4962785928172,0.00204543682041743,22.9295673535454,60.7016932094108,67.8019722458234,79469.2965647291,52.0898993162818,36.3023682549429,149.207722883089,24.3300866426248,3.01678071104109e-05,0.338184371251204,0.895279166649168,76.333326915415,99.9999015900458,82.24184392093,91.2992581920754
"United States","44-45","Retail trade",1973,88592.1017487664,12508.1754807725,0.498821571792366,12674.7286362342,75253.1308528473,70.0455936977421,32.5380467968469,17.4679784009957,0.00204543682041743,24.2802834653065,63.2191377260973,70.0455936977422,87761.3063336198,52.3830270481462,36.8905912892156,147.929159825763,24.9380117704089,2.92015059397429e-05,0.346635415356458,0.902542678114742,76.604098977503,99.9998824770648,82.5374999714,91.9333352524381
"United States","44-45","Retail trade",1974,93166.2502553892,14301.3147333251,0.653426488484726,14491.6427868296,76055.8725732705,69.4928658485764,30.7007906548388,18.6282753483119,0.00204543682041743,25.8931685783339,63.2785696402248,69.4928658485764,90357.1873065956,48.9104080600772,35.0844195346902,130.882586525668,26.8060255118886,2.94337669837131e-05,0.372601824117524,0.910576486773586,77.4408572149078,99.9998875930388,83.4511796272576,92.6281217440911
"United States","44-45","Retail trade",1975,104480.86269587,15868.6497903595,0.556088669632082,16080.0434426902,85747.924464133,69.3682148695161,32.9493925252654,19.3169353058405,0.00204543682041743,26.8504484932074,63.7903004525411,69.3682148695162,101616.574254493,51.8408902393372,37.7217516189476,135.460958486853,27.8469546061928,2.94866578917299e-05,0.387071348797341,0.919589765608538,77.9060847213675,99.9998887334351,83.9592334456536,93.4002462864229
"United States","44-45","Retail trade",1976,118272.662946931,17011.2040441922,1.72314818746811,17236.4384842279,99625.2209240895,71.5019850418273,34.7275876631335,19.5211214535263,0.00204543682041743,27.1342897703947,66.6947454687553,71.5019850418273,116636.424968282,52.5282695156727,38.5710511786369,141.278088504708,27.301509800192,2.8606713774742e-05,0.379490020515118,0.932767746654029,77.673716902869,99.9998580642395,83.7055010471049,94.5353623837245
"United States","44-45","Retail trade",1977,130288.16614146,18410.2066731953,8.55577169291943,18645.7733404952,110630.79312139,73.5932802369194,35.8379200939329,20.2316559347885,0.00562495125614794,28.112546036961,68.9089502097265,73.5932802369194,129040.999794585,52.4425221723454,38.6731540710895,140.674805580565,27.4911729299965,7.64329465684842e-05,0.381998817642835,0.936348400124133,77.7513282653655,100.003842120856,83.7861422711907,94.8458222211991
"United States","44-45","Retail trade",1978,145744.479941131,20677.9586501117,32.9724973175316,20913.9412252759,123530.18231563,76.1991415493613,37.8539781300488,21.0178120399966,0.0158521353582351,29.1686598679245,70.8842780058764,76.1991415493613,144208.140965741,53.7731641268967,39.4517621083726,143.030606589633,27.5827412391273,0.00020803561609636,0.382795124391647,0.930250348817355,77.7883167498763,100.01861027941,83.8114034660797,94.3162314868029
"United States","44-45","Retail trade",1979,158554.706761319,21279.8609375064,101.90763954383,21439.4965863871,137653.993374644,77.241285641461,38.176731810678,22.0901388497615,0.0485791244849141,30.5301365709417,72.1146448798791,77.241285641461,158933.854312151,53.066353793963,39.2513149709891,137.247758019858,28.5988751563505,0.00062892692789202,0.395256711710582,0.933628231081253,78.1794530440632,100.06674629103,84.1880342351169,94.6111529491443
"United States","44-45","Retail trade",1980,162791.87286815,20110.0991347755,227.1441550322,20100.7860885822,146003.533379958,75.6644122474498,33.8568031522333,23.1003451023147,0.104317277841289,31.7018512616461,70.546916273176,75.6644122474499,166113.632514734,47.7001187453626,35.5352391927039,116.394494354072,30.5300000570523,0.00137868351504713,0.418979680407344,0.93236587951628,78.8333796916808,100.145654323105,84.8182451207826,94.4995275284261
"United States","44-45","Retail trade",1981,178901.753017055,23437.9385576064,390.476111262536,23273.147646937,156857.714889951,75.783723791376,35.1019194301465,23.664224937596,0.179998440196734,32.1861993102503,70.8557008822871,75.783723791376,180295.653447558,49.1168987554367,36.7840785289795,117.799524578203,31.2259991376789,0.00237515961464561,0.424711240092335,0.934972542090236,79.0567623112222,100.241931012208,84.9624732001986,94.7305195466967
"United States","44-45","Retail trade",1982,186166.865093931,23369.6532827791,530.617308984678,23032.387776362,165968.467473041,74.9588129758539,34.9873462153603,24.5658963445267,0.307838241472824,33.0087944547424,70.8909860493002,74.9588129758539,189338.12075582,48.7039738879598,37.06749686071,113.105401313153,32.7725258302049,0.00410676515878108,0.440359087134629,0.945732506091526,79.5424889480709,100.378376076051,85.3487240871863,95.6818767646287
"United States","44-45","Retail trade",1983,209549.200761839,27495.1274580705,815.182838734915,26864.6288313419,183615.823805802,76.7158402291756,38.3531087640858,25.5315862251468,0.50573425384821,33.7972690595529,72.3789042190476,76.7158402291756,211110.951263872,52.1738984848437,39.702740347946,119.296508189277,33.2807229235521,0.00659230547873053,0.44055137711572,0.943467529037391,79.6978835225023,100.536787503862,85.3533613256174,95.4817579476525
"United States","44-45","Retail trade",1984,235271.646653969,32866.8054741959,1211.96455823778,31822.3524674873,200790.306993197,80.9065199489062,41.9722167940001,26.7759313976341,0.775220554938207,34.885784518096,75.0311729078804,80.9065199489062,233657.112467392,54.992392713107,41.1986840022079,124.486506168291,33.0948994154533,0.00958168211199508,0.431186318978086,0.927381043644738,79.6374624164455,100.707020802116,85.1121268577916,94.0726361864198
"United States","44-45","Retail trade",1985,254012.11096009,35896.6198314852,1567.8903443759,34456.9310946707,215677.657006572,82.0994429842632,43.5000454198208,28.4747542286749,1.0912405436927,36.5709291951788,76.7750611055977,82.0994429842632,251574.276838057,55.3963015327556,42.0779387675014,121.320637466958,34.6832489888304,0.0132916924162551,0.445446739537425,0.935147161964472,80.1681272171416,100.895386035276,85.4912001089601,94.7484138752086
"United States","44-45","Retail trade",1986,271408.725357112,38242.220413449,1820.85672056872,36524.1956203577,230752.084472034,81.664222815969,45.6114757321723,30.4636201438483,1.42771490065137,38.6684730363989,76.8530675958896,81.664222815969,268994.304885483,57.4792068059677,44.3554763809151,118.904302547606,37.3035083092608,0.0174827464392667,0.4735056760846,0.941086132284374,81.0040460981925,101.075310270854,86.2063595532921,95.264209805045
"United States","44-45","Retail trade",1987,282747,38377.07345878,2287.53966364042,36089.5337951396,244322.078988739,85.8151373696013,44.8297441322417,31.7113462987564,1.78106411137848,39.7509234716594,80.4958245772856,85.8151373696013,282699.152447519,53.9837471331806,41.4865495163112,112.268142518838,36.9530915765797,0.0207546613100149,0.463215752955732,0.938014283314543,80.8978779224915,101.204237358779,85.9572366051164,94.9964026026561
"United States","44-45","Retail trade",1988,301790,45105.5284785411,2662.6442923054,42442.8841862357,256647.40683859,87.1707005947158,49.3228415509708,34.2199920705861,2.1419737023032,42.6034000069284,82.160408280274,87.1707005947158,301752.935317131,57.7308235879048,44.9347686383109,114.465113118185,39.256300382035,0.0245721749130125,0.488735317214039,0.942523206992034,81.5984684448579,101.348865932039,86.5778959500427,95.3877817502418
"United States","44-45","Retail trade",1989,322050,51750.1163026853,3842.82720642953,47907.2890962557,270265.363390972,90.440792434435,51.3348457063907,34.7924170953761,2.49793932622894,42.8940584630552,85.2593775913576,90.440792434435,322015.479693658,58.085640622285,45.0767773353986,117.174367375178,38.4698277832968,0.0276196090170243,0.474277782275639,0.942709316187895,81.3427552336387,101.47191713931,86.2024922918888,95.4036954433209
"United States","44-45","Retail trade",1990,328004,47587.2094562409,3569.47968447686,44017.7297717641,280360.518921628,89.3324824022619,51.7913493219585,37.3686646146485,2.79952131316604,45.9123790582913,84.8541128780792,89.3324824022619,327947.728377869,58.2000007887214,46.0418516133408,110.066360182537,41.8309931726495,0.0313382236548612,0.513949437244439,0.949868520343846,82.3912897356756,101.618253527685,87.187923242051,96.0170788168893
"United States","44-45","Retail trade",1991,333024,45481.9210910319,3380.92975145111,42100.9913395807,287471.632208781,87.6623207565565,51.7152137221238,37.5249126129601,3.01334788587143,45.8467469718598,84.250568293149,87.6623207565565,332953.553299813,58.4375835951503,46.8500779041389,109.44693193726,42.8062048655647,0.0343744936235453,0.522992621872046,0.961080742171062,82.6591705331361,101.717154650184,87.3863577018938,96.9900146640964
"United States","44-45","Retail trade",1992,346024,47361.3296785336,3472.71067123084,43888.6190073027,298594.446911231,87.919194696305,54.0316574409066,40.3148766053597,3.29515400481265,49.1860432684298,84.1925351599827,87.919194696305,345955.776589765,60.4952612536226,48.8055876007164,106.435845024129,45.854465278734,0.0374793469866841,0.55944601674675,0.957612674351771,83.4404152522509,101.805999628554,88.1352987136786,96.6878120151567
"United States","44-45","Retail trade",1993,377910,63371.5515743397,4114.17949099568,59257.372083344,314505.579947274,90.1550562542654,57.2126797944242,40.9906101707735,3.75494293571674,49.5889706562126,87.4404561795266,90.1550562542654,377877.131521614,61.8772095706012,50.3972871137536,110.844172259783,45.4667900768285,0.0416498318755038,0.550040926338688,0.969889652477364,83.3325875983677,101.918445668837,87.9236062942514,97.7375776259264
"United States","44-45","Retail trade",1994,407850,74603.2517446717,4884.3411221908,69718.9106224809,333228.681779577,93.1798190504046,61.0500425205831,42.904063008004,4.31731918184943,51.5648595132073,90.4572118852912,93.1798190504046,407831.933524248,63.6945752116553,52.0318257889554,113.003659139988,46.044372531777,0.0463331998907835,0.553390852640675,0.970781149900703,83.5172128047959,102.042679258556,88.0111404196632,97.8116595578096
"United States","44-45","Retail trade",1995,426562,78278.2039709499,5330.2766780771,72947.9272928728,348262.263511271,94.9144396997173,63.7338374023319,44.6914187387314,5.06818416981781,53.255519145118,91.2542002474426,94.9144396997173,426540.46748222,65.5280344097415,53.3264578572536,113.25330480738,47.0860059650803,0.0533973986029115,0.561089748973956,0.961436431971208,83.8602309660542,102.220019219757,88.2193039529251,97.0419560711094
"United States","44-45","Retail trade",1996,451130,87915.9667162528,6009.65500818574,81906.3117080671,363206.567367627,96.07662591401,69.1112212589726,46.0830564094798,6.10394525610175,54.2929767623936,93.2399006206182,96.07662591401,451122.53408388,69.4234058856757,57.1262586747139,119.100133805977,47.9648988201614,0.0635320526510254,0.565100785397966,0.970474345175999,84.1541725152021,102.449593582128,88.3301562715771,97.7809408996532
"United States","44-45","Retail trade",1997,476666,94697,6703,87994,381969,98.68,74.8459983762826,48.0331434231895,7.191,56.0747141309469,96.158,98.68,476666,72.7501651618206,60.2343741811183,123.746388859554,48.675662163751,0.0728719092014593,0.568248015108906,0.974442642886096,84.3981082592381,102.642171009228,88.4200173518146,98.1019650384584
"United States","44-45","Retail trade",1998,517928,112166,7980,104186,405762,98.953,82.5992573519425,49.9473865269245,8.783,57.597141048267,95.657,98.953,517928,79.9678803717872,66.2906282054156,131.331326600531,50.4758688740357,0.0887593099754429,0.582065637709488,0.966691257465665,85.0368607217929,102.940892493593,88.8307081395329,97.4830998462126
"United States","44-45","Retail trade",1999,536352,114035,9102,104933,422316,101.54,85.0714414406808,53.0253547715173,11.312,60.1895884608332,98.745,101.54,536351,79.3072319573624,66.5352188788944,127.410484174487,52.2211490757507,0.11140437266102,0.592767268670802,0.972473901910577,85.6594192193075,103.320282146504,89.1523759468788,97.9408056920477
"United States","44-45","Retail trade",2000,562131,114779,10108,104671,447352,101.137,87.7876810905592,57.2468147690265,14.53,63.9553181384553,98.729,101.137,562131,80.5536679660407,68.9332044393232,121.783151176332,56.6032359759796,0.143666511761274,0.632363211667889,0.976190711609006,87.1100006199267,103.780522929865,90.2598274672479,98.237008800658
"United States","44-45","Retail trade",2001,587210,129069,10407,118662,458141,100.423,91.8802762824214,60.698026472918,18.082,66.8177065149729,97.398,100.423,587210,84.1646170328798,72.6597766799911,120.213344280483,60.4423553099569,0.180058353166107,0.665362581430278,0.969877418519662,88.3303276452778,104.199683325482,91.155612531055,97.7360235955748
"United States","44-45","Retail trade",2002,608716,140048,10289,129759,468667,100.024,96.0687472190441,63.8180384160883,21.689,69.4836403507902,97.176,100.024,608715,87.1687637000862,76.2751142159727,119.548363028581,63.8027257619054,0.216837958889866,0.694669682784034,0.971526833559946,89.4119062363687,104.535529646928,91.9750671781145,97.8648255132098
"United States","44-45","Retail trade",2003,638131,148586,11465,137121,489545,99.962,101.068705828152,67.5466366493536,25.641,72.8837697889786,97.116,99.962,638131,90.5511100119862,80.2946714485827,118.827766199667,67.5723141287225,0.256507472839679,0.729114761499155,0.971529181088814,90.6077851172064,104.842179353951,92.9326605721145,97.8650072529601
"United States","44-45","Retail trade",2004,655165,151815,12199,139616,503350,100.089,101.938420438188,71.7641074570606,30.265,76.7410637625436,97.463,100.089,655165,89.8081852581009,80.8828614285998,112.80687525266,71.7002941952269,0.302380881015896,0.766728249483396,0.97376335061795,91.8644116870624,105.158204738846,93.9383874203159,98.0377393339387
"United States","44-45","Retail trade",2005,688628,161551,13812,147739,527076,101.191,105.584706573686,75.2753361286643,34.999,79.7889581667106,97.94,101.191,688627,91.6465450500822,82.8636552924182,111.391812696299,74.389358864587,0.345870680198832,0.788498563772574,0.967872636894585,92.6564143493468,105.431830801242,94.5024448444677,97.5826257764508
"United States","44-45","Retail trade",2006,708178,171223,14561,156662,536956,100.76,106.065539890386,78.0231032922567,40.052,81.9417278907313,97.439,100.76,708179,91.6383854625884,83.5970795263683,107.958301806137,77.4346003297506,0.397499007542676,0.813236680138262,0.967040492258833,93.5461144003061,105.730157528834,95.1406534901558,97.5187045886526
"United States","44-45","Retail trade",2007,706634,154937,14352,140585,551698,100.609,102.065263647981,81.0414951135024,45.287,84.4103586840578,97.881,100.609,706635,87.1101315052138,80.5649397876892,100.017380179714,80.5509398895749,0.450128716118836,0.83899411269427,0.972885129560974,94.4008351715583,105.999160151002,95.7659405423314,97.9719113668666
"United States","44-45","Retail trade",2008,691481,147905,13818,134087,543576,98.61,99.4227377292659,82.5190204866714,49.157,85.3875412207526,96.358,98.61,691481,85.56824173886,80.0699793451546,95.6834026465574,83.682203109899,0.498499138018457,0.865911583214203,0.977162559578136,95.1837718081752,106.217355385912,96.3618353061095,98.3092081231679
"United States","44-45","Retail trade",2009,685849,172464,13550,158914,513386,93.038,95.6739568535956,81.7467051627241,51.036,84.2159120728919,91.476,93.038,685850,85.8810679173757,81.6654439364845,92.9455145358846,87.8637816405384,0.548550054816312,0.905177584136502,0.983211161030977,96.2698476984392,106.419475269483,97.2755737940198,98.7758114938051
"United States","44-45","Retail trade",2010,704305,187377,12680,174697,516929,93.496,99.1112316592545,83.2922647610843,53.134,85.6623220051298,92.297,93.496,704306,87.9519398160142,84.1850161609591,94.4981180853001,89.0864472930225,0.568302387267904,0.916213763210509,0.987175921964576,96.6147095318115,106.490574766009,97.5587563366937,99.0709037228863
"United States","44-45","Retail trade",2011,715502,181869,11775,170094,533631,95.165,99.5872838872564,84.4827123559146,57.296,86.5102942044897,94.786,95.165,715500,86.3321858533602,83.1058495149958,93.6140418382398,88.7749827729886,0.602070088793149,0.909055789465557,0.9960174433878,96.5267328559528,106.596536107821,97.3730838350205,99.7266543298298
"United States","44-45","Retail trade",2012,747882,201581,12156,189425,546300,96.151,100,87.1722176076951,62.443,88.9393850632923,95.975,96.151,747881,85.1939261909486,82.5945044941321,91.1017801262665,90.661789900984,0.649426423022121,0.924996984568983,0.998169545818556,97.0597925219591,106.728623380466,97.7895465233219,99.8856638086933
"United States","44-45","Retail trade",2013,794267,233414,13473,219941,560854,95.434,104.639885690324,89.3682198131164,67.588,90.8699577224981,94.926,95.434,794268,89.2257994957834,87.0761235473395,92.9863299503383,93.6440050853117,0.708217197225308,0.952175930197813,0.994676949514848,97.9487531808088,106.882348625784,98.5431673068807,99.6344956411356
"United States","44-45","Retail trade",2014,823981,240661,14169,226492,583321,97.296,107.417606410237,91.6924089425979,73.416,92.9045825275936,96.88,97.296,823982,89.6077327743357,87.6769517080467,93.0351464397291,94.2406768444724,0.754563394178589,0.954865385294294,0.995724387436277,98.1311866753987,106.998125242941,98.6198805026324,99.7086651960552
"United States","44-45","Retail trade",2015,885139,271656,15184,256472,613482,99.144,112.916428866475,94.2990152792822,81.088,95.1314853054053,98.8,99.144,885138,92.1320881613314,90.4473100673425,95.0943982050972,95.1131841354819,0.817881061889776,0.95952841629756,0.996530299362543,98.4024030602876,107.146305334705,98.7556067760755,99.7651905693248
"United States","44-45","Retail trade",2016,932073,304890,16836,288054,627181,99.042,119.699024289131,97.4161460126501,89.668,97.8834731502208,98.872,99.042,932071,96.6164196079888,95.97898793263,97.5808560686554,98.3584196731186,0.905353284465176,0.988302671091262,0.998283556470992,99.4545801648847,107.338182003544,99.6331146560818,99.8850377916877
"United States","44-45","Retail trade",2017,968627,323260,17444,305816,645367,100,125.920094960449,100,100,100,100,100,968627,100,100,100,100,1,1,1,100,107.530846428894,100,100
"United States","44-45","Retail trade",2018,1004358,335021,18184,316837,669337,96.687,130.297465224815,102.357861118825,111.318,101.867588152862,97.242,96.687,1004358,104.60623699934,107.021944981363,101.092682880514,105.86517434487,1.15132334233144,1.05358102074593,1.00574017189488,101.919866395779,107.804802200126,101.66086778218,100.382131744395
"United States","44-45","Retail trade",2019,1046165,351481,19052,332429,694684,94.059,134.339582074566,104.394531246798,123.007,103.418030832422,94.518,94.059,1046165,109.186679995728,113.424949135297,102.195365631705,110.988349064734,1.30776427561424,1.09950170459416,1.00487991579753,103.545144543401,108.05449520138,103.043350062318,100.325005853926
"United States","44-45","Retail trade",2020,1095544,408855,20844,388011,686689,89.399,131.389847029935,108.057691738492,138.275,106.55771721886,91.209,89.399,1095544,107.945741736623,116.716996591874,96.5630730255551,120.871253300923,1.54671752480453,1.19193410685646,1.02024631147999,106.724848593432,108.39264141886,105.876042928633,101.31250213673
"United States","44-45","Retail trade",2021,1256081,503596,25407,478189,752486,92.78,129.941511874228,110.922591571642,158.64,108.734783886553,93.883,92.78,1256082,103.824776585124,111.223998725361,93.0321087483243,119.554420749776,1.70985126104764,1.17196361162485,1.01188833800388,106.273294405638,108.606167583212,105.22075560006,100.802976449504
"United States","44-45","Retail trade",2022,1332082,516048,32196,483852,816034,90.98,123.447996696448,114.545393605996,180.766,111.628634158762,92.512,90.98,1332082,98.2666583320773,107.756399468642,85.5877038353798,125.901729617494,1.9868762365355,1.22695794854651,1.01683886568477,108.462454387919,108.968783811753,107.030928206196,101.101466726266
"United States","44-45","Retail trade",2023,1466611,611210,34065,577145,855401,90.609,138.448887765598,118.539926765898,199.598,115.052529738438,92.087,90.609,1466611,108.998774058496,121.345336760694,92.7533862937463,130.825775326842,2.20284960655123,1.26976933569996,1.01631184540167,110.148514555733,109.235580880439,108.428953776431,101.070132079086
"United States","48-49","Transportation and warehousing",1963,25527.6954182292,7689.72681467858,110.062466175095,7559.33977407679,17735.5199773093,602.724174013381,28.8738779293401,32.6661101123651,1.26894719641842,40.3717701377931,55.6578154968555,76.9916014986948,25425.2467919879,50.8884670158466,31.4796612256505,74.1952293695896,42.4281473258078,0.0164816313950806,0.524365896434529,0.722907621265666,78.2884103344098,100,83.3075580447576,79.0156663752193
"United States","48-49","Transportation and warehousing",1964,27062.3140192402,7828.10476627513,125.897725039577,7682.69050487423,19145.0850664127,610.648371255569,30.5247345636341,33.49074947088,1.33161375095176,41.3765093543795,56.4941446484895,77.9973823184904,26973.1898326878,52.8444981513387,32.8503617165278,76.5059684416013,42.9382993061558,0.0170725441209593,0.530485871762015,0.72430821354753,78.566184464836,100.015846151562,83.589403448338,79.1233589621491
"United States","48-49","Transportation and warehousing",1965,29306.5828403717,9287.35862141066,170.837781151349,9095.18524679075,19873.9813523142,619.081992100492,31.9778043508009,34.4354502851136,1.36500553104564,42.5458671227131,57.260198002399,79.0674553623084,29161.3399737249,54.3814221485846,33.9483887202702,77.9491102203662,43.5519900410618,0.0172638100567524,0.538095818662134,0.724194268552306,78.9062531129172,100.021710609109,83.9453832107477,79.1146997618215
"United States","48-49","Transportation and warehousing",1966,31932.2886548182,9711.61418175286,175.659828950699,9513.39149146656,22086.9510700199,632.94002255768,34.40782039549,35.8463504247306,1.41554156694352,44.2919133703101,58.6579153805396,80.8186108854661,31798.5652517727,56.8345561964193,35.7366689021628,80.5713246711457,44.354078883552,0.0175150445105965,0.548041012893422,0.725797124423086,79.3567310276937,100.029935338041,84.4164074609611,79.2351393284304
"United States","48-49","Transportation and warehousing",1967,32643.9101255503,9221.55399995411,141.979894874425,9056.04736238316,23328.1493323182,628.519287262798,34.6497428994562,37.4085882597825,1.5170130735279,46.2046947538969,58.8895483575136,80.2534512270033,32549.7033322723,56.3630068648022,36.241368279892,77.7493890293919,46.6130586134786,0.0189027767695238,0.575734676172408,0.733794590228149,80.5256564228225,100.067643747579,85.6264081114606,79.8502275904681
"United States","48-49","Transportation and warehousing",1968,35349.4515897603,11463.3473569807,192.9238677635,11242.5691197594,23695.2149376759,636.089642891465,35.8554236783694,38.7709203760105,1.58807039873087,47.8796849663273,58.9821708028451,81.2147250750997,35158.5622946566,57.629031972048,37.0585453015698,77.6277565546875,47.7387817789924,0.0195539712442833,0.589544382771137,0.726249713316199,81.1132614407122,100.084335817237,86.2354064933477,79.2784551758529
"United States","48-49","Transportation and warehousing",1969,37591.7491602804,11334.0852353035,194.948214083833,11111.9525509478,26106.1800194489,640.437897429405,35.4957937335923,40.4535847553386,1.6377821071473,49.9669959851147,59.3168185998131,81.7680923870648,37440.2652547524,56.0761302223132,36.4385690175382,73.6526143702333,49.4735581745553,0.0200295990689686,0.611081835547618,0.725427448142311,82.0286216820939,100.097197982124,87.1945809141869,79.2169037337542
"United States","48-49","Transportation and warehousing",1970,39660.5766769933,11891.1956944781,275.88064058302,11592.8392222563,27613.5687419075,626.082165648471,36.0599097485352,41.8761536799685,1.6818720426558,51.7332777459772,58.1442476286279,79.9143660636628,39504.7644363856,57.1673993163381,37.8763450352766,72.2813304544394,52.4012837023676,0.021045928604576,0.647358920482014,0.727581916651982,83.4646600552265,100.127400636483,88.6913103868736,79.3810793388519
"United States","48-49","Transportation and warehousing",1971,43682.9135496494,13824.6332680339,268.731952988914,13525.3651073073,29642.9087690969,615.187363482926,36.2047376350755,42.8492415443295,1.73924002319954,52.9252437941042,57.3117782809602,78.5109283241141,43467.5420371309,57.5606403559928,38.7082537552991,70.9235642593557,54.5774231167365,0.0221528398698776,0.674113081119289,0.72998472320136,84.5224914726501,100.161192426593,89.7837900259419,79.5619964577498
"United States","48-49","Transportation and warehousing",1972,48130.0549290722,14063.3192656286,216.22096501916,13811.1930065667,33899.740633811,619.175360268534,38.3131424457358,43.9382879048589,1.76471625427599,54.278609139762,57.4785940316734,79.0182666317856,47963.0598994396,60.3253942799937,40.6994521258547,73.1935701912668,55.6052287373062,0.0223330165226141,0.686912171747489,0.727408945826613,85.0058227340859,100.165529363177,90.2910818066244,79.3669550785254
"United States","48-49","Transportation and warehousing",1973,53063.1095842165,14486.2064162702,210.643142489156,14237.5548997825,38454.0580695023,642.109711810975,41.7258270710442,45.4691534769204,1.75126103957001,56.2016617307685,59.919322282994,81.8926076022187,52940.2644857725,63.153854786229,42.7689453659076,77.0293746988011,55.5229034808369,0.0213848488996285,0.68628492090226,0.731681699208349,84.9701340441153,100.147090906829,90.2681167117284,79.7007436529184
"United States","48-49","Transportation and warehousing",1974,58266.2255731289,17634.5904918278,467.525488854069,17138.6807929651,40392.8067857897,637.130632074401,43.1274297375264,46.9099001369669,1.73044558237344,58.0435551954486,59.4709142518744,81.2551434742363,58027.3972776175,65.0364179717118,44.5523895462157,77.1715734658968,57.7316070481626,0.0212964436266378,0.714336997187785,0.731903381239255,85.9326974483543,100.144594293133,91.2942331154704,79.7179173391582
"United States","48-49","Transportation and warehousing",1975,59210.4546160117,17567.3557401234,399.300515471501,17134.150157403,41421.6325118888,597.365375669119,41.1860915913724,47.7694300789734,1.67697434010291,59.1695470803164,56.0414256775611,76.0195365042008,58988.9882520122,64.3896388038256,45.4771930204262,72.3717056956601,62.8383600791012,0.0220597811723076,0.77834659090623,0.737197676474445,88.1522190019325,100.170741158014,93.6181465781618,80.1206406093611
"United States","48-49","Transportation and warehousing",1976,68535.4556334583,17805.5994435848,198.225367789339,17555.5151114845,50625.601009151,602.456443288621,45.2739564694854,48.4439035406043,1.5939237868629,60.0445157005345,56.5601327090941,76.6647441685077,68431.2004527359,70.0374142947193,49.5702427329717,78.4472286447522,63.1892848088366,0.0207908316156314,0.783208975021918,0.737759361523153,88.2892938086622,100.142064409915,93.7777401307896,80.1646495677831
"United States","48-49","Transportation and warehousing",1977,76052.8198402087,19218.2639380849,155.295058433902,19002.0260199707,56751.3699009495,621.668604632497,45.6844397512244,49.376148698958,1.52952515851908,61.2276427514857,58.3800125593498,79.0718397219148,75969.6338390344,68.6912109144765,48.4969858282976,77.6639327176209,62.4446691421465,0.0193434876929412,0.774329305689804,0.738316102985141,88.0211675849182,100.124214886291,93.5072447225825,80.2096183370097
"United States","48-49","Transportation and warehousing",1978,86480.7355747595,21562.0835018351,118.400303032967,21370.5775392122,64841.580339171,644.020053919661,47.9754053175722,50.635382692288,1.76879382119224,62.754237631382,60.5037193973306,81.8651314361929,86403.6638410061,69.7886285334863,49.1912633547864,79.5303407604206,61.8521973934093,0.0216061928950895,0.766556365701236,0.739065806600314,87.8105792780573,100.143126380125,93.2728877585278,80.2705928500126
"United States","48-49","Transportation and warehousing",1979,96272.9229871188,23093.9767747845,308.858365183059,22722.2420606662,73147.8619164641,658.780208895942,49.3663595781496,52.4565659514651,2.25084678456681,64.8518562736641,61.6831080148934,83.7202974904957,96241.8386912487,70.1631472471689,49.4958317487101,78.9949872505102,62.6569273209047,0.0268853175637884,0.77462524880572,0.736776025215342,88.0888382372659,100.193264645934,93.5092628956218,80.0826955404975
"United States","48-49","Transportation and warehousing",1980,101342.979559759,24587.8605945944,538.7144671973,23999.9834861983,76705.6925489314,633.728562749998,46.4877588925789,53.9561873698471,2.87552954658468,66.4205415441287,59.6131588277335,80.4745760086974,101293.553143526,67.3454826582009,48.4895551797787,72.321203260624,67.0474950548552,0.0357321490736888,0.825360565266603,0.740770088944497,89.5405523500241,100.31486445528,94.9229252720639,80.4118328485606
"United States","48-49","Transportation and warehousing",1981,108791.349995108,25346.2562334938,747.540342605021,24564.3210666771,83455.1190679297,617.630443158066,44.7927034392342,54.8386048474041,3.49928642964372,67.1694967192593,58.2502348432942,78.4034672444919,108801.375301424,65.7895398327516,47.9557064667737,68.5628978274808,69.9441067783346,0.0446317816370494,0.856715896374827,0.742954832107715,90.4458640376925,100.450922685519,95.7452962386378,80.5925194198854
"United States","48-49","Transportation and warehousing",1982,104944.454426871,21443.5568370378,746.00712364747,20678.0725834577,83691.4131930391,574.36482943961,41.6456356368655,55.2646060287899,4.30392011133446,67.2486399784652,54.9531777585026,72.7078277332901,105134.970030077,63.90894463095,48.0791313797761,63.2543946862825,76.0091557562603,0.0591947283464757,0.924916093287087,0.755808273630237,92.1039736712443,100.649203277183,97.3069837051009,81.6801637166357
"United States","48-49","Transportation and warehousing",1983,116438.816742214,24988.4811178187,774.069366522133,24183.6439637804,91589.7615226296,570.237331724023,46.3673329826991,55.457927374635,5.17526812531688,67.131660528957,54.3979167603171,72.180495339631,116578.242640448,71.6762248009861,53.9213237665376,70.1805502492945,76.8322898224635,0.0716989832359238,0.930052643904455,0.753637343500603,92.3117046274126,100.781762484387,97.415937104123,81.4945661318816
"United States","48-49","Transportation and warehousing",1984,129558.475186695,27672.0243784872,860.765272587693,26777.4893843328,102049.527462691,618.029643108543,49.2883904382973,56.164022915034,6.10246307546964,67.6814306102168,57.9250791909925,77.9883713017472,129721.551841178,72.3240394538334,53.0497171577627,73.6639012737957,72.0158941359707,0.078248371822748,0.867840031539426,0.742739952433072,91.0426178652448,100.840254125901,96.0302247280081,80.5667159320456
"United States","48-49","Transportation and warehousing",1985,135673.294583401,29941.5781864944,1034.85636771511,28878.9505920528,105844.533271034,650.264034831326,51.0859922060481,57.0908622123073,7.06098012912762,68.5069131792497,60.4814767881432,81.9534675684982,135786.111457528,72.2121993499063,52.3242227982603,75.110995524949,69.6625340039331,0.0861584059664825,0.835924521704836,0.737997775842635,90.3888568369907,100.909500388048,95.2791772558828,80.1636198743782
"United States","48-49","Transportation and warehousing",1986,145405.358852112,38154.1853262887,1305.28046537649,36812.3790071547,107007.267385977,650.229465597035,52.3410953499399,57.7488362508342,8.02086964124,69.0378309465166,61.016363275412,81.9485377409583,145161.452712266,73.2907283723028,53.6129723702521,76.0795364014819,70.4696359968983,0.0978769098552337,0.842453481778371,0.744569274296102,90.6408404200973,101.016448461298,95.4521554031869,80.7043463344771
"United States","48-49","Transportation and warehousing",1987,151121,34497.3146986051,1569.98557068664,32927.3291279185,116680.372942981,684.325143162358,54.6032999770312,58.24270027127,8.88425732982345,69.3416810069742,63.9136646492763,86.1370887378799,151177.687641587,73.6743361842749,53.2104569241008,78.6947347651618,67.6162859979003,0.103140905503073,0.805015377498825,0.741999359228047,89.7256787098425,101.067730839723,94.4349147836783,80.4940917937308
"United States","48-49","Transportation and warehousing",1988,160532,39121.2081393598,1605.13613427385,37516.0720050859,121503.985279745,673.997231801125,56.3517424803651,59.2810088496951,9.74069484235333,70.3538491836482,63.8668707394186,84.8265227076661,160625.193419105,75.7595933721058,55.7627229508129,79.792128649861,69.8849922847748,0.114830769097093,0.829385043002477,0.752911574125468,90.4268558046199,101.178352404259,95.0726630489248,81.3970953192231
"United States","48-49","Transportation and warehousing",1989,166348,39518.7052453254,1797.72982494376,37720.9754203817,126931.166387994,686.739074566064,58.3182059454684,58.9571838717057,10.729189088943,69.6308380375652,66.0952309515019,86.4161655465413,166449.871633319,76.4881211852097,56.6470699020708,83.0301287971309,68.2247164044243,0.124157199305083,0.805761718275547,0.76484799497271,89.9054886845926,101.260529565367,94.4426374798099,82.3753459329541
"United States","48-49","Transportation and warehousing",1990,172297,39317.9737287921,1935.28060972832,37382.6931190637,133069.005449115,702.791842753416,60.4606948859958,60.6004969806028,11.649671958757,71.3680016720588,67.8584475056787,88.4141616587508,172386.979177907,77.2167440079793,57.4010171705768,83.7462242780047,68.5416180436122,0.131762511120344,0.807201022247041,0.767506542306986,90.0025144135606,101.326854220968,94.4800184429893,82.5949436043684
"United States","48-49","Transportation and warehousing",1991,180190,42348.029107852,2117.7564323566,40230.2726754954,137947.524606227,681.368754852775,62.7553688947376,59.0732451115265,12.3759771836239,69.254984140031,66.7259743214142,85.6764027789227,180295.553714079,81.6718487647884,61.4834105593634,89.1719667230206,68.9492593006708,0.144450242799743,0.808332071535903,0.778813910915381,90.1261383458495,101.433909046664,94.5091265464586,83.5285227210542
"United States","48-49","Transportation and warehousing",1992,191044,43895.3794016274,2188.52546287686,41706.8539387506,147248.196364904,677.07451792358,67.050809662189,59.0199188314991,13.1826649960135,68.9609081320723,67.3388042611575,85.134583577381,191143.575766531,86.6699100596329,66.1098691782381,95.3616388208353,69.325433157084,0.15484500472163,0.810022263976801,0.790968856973988,90.2401064723979,101.515690441433,94.5526979520521,84.5275639217153
"United States","48-49","Transportation and warehousing",1993,203634,52141.0133557363,2702.8935954814,49438.1197602549,151638.130788259,690.007839718024,69.2498127255368,58.0283711593769,14.6822852087191,67.3486937245345,71.5944677533616,86.7468656834088,203779.144143995,85.8056547256032,67.0089941144417,100.172038192502,66.8939110389961,0.169254359717198,0.77638186917704,0.825326277662327,89.4613381711702,101.627366121234,93.6331360043642,87.2934783748754
"United States","48-49","Transportation and warehousing",1994,218359,59473.027420772,3438.9571161201,56034.0703046519,159035.167408091,711.706716362193,74.3305393222794,58.9893154522657,17.3248649452426,67.8461292440374,76.8893839794414,89.4350187741384,218508.194828863,87.0113052659507,69.7634530943632,105.769929510234,65.9577380994785,0.193714555916796,0.758608095285113,0.859723462166648,89.1290635611716,101.826486486463,93.093614101679,89.9565811752765
"United States","48-49","Transportation and warehousing",1995,224293,62093.1510473831,4362.22580815695,57730.9252392261,162297.583355852,716.783610177114,75.773444444975,61.2630655671599,21.7266539558318,69.4683055999091,80.6516377571917,90.0719470998624,224390.734403235,84.7939040816431,70.6148052649979,103.82133093427,68.0157002704047,0.241214436407637,0.771253512737877,0.895413503915637,89.8837993143632,102.2200254208,93.4897624144834,92.6509150426461
"United States","48-49","Transportation and warehousing",1996,235562,63900.5898781439,5473.42194261208,58427.1679355318,171732.254938312,728.511780542586,79.2264072927211,63.649681973632,27.5133318584436,70.856940278426,83.6538456787881,91.5340732449825,235632.844816456,85.4370579780821,72.6533193358155,104.482128541202,69.5365995603402,0.300580219835806,0.774104524866755,0.913909353240473,90.43000219619,102.700993191579,93.5769454774807,94.0365385273835
"United States","48-49","Transportation and warehousing",1997,250800,67877,6990,60887,182923,733.609,82.7919931355215,66.3980104841273,35.2943098648992,72.1943219441035,84.7249189709672,92.172742903865,250800,87.450562414228,75.397008306031,104.665019503464,72.0364919088712,0.382914826585021,0.783250228534495,0.919197110791574,91.2994429971175,103.338222130581,93.8470125657591,94.4329113024129
"United States","48-49","Transportation and warehousing",1998,271346,73853,7808,66045,197495,743.741,87.109461088617,69.707489156696,44.2799174475266,74.2043530412332,88.3455250270496,93.4373314450156,271348,88.077562527394,78.2551967596834,104.894851979145,74.6034674563841,0.473899636930274,0.794161732721355,0.945505652406583,92.1712033710322,103.964060278977,94.1631550697989,96.3945860665203
"United States","48-49","Transportation and warehousing",1999,281040,71670,7799,63871,209368,739.379,87.9136494305317,73.8359426883692,52.5350353651398,77.5162704741433,89.1178890772021,92.887399615244,281038,86.9932591726831,79.4452234814365,99.944010360756,79.4897294942164,0.56557763036482,0.834518683860559,0.959418494288182,93.7255125804715,104.485007660249,95.2679939796558,97.4371034358777
"United States","48-49","Transportation and warehousing",2000,297684,76476,7829,68647,221209,734.169,87.7124237605478,76.7173780256318,61.2960239032336,79.4863776043512,88.7750069401624,92.2308230226466,297685,86.1946825643521,79.8276446350963,95.9700338324181,83.1797608558632,0.664593699745939,0.861820105246528,0.962530789933039,94.8204366671729,104.941548710804,95.9726897220798,97.6721819444619
"United States","48-49","Transportation and warehousing",2001,303716,77098,8490,68608,226617,708.224,82.53947366958,78.6517843907101,68.8205519825587,80.5879824399137,86.8442529647216,88.9109534500831,303715,81.927573458299,77.9246239362176,88.0889437548044,88.4612990174121,0.774039072938256,0.906389812647301,0.976755389463664,96.3229104442766,105.37641978996,97.0836200413796,98.744980062243
"United States","48-49","Transportation and warehousing",2002,295951,70322,6617,63705,225629,681.823,79.4477766620091,78.4630781810465,74.1586647080523,79.7485596501564,85.0697988048875,85.5320689172085,295951,80.1436334383786,77.9688373480227,84.9933003400397,91.7352744699716,0.867027603176941,0.932381978592727,0.994595359165595,97.1869590621689,105.677585707923,97.6909600924246,100.102295527523
"United States","48-49","Transportation and warehousing",2003,313668,85468,8433,77035,228200,680.899,82.3180042179994,78.1740796115278,77.337626852671,79.0606132099749,81.8060116933873,85.4162200087041,313668,85.5751641068502,80.8952034395757,88.3894320084165,91.5213522719241,0.90542085384708,0.925592506925716,0.957733925536052,97.1291062746814,105.790386742673,97.5265812808484,97.3252747140601
"United States","48-49","Transportation and warehousing",2004,340842,97143,8531,88612,243700,689.854,88.99310839045,78.8868319218888,81.0397883086649,79.4914265283206,84.8650257101268,86.5325723171128,340843,89.8692628069989,86.3266821354775,94.693495514958,91.164320913511,0.936523509455853,0.918630111179536,0.980729261105575,97.0233392761813,105.883173346607,97.3406125605896,99.0051195800668
"United States","48-49","Transportation and warehousing",2005,363864,108304,8821,99483,255558,706.422,93.2438388758491,80.2783164330973,87.0548596381631,80.5055755389176,86.5190449964421,88.5909745981327,363862,92.4106242854875,88.3484537855781,97.4967584381922,90.6168114723387,0.982660593057727,0.908733377232928,0.976612407628551,96.853219796574,106.008689632016,97.0598229749058,98.7104168704618
"United States","48-49","Transportation and warehousing",2006,398951,133873,10204,123669,265079,706.537,98.583487325442,83.3691994708286,96.8034538829166,83.1351779476571,87.0170042049424,88.6047281382044,398952,96.1629897494197,93.3932668224568,99.2583000588614,94.0911407580761,1.0925314700128,0.938270222080971,0.982080821569866,98.0138389082763,106.288940366669,97.9696564428921,99.0878054867823
"United States","48-49","Transportation and warehousing",2007,400667,120799,10196,110603,279866,715.588,98.1794382176453,85.9462694105546,106.230668888672,85.204063997919,88.1130828048064,89.7327552191379,400665,94.0390568570598,91.8412587178208,95.8874567106187,95.7802635176684,1.18385609167181,0.949531347720692,0.981950042541588,98.5709101021249,106.506855923116,98.3127430577028,99.0788132507583
"United States","48-49","Transportation and warehousing",2008,413656,135098,9520,125578,278557,707.123,97.4455705603727,86.471402253402,111.802016041282,85.4314621375824,86.4046064210978,88.6645489373587,413655,94.4173994428306,92.252975180305,94.5927580603018,97.526467218024,1.26095510980685,0.963535744121807,0.974511317732439,99.1317830522217,106.66980759939,98.730789360159,98.56334387004
"United States","48-49","Transportation and warehousing",2009,391319,129252,11924,117328,262067,679.935,91.9374945308978,87.4977918503254,112.808260393652,86.4667366410518,80.1955195011188,85.1864537015182,391319,93.2929623397088,90.5921178370813,88.1990400975165,102.71326959672,1.32425116308888,1.01502918461683,0.941411644885618,100.833376618462,106.80961542589,100.293861574532,96.3024239210758
"United States","48-49","Transportation and warehousing",2010,421659,155766,11657,144109,265894,687.912,96.9245233931307,86.4487323982731,110.720023012879,85.4806606866767,80.939494980942,86.1803819271079,421660,98.1782445593889,94.404684912913,94.1116379129886,100.311382318301,1.28474741625684,0.991880736371962,0.939187007193834,100.002091654573,106.715660706576,99.554356602744,96.1544085025883
"United States","48-49","Transportation and warehousing",2011,438977,159046,9897,149149,279928,704.951,98.7779243230758,86.3188098263054,107.995331252698,85.4840855979414,84.1775499793398,88.2891173784813,438974,97.6511633115963,93.9119823490681,96.0556111645546,97.7683460763013,1.22320093868125,0.968229020021628,0.953430643308893,99.0669991774953,106.584271253674,98.7389654723044,97.0766047652384
"United States","48-49","Transportation and warehousing",2012,459121,163329,8846,154483,295797,712.471,100,86.3332053623689,105.071391548305,85.6339867412126,86.2550346183651,89.2260661196565,459126,97.3206006634451,94.0755013663618,97.2277916697579,96.757829989492,1.17758628299716,0.959741816100839,0.966702202276776,98.6981538878964,106.499620113089,98.4454644522562,97.9405934859161
"United States","48-49","Transportation and warehousing",2013,480418,176328,8382,167946,304091,734.528,103.056616308942,87.7690925674638,101.664781479891,87.2738613988379,88.8923237275755,91.947217230681,480419,97.7999936173357,94.0817910363223,98.5604228643358,95.4559531119523,1.1056863333322,0.949173493525982,0.966775574127042,98.2161642354997,106.376523309447,98.0722542635989,97.9453406379738
"United States","48-49","Transportation and warehousing",2014,514545,195690,8321,187369,318856,758.804,107.043693336345,90.1320398251282,99.8180415294307,89.8032268576359,91.8352488888471,94.9368278330043,514546,98.549234965316,94.6443419960495,99.6896732713455,94.9389629740655,1.05141538650325,0.945926137490095,0.967330076062654,98.0170548347682,106.286566749958,97.9523841783485,97.9805222688431
"United States","48-49","Transportation and warehousing",2015,562586,218606,8209,210397,343981,792.359,111.032989256365,93.6648888754518,100.33896827143,93.4454319690296,96.0457992811417,99.0460954167192,562587,97.9807285729517,94.0985562264575,99.5046776917053,94.5669675128263,1.01305324404027,0.943453970354653,0.969708082656319,97.8692281676012,106.225819263624,97.857827044007,98.1287196118533
"United States","48-49","Transportation and warehousing",2016,581590,224147,7885,216262,357441,792.475,113.369225830678,97.0682557677946,100.361505734433,96.966486359448,98.2155731120827,99.0627501293403,581588,97.3280242401293,96.0623237117668,98.0361488463033,97.9866353811684,1.01311043357263,0.97883903114788,0.991448076939601,99.2239221842328,106.225903662911,99.2107374684623,99.4715282752133
"United States","48-49","Transportation and warehousing",2017,613017,233381,7105,226276,379633,800,119.132899693457,100,100,100,100,100,613014,100,100,100,100,1,1,1,100,106.208507494978,100,100
"United States","48-49","Transportation and warehousing",2018,653273,241276,6626,234650,411997,787.588,123.117212627483,103.43327249248,101.912932607058,103.476555926382,99.7576275196634,98.4355319675859,653273,102.199269168929,104.986913763473,99.9141036236082,105.077171245989,1.03532668102629,1.0512114259763,1.01343108048131,101.874648156964,106.248582554489,101.835351723118,100.837311297247
"United States","48-49","Transportation and warehousing",2019,684059,227962,5931,222031,456096,783.954,123.097656133906,106.762279894409,106.420367318715,106.773524798215,100.235269457569,97.9798671720569,684058,100.739586382655,105.458411351872,96.7832566581756,108.963487067124,1.08614524994034,1.08974963816511,1.0230190379984,103.182706251027,106.296484086942,103.096640035495,101.455161630238
"United States","48-49","Transportation and warehousing",2020,629203,202040,5470,196570,427164,737.769,114.158517994517,108.950931193202,110.20685667809,108.936587190427,97.8386908903878,91.9789307976653,629204,94.3292934269625,104.180935443336,87.9519885386395,118.452052278007,1.19817501380313,1.18436457399212,1.06370763436697,106.040280573973,106.387114668718,105.867063105064,104.152764814471
"United States","48-49","Transportation and warehousing",2021,758646,275066,6063,269003,483581,821.261,127.609699057709,109.579706343452,113.245407568812,109.522877391789,109.140336155925,101.847987946172,758647,97.9313341684931,105.171851154024,97.7511419408146,107.591429691637,1.11190618344531,1.07535631876865,1.07160031687231,102.611014450784,106.320813905476,102.512387276905,104.660755576573
"United States","48-49","Transportation and warehousing",2022,886658,314702,6592,308110,571953,910.068,128.679356246336,110.913427534596,118.160018982438,110.784650263205,117.726558994866,112.309951426071,886655,93.6638284010454,96.1742764181061,97.3852179402341,98.7565448353043,1.05208859484031,0.986418824480845,1.04822909724398,99.504824107586,106.275474309429,99.4524530909898,103.19125303771
"United States","48-49","Transportation and warehousing",2023,913494,310350,5796,304554,603147,895.619,130.568809819697,113.031138491656,122.825196537835,112.8569968885,114.962968422412,110.513142160899,913497,95.8920658089561,99.173080994521,96.9638008139762,102.278458725832,1.1114080564193,1.02120883255847,1.04026513204225,100.723308163251,106.315644088552,100.632971025942,102.678886306974
"United States","51","Information and cultural industries",1963,22185.6786284013,11999.2772986691,2630.71207945479,9375.08109003022,10212.7599989745,215.899232981051,8.88121754109543,4.68093849385184,0.776927778002212,9.69789389484928,48.3877234991267,55.7927246047925,22212.0372976436,45.7691551876303,10.8871138661176,129.764949159476,8.38987256315091,0.0139252525038986,0.173820044881197,0.867276582061207,25.3379155961496,100,50.2014548160904,93.8791143371976
"United States","51","Information and cultural industries",1964,23866.8564772744,12808.5949955151,2703.02923987811,10113.2472350102,11096.6671016372,222.301957210686,9.36960312012198,4.9391578910785,0.858096823481406,10.1077651892999,49.2565821391246,57.4232705848137,23905.2620971523,46.5269337694987,11.159663475546,129.743650541978,8.60131762049916,0.0149433638095204,0.176022108917862,0.857780854999768,25.6795008499232,100.820147532527,50.4692222012807,93.4028414239533
"United States","51","Information and cultural industries",1965,25996.7270628401,13966.8606251115,3203.46628150688,10770.0020059404,12070.1682595284,231.939903556902,10.0829377376682,5.21624203384926,0.940683034373805,10.5564590395485,50.7704732604533,59.8602301352177,26037.0288846398,47.9471884132573,11.5203727389786,132.204786304722,8.71403605042336,0.0157146578329035,0.176351795101732,0.848150318596642,25.8593716224294,101.42092759291,50.5087462993968,92.9149115601054
"United States","51","Information and cultural industries",1966,28658.5919902227,15465.8392381878,3801.77357785197,11669.6244476278,13230.2576280479,244.563750685704,10.9884375539759,5.54714170755891,1.04093670923673,11.0809812260512,52.8812532576076,63.0322892966931,28696.0968662357,49.6102020559695,11.9231413146295,135.482908548195,8.80047634228943,0.0165143408378687,0.175798489150426,0.838954983987579,25.9969825366019,102.066119248781,50.4436885076761,92.4478366928643
"United States","51","Information and cultural industries",1967,30638.8983302242,16283.7332562792,4302.79005417228,11984.7238582313,14420.469652772,248.432930273877,11.483908366821,5.90298858761697,1.14923624347666,11.6362194598387,53.8464473757469,64.0217404779534,30704.2029090513,49.7315921318663,12.2681780252888,133.056349002607,9.22028758285591,0.0179507185355638,0.181754188076873,0.841065034685983,26.652827641129,103.233070916254,51.1178737135135,92.5559654915755
"United States","51","Information and cultural industries",1968,33371.7589437922,18021.4536188188,4539.92193341861,13487.2496167281,15392.758510394,252.903925876921,12.2137999363964,6.25373464107011,1.2620996764904,12.1781718379869,54.3245175894323,65.1638238715542,33414.2121292128,51.0740979629242,12.8192337982327,133.576229459804,9.5969423976668,0.0193681033663426,0.186885469796732,0.833660677993859,27.2297271197211,104.321458908175,51.6859792794034,92.1760458779052
"United States","51","Information and cultural industries",1969,36361.1506367773,20855.4035738919,5795.6222951701,15062.6558615751,15429.4106950212,274.683774391631,12.8772167942343,6.61229574290185,1.37481308955315,12.7291645135213,57.4527715235302,70.5456887638316,36284.8142689132,50.9229767941912,12.4844483478163,133.194890515691,9.37306851597705,0.0194882651745829,0.180438588616453,0.814405139850105,26.8740359007493,104.416864352311,50.9484864861156,91.2268503055256
"United States","51","Information and cultural industries",1970,39027.7486099055,19656.1673621503,6272.20790633571,13381.0744448917,19563.9310911056,290.928396805268,13.2973586747222,7.01876560840098,1.51098422677634,13.2907803386647,58.866910204946,74.6000733167532,39220.0984532559,50.3546965270655,12.1911298366805,129.575374128731,9.40852374045154,0.0202544603456444,0.178160419256317,0.789099897462515,26.9286761389982,105.062397858626,50.7042748853053,89.9060609515905
"United States","51","Information and cultural industries",1971,42227.2875339997,22819.6523015122,7154.11254872096,15663.071528898,19459.7452111653,285.430741757373,13.6583430893108,7.36716056644244,1.64106971471687,13.7326438796069,58.4368457805837,73.1768926348434,42279.3975126775,50.6115516629798,12.7656190911322,126.798965384866,10.0676050884054,0.0224260645079027,0.187663665197339,0.798569653294609,27.8945157175052,106.838182988407,51.6505702865558,90.4218531337979
"United States","51","Information and cultural industries",1972,47272.7142989176,23829.569314839,7221.34286564908,16607.3717042106,23674.0324367965,294.047777799342,14.5144336039857,7.70771246615547,1.75499444667871,14.2301607610109,59.6218077779907,75.3533638460102,47503.6017516355,52.030049064021,13.1739277166898,128.793046299496,10.2287569827761,0.0232901937896915,0.188845726782565,0.791229544839324,28.1261205768698,107.488938376657,51.7674678486385,90.0225284037069
"United States","51","Information and cultural industries",1973,51603.4511562344,25844.985037276,8042.98381984317,17799.6174093265,26027.3573115519,304.088438413584,15.2759836408292,8.06752715646954,1.87042140340259,14.7725205899958,61.3837401631249,77.8834204240642,51872.3423488279,52.751181468257,13.4147318502764,129.505011920948,10.3584653993661,0.0240156556198792,0.189674779427528,0.788149003072787,28.3038675502099,107.996347424327,51.8460734137698,89.8470912571445
"United States","51","Information and cultural industries",1974,55756.2254935129,30726.4925566469,11667.4890092564,19041.6259018218,25038.6476083046,305.862255966898,15.8888882036543,8.4250998579886,1.98584343270694,15.2721440323141,61.8299272814997,78.336426530025,55765.1401649515,53.4490806213279,13.8722715133078,128.984130339582,10.7550219370288,0.0253501917392901,0.194955842496346,0.789287053549748,28.867250657918,109.065385942217,52.3357426784051,89.9087413268673
"United States","51","Information and cultural industries",1975,61896.8790439861,34086.8265691278,11964.6084922552,22109.7018346576,27822.3336929669,297.336358811983,16.5610509158993,8.72682009055053,2.09867262041829,15.6464933801059,61.0161177648507,76.1218655024217,61909.1602620947,54.9670862974185,14.8797726985668,129.792529731807,11.4642751237789,0.0275699052639681,0.205545322317517,0.801558361216326,29.9007389493699,110.923371571093,53.3116586685233,90.5339896437041
"United States","51","Information and cultural industries",1976,70726.8491871668,36753.9215062211,11907.6614640953,24839.6247042863,34207.6569074679,295.964757831381,17.9742584585086,9.01894746720271,2.2034465702562,16.0474673634131,61.6433562022465,75.7699309543458,70961.578413689,58.3387637085027,16.2245222870811,136.305365779081,11.9030694018145,0.0290807519883298,0.21179202833222,0.813559619572425,30.5068306666206,111.996916343828,53.8790018300413,91.1627894338844
"United States","51","Information and cultural industries",1977,79569.1252492864,41808.467845619,14308.5103286143,27487.1371871663,37978.5385005927,306.610662526906,19.5309823354773,9.44963472891545,2.35498511778478,16.6403750919931,63.6651164896607,78.4474855072082,79787.0063462117,60.9203194762744,17.0279704237631,141.360116169129,12.0458095856331,0.0300198929584352,0.212121204196712,0.81156350746017,30.6968755252388,112.616474483763,53.9080682207146,91.0555751303781
"United States","51","Information and cultural industries",1978,91171.7135902991,47838.8268970791,16513.4966986388,31309.6855887499,43589.1724286737,321.939234281863,21.6332481733925,9.98656606916314,2.55109550232041,17.3567450194551,66.475825312354,82.274969001426,91427.9993257527,64.2176472984243,17.983401176372,148.157411073955,12.1380368663403,0.0310069457732181,0.210960213417452,0.807971441608224,30.8197168902575,113.2740839341,53.8065414084814,90.8633610029703
"United States","51","Information and cultural industries",1979,101886.382549418,52091.1671867257,20583.0952942102,31473.0643063731,50219.3135291906,340.798634952651,23.4770877836046,10.5853520328578,2.74403241041898,18.2230228425109,69.8850472527222,86.9582653004485,102310.480715916,66.0106889741418,18.4650795854092,151.68992815711,12.1729107592987,0.0315557399970906,0.209560560799468,0.803661929217001,30.8653933258444,113.654097790087,53.6902458504564,90.6285647960711
"United States","51","Information and cultural industries",1980,112559.400705975,56514.9268496057,21385.7696453911,35097.7067188786,56616.8373340649,351.350076002484,24.8926436035746,11.1975721702376,2.97023976946428,19.0062600533492,71.8449976192744,89.6096827935461,113131.764183671,67.1075978214534,18.9991385050807,152.042491792648,12.4959399711702,0.0331464153969554,0.212100517051691,0.801754848131757,31.2758071480706,114.749886170357,53.8904450019885,90.5219058746737
"United States","51","Information and cultural industries",1981,130020.553071017,67282.1745818074,21573.1835297611,45698.3994560531,63198.4739977929,360.194904423375,26.3942032235281,11.8001384707871,3.20300928755835,19.8110665119935,73.5961891630635,91.8378124440638,130480.6485796,68.4706912221007,19.6564394737217,152.981628662645,12.8488888800289,0.0348768029455104,0.215717970460805,0.801371321947473,31.7211389354444,115.789205586814,54.1922531900635,90.5005813846294
"United States","51","Information and cultural industries",1982,142106.85868724,71603.8307983511,20604.7180795931,51004.1028934955,71200.1595181818,365.313648787137,26.0081808386628,12.4485358302687,3.42968014132279,20.7739047251764,74.8884266382372,93.1337649743558,142803.990316533,65.0994262421584,19.0994404438995,142.892531434795,13.3662972110022,0.0368253140229771,0.223054492974664,0.804095342423423,32.3644187339869,116.767811682713,54.8371057564051,90.6516412739408
"United States","51","Information and cultural industries",1983,160739.913178918,85598.5291028325,22218.5669473824,63402.5980878814,75466.9350417279,350.853238798729,27.5598431367318,13.076585995875,3.65343752632829,21.7178927208957,74.8351586683379,89.371062657151,161065.46414456,67.2750523691604,21.0910230838838,144.145203199658,14.6317897617934,0.0408794235819234,0.243008106597219,0.837353349544736,33.9122462167442,118.501534008268,56.6295616387264,92.4457703524746
"United States","51","Information and cultural industries",1984,170942.466588352,91336.0651924174,23388.7376571044,67973.6850462644,79922.0148835089,349.682931852788,27.3426197556857,13.7849089915947,3.87186009890021,22.8530384471764,75.4825029860164,89.0725396907886,171258.080075926,64.6355598568781,20.9949147306118,135.660697998617,15.4760479935212,0.0434686168412981,0.256566597590118,0.847427313154544,34.9403233527204,119.504651345947,57.8580192560418,92.9641880249505
"United States","51","Information and cultural industries",1985,188583.474691731,104006.210563588,27482.772865373,76547.5829858035,84599.3339466975,344.575259335386,28.8697168718294,14.5606558385433,4.10108074037105,24.1173182978099,76.3449328594519,87.7618588864516,188605.544510286,65.9052101845469,22.4985504912938,135.606159177248,16.5910977995376,0.0467296476214927,0.274804096036907,0.869910161750663,36.2839992735815,120.731070165155,59.4749493544622,94.0848376479109
"United States","51","Information and cultural industries",1986,199986.328502275,111832.817220679,29769.8774259239,82087.3893064153,88022.3372448774,340.471822968988,29.2033169430875,15.4352862931652,4.34932780420072,25.5624924235928,77.3736397937559,86.7104649017388,199855.154465557,64.158254623082,23.0344843570154,129.400311042696,17.8009497592438,0.050159202918926,0.294802852833975,0.892321819303316,37.7307963785929,121.997475032263,61.2055238224718,95.1546425231559
"United States","51","Information and cultural industries",1987,211321.97306323,117602.487696178,35027.7534870498,82574.7342091282,93638.093705493,337.454341988802,30.3077887925617,16.2606183182735,4.58608812289105,26.9195933701409,77.5917362365905,85.9384718644596,211240.581401671,64.5963356973891,24.1203970628508,127.477936187453,18.9212327907335,0.0533647855657026,0.313242634946988,0.902875447436005,39.0382495705829,123.192775029475,62.7121768041961,95.6502773700274
"United States","51","Information and cultural industries",1988,220901.680203955,121145.045593308,35902.0860279062,85242.9595654022,99628.4731929059,342.265394222264,31.2066033244026,17.1877731615954,4.81221710126945,28.5424767841275,78.5896446832152,87.1552359462488,220773.518786214,64.1367221805385,24.4889883812835,124.178015406016,19.720872733562,0.0552143201612957,0.32749009826249,0.90172029058224,39.9416990512045,123.883990437172,63.8053045285967,95.5955220685879
"United States","51","Information and cultural industries",1989,241150.664438742,136842.354479765,42043.7038887971,94798.6505909682,104297.118610651,347.809820956863,33.1837977626163,18.0370015361573,5.03515157076581,29.9932649863662,79.6879178050879,88.5563817517365,241139.473090416,65.9832351359498,25.6285509527039,125.828660454558,20.3678167280176,0.0568581447340703,0.338691174967501,0.899855168298194,40.6677607833487,124.497855385661,64.6468620524423,95.5080958047789
"United States","51","Information and cultural industries",1990,255342.603470049,143210.556462664,43372.7201514795,99837.836311185,112011.02127094,359.40328338509,34.1350875495354,19.0624962046191,5.24277555550316,31.9043866867653,82.3558480496948,91.4601386433149,255221.577733604,64.8522792026992,25.5262485252073,122.472639684695,20.8424090400309,0.0573230659090671,0.348833788796112,0.900456190766057,41.1998108870248,124.672512003635,65.3992513444861,95.5358840874437
"United States","51","Information and cultural industries",1991,266204.365417379,151116.119411265,43995.3818168528,107120.737594413,115019.52750982,349.510284648134,34.2489504004855,19.8861856203694,5.41484328630547,33.4200073556916,81.2518219853833,88.9072446163653,266135.646921085,63.9078209178882,26.3468041544877,117.79140588043,22.3673399239604,0.0609044100924566,0.375897459199179,0.913894276399913,42.8751326754832,125.945464170986,67.3675349236727,96.1542437878445
"United States","51","Information and cultural industries",1992,283385.047715264,161697.773925166,43030.5722285053,118667.20169666,121548.455845374,347.47293177756,35.9826029587589,20.9040193303356,5.65021843222629,35.2250990313277,80.8926005564048,88.387473446767,283246.229770539,65.3861250180199,27.8432344623187,117.728227659019,23.650432029744,0.0639255565510563,0.398530443938333,0.915204354213427,44.2586036629138,126.916342300942,69.0049013863498,96.2135803138107
"United States","51","Information and cultural industries",1993,304419.894030294,173097.476816739,45261.5300701294,127835.946746609,131154.743061976,361.272388380585,37.9259759143451,21.8380474153159,5.967866602823,36.6560833777195,84.5770190976084,91.8295326398111,304252.219878714,65.9464058822505,28.2469927490263,118.779307201431,23.7810721535224,0.0649885328963956,0.399175323275334,0.921021992231521,44.3977652723279,127.231405193364,69.0517273176114,96.4761527468048
"United States","51","Information and cultural industries",1994,322589.273781586,181272.838456293,48023.4527028966,133249.385753397,141161.371724119,370.363721954836,39.5961071045003,22.8889104911047,6.36175631753131,38.1864424483193,87.3333320504556,94.1119694754057,322434.210180412,66.1168682253105,28.7756707666508,118.316468137608,24.3209345407295,0.0675977386616463,0.405755427935217,0.927972632357656,44.965010578092,127.979087452828,69.5237962002004,96.7917811904363
"United States","51","Information and cultural industries",1995,336808.085930809,183450.872885382,52147.8987771887,131302.974108193,153241.28598424,388.613778680441,40.7998492717391,24.1137101965141,6.88675330670502,39.7987754964095,91.1610958815863,98.639684121229,336692.158869622,64.9336028285687,28.2894636374427,115.721045596697,24.4462565055238,0.0698172684559811,0.40347630723854,0.92418276369933,45.0931154051713,128.608725366677,69.3666936541142,96.61509207876
"United States","51","Information and cultural industries",1996,365422.788596676,197705.069587835,55821.0547545177,141884.014833317,167633.926496527,397.759370425338,42.9811114641578,25.4521238984574,7.58543134598093,41.3092606017371,93.7970767846694,100.934423934636,365338.996084362,65.5680334437351,29.1243445826302,115.49719601592,25.2164949343149,0.0751520744884141,0.4092683050184,0.929287285033809,45.8591338262382,130.073814431518,69.752534429613,96.8585927323582
"United States","51","Information and cultural industries",1997,370715,190405,55560,134845,180311,416.945,42.6048983277943,27.1606232457969,8.52854261776709,43.1434326139048,97.9567501674073,105.68884338972,370716,61.5300197024537,27.5707268494202,107.284660066851,25.6986663631506,0.0806948240158017,0.408211796346531,0.926840970396457,46.3195192570665,131.482137805108,69.6847666349527,96.7380030759046
"United States","51","Information and cultural industries",1998,409550,207915,58083,149832,201634,439.636,47.2262195505335,29.3690733015467,9.75729846555356,45.6415231751795,102.633250032928,111.289053391539,409549,64.056446076458,29.0234182874634,109.97925314955,26.3899030556221,0.0876752759431356,0.410116914325819,0.92222232919748,46.9515907333216,133.082771750999,69.8032287599174,96.5017991420641
"United States","51","Information and cultural industries",1999,457164,230335,62265,168070,226828,475.554,52.5445552587092,32.2571956934359,11.7312543855735,48.4804451630035,109.725465360822,120.027026189591,457163,65.7600486311399,29.9410138374702,111.408657037854,26.8749436835029,0.0977384407328663,0.403912741172353,0.914172989569058,47.386069940062,135.108132467379,69.4140900474743,96.0845775782885
"United States","51","Information and cultural industries",2000,440813,203257,72639,130618,237556,500.554,51.4467935877221,36.6266276699369,14.5989302077438,52.2987003015256,117.444371010799,126.177097082827,440813,58.4648507452319,27.8866026572744,96.0681011231956,29.0279523913075,0.115701902684927,0.414486475839549,0.930789927221933,49.1811021878264,138.582618898964,70.0121346593632,96.9845390383691
"United States","51","Information and cultural industries",2001,469540,215136,80957,134179,254404,488.798,54.9659380705845,40.8154872613577,17.6273133627145,55.5414501253022,115.265768281641,123.178473221908,469540,60.03552649103,30.5194466404795,92.1056954846383,33.135243678356,0.143103846813872,0.450902245112613,0.93576227458176,52.2655481660582,143.63902600579,71.7492253752085,97.2641558035951
"United States","51","Information and cultural industries",2002,517636,277310,86770,190540,240326,454.367,60.6063617491038,43.232234028227,19.5211971144422,57.6407710800852,107.418055532747,114.181271162633,517636,66.6534199788696,36.3028873198843,95.8800745377118,37.8628067353093,0.170966717358028,0.504818088756302,0.940767732211946,55.8470723571669,148.050009632357,74.4481718768893,97.5255298517818
"United States","51","Information and cultural industries",2003,531257,288251,92893,195358,243005,429.808,63.0212417279451,45.3237103939416,20.7240913675682,60.0714871465794,101.114934471889,107.837121367649,531256,69.4754981021987,39.9702161978177,95.0997395789418,42.029785123269,0.192179567710395,0.557057591900825,0.937663516880775,59.0810228554378,151.045140814186,77.1947716091589,97.3770968768685
"United States","51","Information and cultural industries",2004,585256,334361,99164,235197,250891,422.271,70.8599597383105,46.9845322971621,22.109758888268,61.5173594220996,101.745623264026,105.929339458096,585252,76.356215684219,45.7511973712887,103.14871469414,44.3545976379361,0.208721766805826,0.580739573538404,0.960504651350862,60.8793856103411,153.20750256183,78.4414466406367,98.4210077793034
"United States","51","Information and cultural industries",2005,605147,352205,105374,246831,252941,413.802,75.8666163815117,49.1952704566956,23.6942363127217,63.7717594500358,99.2155498401151,103.783221990286,605146,80.4653177406288,49.9967061414822,105.473945037705,47.4019494801385,0.228305075313034,0.614470800068286,0.955988337396205,63.2574050926109,155.586046797724,80.2551996244778,98.2248309778698
"United States","51","Information and cultural industries",2006,614851,354874,104013,250861,259976,407.397,78.8335076588687,51.5566136703047,25.9737280936503,65.5964748324285,99.1998495027953,102.164234334905,614850,81.3760539418904,52.7751885670256,104.578954046703,50.4644448284091,0.254235038932565,0.642068873314279,0.970984123246183,65.5949082725455,158.48569151463,81.7065592037084,98.869659450714
"United States","51","Information and cultural industries",2007,671301,397125,105512,291613,274178,404.867,87.3872936416744,54.2350634369423,29.2218158493726,67.3403830006868,98.6851447295902,101.527800352384,671303,87.7645925400628,58.8682519650975,110.20110891094,53.4189288536762,0.287820830826131,0.663270382761777,0.972001209393613,67.8125045755186,161.727119843787,82.8322851207867,98.9126903101585
"United States","51","Information and cultural industries",2008,710420,440632,117404,323228,269787,398.654,93.4015933449082,57.034623580447,32.8130146378477,69.1496632824678,97.6768056753053,99.9576661414892,710419,91.3563889058659,63.9081145643569,112.003999997399,57.0587787631166,0.328269115361309,0.691789494010265,0.977181735486347,70.5757156127983,165.192236749267,84.3975957245866,99.120113342471
"United States","51","Information and cultural industries",2009,689060,423946,109241,314705,265114,376.823,90.900584074128,59.521271238668,36.5922425901672,70.5227294410612,93.0575348914508,94.3281940506539,689060,88.215473874576,65.9087358066175,104.450928070249,63.1001916634864,0.387924765850148,0.747631502445502,0.986529381040404,75.1027651742437,169.718852438738,87.437636460743,99.4814903163163
"United States","51","Information and cultural industries",2010,722407,460248,116966,343282,262161,366.092,97.3950879516828,62.7189034992169,41.1613730681166,72.6770213623384,89.991920165152,91.6025402935781,722409,92.6238589577972,72.7189106017517,106.207802860986,68.468519866598,0.449347506479602,0.793395260976551,0.982417298436657,79.0424391747447,173.763252262008,89.8919800565743,99.3262775009898
"United States","51","Information and cultural industries",2011,729681,455211,117687,337524,274470,364.213,99.4391858881438,66.7788977387776,47.3556094915126,75.3238146905045,90.2070458576167,91.1312314843381,729681,90.8208476330288,74.6290904356577,101.844162546101,73.2777299846477,0.519641935263996,0.826542267273649,0.989858738747756,82.4987607607249,177.892779566334,91.6337494515318,99.6036314744959
"United States","51","Information and cultural industries",2012,729167,441934,116651,325283,287233,365.993,100,70.8299728720399,53.7720055713327,77.9615630562445,91.0606079963419,91.5760680096545,729167,87.7654725533272,74.6854213047918,96.560777075169,77.3455056670184,0.587184039891992,0.851331191114531,0.994371236672246,85.2857346836384,181.419125497105,92.8722847568123,99.7782183117006
"United States","51","Information and cultural industries",2013,801023,501551,124978,376573,299474,369.273,110.664150458006,74.7797393617266,60.5502934040206,80.5628394675297,92.3713463445452,92.3935867923076,801025,93.4174887861196,81.9186817348193,101.214057382116,80.9360713853708,0.655351691672411,0.871952721660515,0.999759285806141,87.7037310717454,184.594910434662,93.8961714541149,99.9854249806978
"United States","51","Information and cultural industries",2014,813292,495201,128268,366933,318090,377.577,114.075570297707,80.9493040190993,68.6742190345815,85.7978091092691,94.7876383941805,94.4488034992455,813291,90.7954521459609,82.6064608065038,96.3823158089261,85.7070720009131,0.727105230455673,0.908405463389004,1.00358749801354,90.8611792985686,187.628187687277,95.6844216981857,100.131691042382
"United States","51","Information and cultural industries",2015,871807,534403,140268,394135,337405,387.838,126.131306750989,86.4641337875159,77.5011554413178,89.8649046793844,97.4625969150304,96.9825890401395,871808,95.3905376411578,88.9502040911324,99.771092481035,89.154284952869,0.799124422315034,0.926608637372949,1.00494942318659,93.0766955180693,190.472497845689,96.5456595473484,100.184537148858
"United States","51","Information and cultural industries",2016,933517,589758,155714,434044,343761,392.569,137.120359930545,92.5897200245135,87.4789584005199,94.4323264756964,98.5603391755567,98.1587971369641,933519,98.9569762675629,95.541167574303,101.287768055371,94.3264615348944,0.891198353607143,0.962036304743344,1.00409073919307,96.4014629050268,193.906391748554,98.2210160743372,100.15220223829
"United States","51","Information and cultural industries",2017,967236,602742,155279,447463,364497,400,146.211715407896,100,100,100,100,100,967239,100,100,100,100,1,1,1,100,197.596778621733,100,100
"United States","51","Information and cultural industries",2018,995947,602366,154524,447842,393583,415.434,154.341032727114,108.367107127072,113.585062244051,106.622126704554,103.700264570342,103.787184135818,995949,99.078951874161,101.708090364815,97.4095976412617,104.412802051995,1.09440354500234,1.02731495793378,0.999162521209149,102.686784145851,200.430518164142,101.236821125025,99.9676638881193
"United States","51","Information and cultural industries",2019,1096665,680685,164053,516632,415982,427.132,170.697144837394,115.211373761307,125.575720965262,111.955033253947,107.287457644984,106.670264551532,1096667,104.161943104344,109.446206297226,101.332493474767,108.00701980602,1.17723267579032,1.0495430354901,1.00578599008868,104.83852563846,202.671061471274,102.23944189746,100.223769909111
"United States","51","Information and cultural industries",2020,1135760,697787,163947,533840,437973,395.643,177.596670848853,121.404328369969,136.137323484661,116.948809443589,105.860940648642,98.3898363494847,1135760,105.462740659182,123.453216519371,100.050318907436,123.391127452164,1.38365230125087,1.1886269332554,1.07593369982464,113.824037943839,207.541010242824,108.405191509825,102.841728726023
"United States","51","Information and cultural industries",2021,1263512,740214,167290,572924,523299,429.852,200.959995180399,127.762416175176,147.698532622314,121.983308545801,111.372899248463,106.581087661208,1263513,113.410940696,128.957703723684,107.578212252318,119.873440005883,1.38578556349329,1.14451176303954,1.04495930462342,111.865468840401,207.5852580453,106.528539557766,101.647403963824
"United States","51","Information and cultural industries",2022,1318371,785900,176620,609280,532470,457.941,213.750136794056,136.927836357577,162.647069090948,129.711307439828,118.877447088,113.327920784976,1318370,112.742210773378,128.999286441978,106.765879780922,120.824449446468,1.4351897393366,1.14456619817403,1.04896874719473,112.389100035936,208.555997557158,106.530859021128,101.80674862856
"United States","51","Information and cultural industries",2023,1433533,875546,193373,682173,557984,442.225,232.429039938081,146.757323907409,177.19831516617,138.382651268905,116.876254115136,109.366078663756,1433530,118.365763374681,145.353527272253,108.319945297865,134.189070048504,1.62023103809878,1.26531601900403,1.06867006244661,119.734210210939,211.98387573011,111.66177247085,102.560757068306
"United States","52-53, 55","Finance and insurance",1963,96540.1204135368,77439.9936512505,391.484595831768,76654.1654022549,18582.9383435091,231.60574568303,17.9956429768889,13.9514427725545,0.0240314159706753,17.1597169760388,26.8210026090802,33.7897172071537,96022.9319947596,102.128142712699,50.4544180738562,122.198151571886,41.289019043938,0.000711205004272353,0.507838431166447,0.793762269291851,52.6819490400934,100,61.9342940869058,93.7760495800296
"United States","52-53, 55","Finance and insurance",1964,103506.407314433,82796.8571634115,386.010434579214,81985.0836174168,20162.1867480662,236.711873884577,19.2140547923693,14.6046264234315,0.0245915570157941,17.9647867013072,27.5479852235885,34.5266397241329,102959.043911478,104.552183492724,52.7206919851641,124.63641899517,42.2995882023915,0.000712248779848838,0.520316684300744,0.797876232488776,53.7178963722965,100.000573870049,63.1446216953657,93.8704711627644
"United States","52-53, 55","Finance and insurance",1965,111132.926729666,88539.0125250121,430.312992027913,87655.6388058032,22017.2859605629,243.836450386052,20.3493636965871,15.3345387546124,0.025298110804077,18.8642827561333,28.4330965154898,35.5504562966875,110556.298485575,105.81692599834,54.2278073702377,125.717723032325,43.1345764640475,0.000711611423295129,0.530634054277695,0.799795543500215,54.5672209363725,100.00023181911,64.1374943322937,93.915022640496
"United States","52-53, 55","Finance and insurance",1966,119798.355851708,94620.2212661585,509.022802594731,93633.272157056,24581.9174998062,249.27247996861,21.1760830226186,16.0694474765633,0.0260086240092018,19.7701444751414,29.1581114282946,36.3343383908539,119202.138765965,105.541664155384,55.2134347208272,124.842103239315,44.2266136889623,0.000715813887387274,0.544117365299762,0.802494629588036,55.6658954340712,100.002634971709,65.4202277406595,93.9791748179737
"United States","52-53, 55","Finance and insurance",1967,128539.324206445,100684.565901245,532.737159298858,99642.1381517144,27240.9347658732,253.744237961604,22.1448614749805,16.7764789103656,0.0267665697906363,20.6413818558296,29.9113311901121,36.9804650093329,127925.500667118,106.108251307322,56.7305495034124,125.051395592608,45.36578679076,0.000723802953366894,0.558169883764854,0.808841402685533,56.7961863098691,100.007316027932,66.7381294900567,94.1344648056704
"United States","52-53, 55","Finance and insurance",1968,140139.01105565,108903.301861984,558.599488655212,107791.164671079,30593.26525355,261.417495144444,23.0716739371295,17.5444155508672,0.0276505493272994,21.5874318475334,31.6153421205215,38.0835701503569,139496.567115534,105.467297493879,57.3928565486489,124.582370507737,46.0682007532396,0.000726049296799983,0.566843700900534,0.830156994097499,57.4843731478295,100.008581775409,67.5413258453248,94.6651709134536
"United States","52-53, 55","Finance and insurance",1969,153534.961996608,119492.057251454,660.015347926806,118230.674763183,33333.5378279564,269.172982004881,24.3481965485684,18.4054296053351,0.0289090457722365,22.6472390825059,32.7804783977001,39.1976459939387,152825.595079411,106.368156632105,58.8468475862515,125.324860598556,46.9554462739451,0.000737519946394404,0.577770386670872,0.836286913830721,58.3475388426441,100.015105903971,68.5457764267336,94.8176152006896
"United States","52-53, 55","Finance and insurance",1970,164465.587070511,127679.842971169,709.868306113314,126327.989530535,36035.7386516489,274.330541332828,24.8909637200794,19.2503539892507,0.0308954489216828,23.6843855365273,33.0337517799572,39.9420218844542,163715.581622817,104.817186420203,59.0375133372904,122.495287673076,48.195742431214,0.000773507385556452,0.592969119215907,0.827042553717447,59.5476035914178,100.035727621727,69.9348270232457,94.5869605742517
"United States","52-53, 55","Finance and insurance",1971,182181.008681043,141074.694936133,806.860724745169,139561.363210299,40286.5602810421,281.948055872148,26.1893792941669,20.1124136969107,0.0324455017475194,24.7443697372921,33.6712363493413,41.037230577883,181361.255217175,106.135803204499,60.4593607796716,123.360863907046,49.0101632436919,0.000790635754182835,0.60297367509561,0.820504597293375,60.3298916513399,100.045351933709,70.8423114748543,94.421108553
"United States","52-53, 55","Finance and insurance",1972,198859.482642759,152727.455180444,976.965450428111,150998.824146348,45276.1926455053,291.505883234349,27.248604286038,21.1451005548406,0.036704464021815,26.0042290003812,34.766853638903,42.4060631138868,198003.647825949,105.463543915712,60.8741200971522,122.081792524331,49.8633898130387,0.000865547549727513,0.613219598587674,0.819855725478035,61.1418653799615,100.087849959465,71.762660122234,94.4042728291417
"United States","52-53, 55","Finance and insurance",1973,219210.929165657,167569.563557706,1308.22218348343,165466.687928623,50722.2687713205,305.348405038943,28.7406482881694,22.2892650779446,0.0430708575624297,27.3911075984132,35.9589410678932,44.3746601969646,218291.832329027,105.991030762172,61.3589486786257,122.156674441062,50.2297143888198,0.000970618307188209,0.61726912334276,0.81034853919519,61.4872143761899,100.150520848371,72.1226848761512,94.1507916323081
"United States","52-53, 55","Finance and insurance",1974,240976.038471852,183909.054959425,1602.03923228612,181456.024169646,56065.8428198329,312.265793449577,30.2773014977468,23.3898563287903,0.0516103049353833,28.7145999227388,36.5091108197252,45.3689004485475,239974.897779258,107.225599517417,63.2230294120448,122.632618479149,51.5548230121127,0.00113757010694835,0.63291372810112,0.804716677256259,62.7275828922747,100.251260641845,73.5023588225292,93.9979247735904
"United States","52-53, 55","Finance and insurance",1975,267394.168306276,203962.353962932,1727.41391921624,201284.884747317,62324.2583881314,314.270870648892,30.9478315963144,24.2968583860983,0.0629138094576458,29.7925064515605,36.3892883401435,45.6592892014914,266286.612351063,106.533569431687,64.2121880363062,120.669216456715,53.2133960274279,0.00137789725941662,0.652496063179788,0.796974481568472,64.2679616094828,100.377800247093,75.2152643632529,93.7856655663222
"United States","52-53, 55","Finance and insurance",1976,294709.939672078,224437.695198623,2057.77308917802,221354.456579151,69062.6828908487,320.695811457896,32.2507550272212,25.1807793644755,0.0765626748442874,30.8364447513604,37.454212822006,46.5833269250673,293500.378089472,107.294938779754,65.5882093942663,121.335283408791,54.0553477534583,0.00164356390790731,0.66196312687076,0.804026146141383,65.0447504315826,100.49731310034,76.0377845272044,93.9797502405807
"United States","52-53, 55","Finance and insurance",1977,329358.902783297,248504.207824054,3397.78939910498,244113.374711368,79574.5476303253,334.598104074396,33.4613099484986,26.2738934306135,0.103014332344579,32.0779111733465,39.0038968601141,48.5600699888566,328078.755454379,106.740594753931,65.2799818440356,120.652102650461,54.1059628551662,0.00212137940427636,0.660582062190348,0.803209238970713,65.0910984781999,100.720274520432,75.9189124497613,93.956927379704
"United States","52-53, 55","Finance and insurance",1978,377668.694664405,282410.841556035,4821.84601859429,276582.627663333,93868.430121909,352.519188774652,35.2785814968257,27.5202269780176,0.139127497438636,33.4714171837777,41.4622676438261,51.0936155847741,376279.271677944,107.051185183581,65.4125181809915,121.44384059918,53.8623596373919,0.00272299182287846,0.655099796729831,0.811496058152946,64.8700088792745,101.012030774493,75.4524398699175,94.1944752990391
"United States","52-53, 55","Finance and insurance",1979,423862.40700105,313766.125990361,5375.09025669569,307275.209032484,108635.305227908,364.644666624854,37.438301854069,28.9435839976137,0.191201642938198,35.0589258983943,42.8901168445674,52.821689694191,422401.431218269,108.472379354184,67.146014847343,122.540662578633,54.7948847626447,0.00361975627900493,0.663722158480096,0.811979266336953,65.7067752495844,101.379903147707,76.1773626596378,94.2086807371898
"United States","52-53, 55","Finance and insurance",1980,480074.387445279,355521.405515211,6392.09763474764,347903.366103207,122893.776791574,374.230854182662,39.8946191484169,30.2386783220397,0.260581222391204,36.4724473550745,44.1472408082844,54.192519307929,478415.182306785,111.062728901045,69.7415142417697,124.987881972229,55.7986207473019,0.00480843529178903,0.673016272741137,0.814637174504362,66.5989389743059,101.756086641986,76.9517362124277,94.2878476814615
"United States","52-53, 55","Finance and insurance",1981,540478.304789597,400793.186836784,7124.63076386005,392276.145935158,137800.490613167,382.319462700755,41.5118318241098,31.3185241915928,0.35438007590407,37.6124452723721,46.1773640781797,55.3518844073897,538593.677449951,111.298259590059,71.0486577693279,125.5703196003,56.5807732237055,0.0064023127613115,0.679515172338933,0.834250984814075,67.2919159917702,102.144116207515,77.4918137306675,94.8646940775187
"United States","52-53, 55","Finance and insurance",1982,583642.599586463,431323.133651502,9072.67059271167,420930.745720036,150329.993965558,382.83561269523,41.7249931561982,32.2544224890628,0.466937378479091,38.5577240286205,46.7517403509849,55.4263851637606,581653.12761706,109.101989553067,71.3174996896058,122.552843972105,58.1932637204558,0.00842446024757878,0.695656480477653,0.843492502945196,68.7113499731539,102.549011118428,78.823907367192,95.1338247336241
"United States","52-53, 55","Finance and insurance",1983,655699.179345772,479328.642259051,13099.2785793451,465146.505782305,174297.295683519,391.842612741146,43.1551353003521,33.2626831381513,0.609781865370297,39.5351041322593,48.1534376308543,56.7156670908289,653625.93794257,109.456676209884,72.085153585187,122.911238277092,58.6481387671626,0.0107515594305493,0.697075537680702,0.849032376781139,69.1070185657142,102.995698264071,78.9392677972207,95.2974796838223
"United States","52-53, 55","Finance and insurance",1984,728140.322471529,530908.295029482,17734.6476044231,512384.584668647,194972.221192901,409.485715972202,46.0423080243494,34.6784875610993,0.838819956377496,40.8764472812564,51.5917514620392,59.2139991369039,725880.516222382,111.196860997558,73.6629459195523,125.780503213039,58.5646773846873,0.0141659061810388,0.69031728775402,0.871276255852237,69.0349798668835,103.629262508637,78.3960649190229,95.9593622508891
"United States","52-53, 55","Finance and insurance",1985,796797.636759551,571701.554040543,21997.6371699325,549223.14562045,222909.256945851,428.567145606686,47.1740931728107,36.4065137192179,1.16254180993739,42.5000119283943,54.2419552256279,61.9108851006484,794610.810986394,108.478932333197,72.185993449755,122.755471199783,58.8047056023054,0.0187776641869591,0.686470753233492,0.876129539053542,69.2401201993738,104.393101356527,78.0906661295978,96.1058275045832
"United States","52-53, 55","Finance and insurance",1986,863490.930997496,611380.684134081,26501.2741227739,584743.930476848,249992.536803481,439.613389220375,48.534257736001,38.2603268455303,1.53257114755244,44.2655747475736,56.3040038819627,63.4865744418222,861373.220937561,106.574149469678,72.4240634547129,120.175546708222,60.2652248635517,0.0241400825454341,0.697243080710515,0.886864732850857,70.4647505562568,105.162319542386,78.9280436264376,96.4404201207354
"United States","52-53, 55","Finance and insurance",1987,910959,622490.457534032,28067.2896385298,594423.167895502,286928.864053597,456.830854602008,49.3019288168227,40.2508872497767,1.93642893295987,46.2181461639999,58.4338769841912,65.9259682075457,909419.321587629,103.330358601568,70.847378292247,116.039231132938,61.0546774573872,0.0293727795830571,0.701061318030212,0.886355992531376,71.1069790025128,105.800020936074,79.2157468349366,96.4236615795655
"United States","52-53, 55","Finance and insurance",1988,971920,660927.972498933,32383.4700335481,628544.502465385,309972.605962554,461.283380019535,50.0771841932635,41.9561090425053,2.36320383918093,47.7877848519729,58.9387776006975,66.5656218995385,970900.578461487,101.746035960012,71.2699242423608,113.07356516591,63.02969587789,0.0355018667555979,0.71790488075203,0.885423675446892,72.6691771009328,106.445787006906,80.4486620424643,96.3914596450309
"United States","52-53, 55","Finance and insurance",1989,1041776,719043.372484109,36887.4526577623,682155.919826347,321789.482923834,469.994602699466,51.7603098115082,43.9101669679914,2.83244253106259,49.6480527319381,59.8712122087628,67.8115290627546,1040832.85540794,101.431905383747,72.3118912170447,111.672996288579,64.7532470877567,0.0417693358372936,0.732147666011077,0.882906093348174,74.0261464244121,107.04272050829,81.4847481874737,96.3052569711285
"United States","52-53, 55","Finance and insurance",1990,1110090,768528.034269858,42886.1857317729,725641.848538085,341254.1144945,475.14364716037,52.7387800327066,45.3287187191676,3.24169766952265,50.9413732891877,61.0468763895467,68.5508655970373,1109782.14876436,100.496979122897,72.8842227095919,110.223202779324,66.1242105761632,0.047288938531839,0.743117870876154,0.890533997752832,75.1066866668941,107.535975460518,82.2819506494621,96.5610357876535
"United States","52-53, 55","Finance and insurance",1991,1171373,815624.266855587,45118.3839527946,770505.882902792,355256.951505687,466.18115627146,53.2877268091825,46.8145094533996,3.56962928158344,52.4139276844376,60.8130777081881,67.2454001570957,1170881.21836127,99.4101223457309,75.0725213377246,107.835835451455,69.6174152344005,0.0530836201917786,0.779442572458347,0.904345539860262,77.8407228763033,108.016716439775,84.8985434656285,97.0160377062955
"United States","52-53, 55","Finance and insurance",1992,1259182,879781.971700425,46810.4310716946,832971.54062873,379086.873397432,465.254884552323,54.8431432156549,47.9279804361083,3.93813789583738,53.4357605311903,60.7540633927379,67.1116744528938,1258868.84509786,100.677016459598,77.4177692039243,108.405071033803,71.4152654166739,0.0586803701135722,0.796221536220159,0.905268180059814,79.237893324996,108.427405441959,86.1001480789715,97.0459454792831
"United States","52-53, 55","Finance and insurance",1993,1336188,930624.827585982,47989.0653734423,882635.76221254,405209.950994523,479.889668674607,56.5155726899737,49.7777708982917,4.44033290160389,55.2510121460224,63.8587256453789,69.1902297803233,1335834.77858051,99.5310564816545,77.3819643405021,107.559575227099,71.9433524882552,0.0641757212788829,0.798537775079553,0.922944263202019,79.6462805526897,108.782798430228,86.2656789014707,97.6147928267216
"United States","52-53, 55","Finance and insurance",1994,1405660,991179.123122551,47915.4504604719,943263.672662079,413942.136378178,485.748640881028,58.1069914173898,51.8327541849018,5.26775765398458,57.1520356886336,64.8531045195587,70.0300506347826,1405121.25950073,99.0139318056501,78.6068402871437,106.203907010452,74.0150174318986,0.0752213886215324,0.81610730208793,0.926075362386607,81.2472479207119,109.389354329533,87.5252051771515,97.7136809797475
"United States","52-53, 55","Finance and insurance",1995,1504715,1063328.24153333,47921.2717562892,1015406.96977704,440669.618509108,497.383113272061,60.0486287101706,54.0858931736695,6.60362057047432,59.1219874467564,67.377596302355,71.6878620990116,1503997.86004244,98.1856523088899,79.3549195056194,105.180559894432,75.446374867434,0.0921162994281199,0.824714055011156,0.93987453844413,82.3537216753992,110.122808326044,88.1455562981571,98.1392185216066
"United States","52-53, 55","Finance and insurance",1996,1600537,1117801.7270523,50780.8614426499,1067020.86560965,482054.410537275,509.852667887008,61.8567727377981,56.4910984028781,8.65626518506541,61.0869163174697,67.9863327699401,73.4629866494833,1599856.13758958,97.8341568831586,79.7691689017431,103.734598118039,76.8973614868344,0.117831653460638,0.831533253731378,0.92545016028719,83.4637532386404,110.988426666666,88.6339747089313,97.6892218423661
"United States","52-53, 55","Finance and insurance",1997,1733920,1203439,55372,1148067,530483,532.094,65.1730038161009,59.1544075432071,11.7044467616465,63.1829452180951,70.714083204635,76.599519785784,1733922,98.6396077824859,80.6042759638925,104.375127533907,77.2255592575993,0.152800524003007,0.824847797933861,0.923166142586689,83.7116567731126,111.910539927776,88.1597800078569,97.6159549446449
"United States","52-53, 55","Finance and insurance",1998,1844829,1265059,63452,1201607,579772,557.405,67.8557071899916,62.2499040881968,16.0249517524293,65.5724465160994,74.9669920557766,80.1599614387814,1844831,97.369324541851,80.1946269795967,103.267600174517,77.6571033354818,0.199912168928221,0.818019935877556,0.935217416652942,84.0341025970799,112.912433220209,87.6798402739915,98.0093587581566
"United States","52-53, 55","Finance and insurance",1999,1979505,1374922,67825,1307097,604585,578.626,71.7313352680655,65.7601763517772,21.7236158997522,68.3765701788403,77.9973325616503,83.1558609661351,1979507,97.8971201602148,81.7207682927642,103.338543525898,79.0806271352993,0.261239744828077,0.822270004596386,0.937965546330095,85.0942355620457,113.954321696195,87.9783323015524,98.0985037716634
"United States","52-53, 55","Finance and insurance",2000,2140368,1483433,82873,1400560,656934,584.263,75.3492634596347,69.3421513350419,27.5077786379345,71.3260577389613,79.8508892633581,83.963005188853,2140367,98.4090885284041,85.0173232594868,102.943300958293,82.5865524692389,0.327617842835221,0.849493864333844,0.951024669540522,87.6942850182515,114.899709268167,89.8823151085501,98.5146743979474
"United States","52-53, 55","Finance and insurance",2001,2296387,1558452,76945,1481507,737935,587.203,79.333618060597,72.293631710941,32.7082810391031,73.855548905295,79.3487075367304,84.3844608423889,2296387,100.89232922536,89.0658406378852,103.961756572877,85.6717350436939,0.387610239048571,0.87522688618276,0.940323689274213,89.9281974150831,115.59955985507,91.642153346375,98.1651048355981
"United States","52-53, 55","Finance and insurance",2002,2377696,1639027,66806,1572221,738668,577.383,79.6444926977435,74.8560021152888,35.8646268598395,76.2861403613168,79.1516049160898,82.9607491026896,2377695,98.9809160746333,90.9493240387012,100.79651383216,90.2306246326577,0.432308377729882,0.919544979842083,0.954084983226408,93.1744794874793,115.988823952006,94.647201655832,98.6168284618022
"United States","52-53, 55","Finance and insurance",2003,2472395,1714304,63365,1650939,758094,576.374,80.4572221777236,77.3336965837571,38.6367375183253,78.6844448148547,80.6679895737815,82.8152507448038,2472398,97.1940788423827,92.038832978293,98.5627141604582,93.3809846474556,0.466541333520621,0.950120226736036,0.974071669750308,95.4116214587419,116.226514589041,96.7269039936853,99.2498864955519
"United States","52-53, 55","Finance and insurance",2004,2587471,1769032,58175,1710857,818439,581.573,81.6632432565929,80.0554802761555,42.2505270244151,81.3019364060674,82.0222123350831,83.5587750877365,2587471,95.8310082654578,92.5871997331452,96.6388930753755,95.8073885024014,0.505638420142615,0.972991003287214,0.981610994763387,97.1117833250399,116.45173822917,98.2678648001544,99.4885181616842
"United States","52-53, 55","Finance and insurance",2005,2819412,1921647,58224,1863423,897766,595.916,86.5498841742747,83.3619411219884,45.7760645312508,84.5549383040423,83.7409558383978,85.5946332986653,2819413,98.1497274798035,95.7935670935122,98.3592168966121,97.3915512098915,0.534800638394284,0.987853268896016,0.978343531728217,98.205054774101,116.592651064412,99.2575912273891,99.3832981512945
"United States","52-53, 55","Finance and insurance",2006,2965309,1990759,56716,1934043,974551,607.739,88.1890434762873,86.5177247003405,50.4596981243007,87.6008620761196,86.0141916140419,87.2762431205287,2965310,96.684649083337,95.7271168658819,96.5663758929282,99.130899322579,0.578160749364701,1.00371944235893,0.985539575703965,99.3880868404925,116.773566954288,100.301437553336,99.6192167598685
"United States","52-53, 55","Finance and insurance",2007,3110389,2131652,58088,2073564,978738,607.86,89.8867930392583,89.1844632142729,56.4193090952793,90.0952665697894,87.2883852783584,87.2937684319363,3110390,96.0818216103689,97.5503953950393,95.4823443361329,102.165898913862,0.646315425588138,1.03209276203991,0.999938332899649,101.442164029074,117.019779880753,102.162285427155,100.085070749454
"United States","52-53, 55","Finance and insurance",2008,3061974,2200677,54309,2146368,861298,601.968,88.1019012583478,90.8380262209673,62.4444042658686,91.5727764243196,87.0747091337487,86.4432748044827,3061975,93.0350776390037,96.554042092212,91.8827493428532,105.083971455761,0.722374347884267,1.05933951058008,1.00730460907103,103.467653365528,117.257046841691,103.998951962747,100.304203995928
"United States","52-53, 55","Finance and insurance",2009,3139293,2234068,53766,2180302,905226,566.772,92.2972270479282,91.2695485495423,67.1653836128191,91.8531388803615,84.7931979674841,81.2343446430463,3139294,97.8728827926,107.637936253381,95.8030071281344,112.353400462073,0.826810186109731,1.13071803907541,1.04380971299856,108.537638819501,117.533375018217,108.840011059243,101.326399890354
"United States","52-53, 55","Finance and insurance",2010,3245802,2307981,51513,2256468,937819,560.928,93.9155949739485,91.123281658508,71.2454996701126,91.5791406754956,85.0814100796128,80.3923831794274,3245800,99.6050995932944,110.672367674271,97.6393214501154,113.348153213881,0.886222013236007,1.13915195760649,1.05832675577884,109.220360317933,117.668014288678,109.403475919893,101.731165982651
"United States","52-53, 55","Finance and insurance",2011,3346269,2396642,49780,2346862,949627,565.144,95.6735016396622,91.3364492427956,73.9257965215603,91.7259333563373,87.3912740625654,80.9943772466197,3346269,100.526372096015,111.905952731075,99.2347855295898,112.768876492112,0.912727513126791,1.13249754457697,1.07897951726288,108.821727709895,117.721336366432,108.956829332479,102.295743397029
"United States","52-53, 55","Finance and insurance",2012,3577642,2502904,48839,2454065,1074739,574.275,100,91.8871972994548,76.3595786818372,92.2304504098853,89.3615018560132,82.2925576129744,3577643,103.946986593922,115.121338379113,103.100645677241,111.659182755753,0.927903821399739,1.12076295943613,1.08590016458456,108.062572579922,117.749029887233,108.172476566636,102.48696302163
"United States","52-53, 55","Finance and insurance",2013,3672237,2568211,47788,2520423,1104027,586.99,100.12217995141,92.9525228233607,79.7340804123608,93.2436608782534,91.1238913516147,84.0950447121718,3672238,102.634062692096,112.791476350036,102.043537482388,110.532699211357,0.948142434376044,1.10878900412496,1.08358217375947,107.29884231153,117.782907051,107.378171319076,102.421168094407
"United States","52-53, 55","Finance and insurance",2014,3875635,2747155,55435,2691720,1128478,610.626,102.661422599644,94.2966612905021,82.8987338957828,94.5442955801479,92.7860797763189,87.4548522922504,3875633,103.62280608303,111.208954440087,103.140053433822,107.823246874157,0.947903194882289,1.08106403592343,1.06095976774683,105.440161257371,117.782501079786,105.51712645865,101.783726566435
"United States","52-53, 55","Finance and insurance",2015,4044593,2851681,59170,2792511,1192911,639.606,103.967202900369,95.9948456708397,87.5087565453443,96.1729963828227,96.4708106803829,91.5140900376512,4044592,102.449064501789,107.627879664999,102.60412839245,104.89624672151,0.956232603190842,1.05090916976014,1.05416346969841,103.408525593404,117.797409064673,103.470134421655,101.592217848912
"United States","52-53, 55","Finance and insurance",2016,4212882,2954989,59962,2895027,1257893,673.666,104.757541345335,97.9444328519488,93.6560957055994,98.0291268572442,98.6973287021432,96.3007836108112,4212882,101.09172758245,103.055664067961,101.326240974601,101.706786985016,0.972537213031412,1.01794734353791,1.02488603935994,101.187275590957,117.826154035233,101.223653034058,100.746587554099
"United States","52-53, 55","Finance and insurance",2017,4381038,3037807,57517,2980290,1343234,700,105.55616657923,100,100,100,100,100,4381041,100,100,100,100,1,1,1,100,117.871050672421,100,100
"United States","52-53, 55","Finance and insurance",2018,4606745,3214710,60298,3154412,1392038,729.173,107.519938892479,102.02759569796,106.866508120854,101.937228154548,102.507303980267,104.085996137997,4606748,99.6936876117067,97.8617766903415,99.8361319892603,98.0224040539439,1.02671360304003,0.979355839755813,0.984832809250951,98.620183392495,117.911792603356,98.5863688642876,99.5358729731147
"United States","52-53, 55","Finance and insurance",2019,4835714,3405557,65647,3339910,1430155,757.905,110.246568297239,103.866078853869,115.997589414556,103.64335191851,103.984806559973,108.111865246188,4835712,100.519043841303,96.6068918614429,100.555940784785,96.0727840717101,1.07294041362075,0.958667688162598,0.961826033832482,97.240965066582,117.981045005435,97.1494086246133,98.8349394584402
"United States","52-53, 55","Finance and insurance",2020,4997194,3479028,62575,3416453,1518163,747.591,111.744253825386,106.262855618889,126.781900540358,105.906751387585,104.124853892981,106.616899818022,4997191,100.229508916654,99.2922929566212,99.6231127914087,99.6679286306982,1.18913512545153,0.993339250797486,0.976626164057533,99.7749169086484,118.139448242104,99.5503835315638,99.288411534781
"United States","52-53, 55","Finance and insurance",2021,5425080,3754370,65600,3688770,1670712,792.912,118.210413063266,107.828259088503,135.841761103854,107.362478187628,106.236048527495,112.8995011539,5425082,104.316063430375,99.1927891366889,103.857898720265,95.5081802722188,1.20320957768165,0.950956178639576,0.940978901073073,96.8656674840587,118.156557125,96.6343255251745,98.1655347838368
"United States","52-53, 55","Finance and insurance",2022,5865157,4131072,72928,4058144,1734084,853.913,122.494721020473,109.290834619105,143.166399854336,108.742395006841,108.753712421612,121.281724905582,5865156,106.330424853761,95.683796364296,106.18178467591,90.1131928196007,1.18044495133782,0.896609898082312,0.896703213169807,93.0120118610519,118.128883517838,92.8113719947425,96.7479587245025
"United States","52-53, 55","Finance and insurance",2023,6277762,4486599,75906,4410693,1791165,881.33,123.956324022326,110.320666304836,147.276169591419,109.731311876596,109.567725881323,125.116146473229,6277764,106.654250068424,93.8580914683181,106.445719675037,88.1746036898927,1.17711561411405,0.87703557829824,0.875728105203171,91.5878371835787,118.124792238222,91.3938867167233,96.0850342227717
"United States","54","Professional services",1963,13279.4993067599,5155.17858161555,67.4576835070298,5159.08348679621,7905.4293136555,51.3974493627148,11.0605033870394,3.11488077282992,0.0277911771458725,4.67492125159498,13.9049872630253,17.8959629708782,13060.607895271,92.0983079654328,52.7029529897608,302.794926659041,17.4054940653303,0.00155292996476896,0.26122770030327,0.776990167316095,70.1247508409816,100,77.7185503474979,81.6040977118752
"United States","54","Professional services",1964,14677.8581777815,5431.22421735046,73.8662012050228,5431.98375585879,9027.12705936894,53.8780754879255,11.8210607966735,3.254323517864,0.0330111128907762,4.87400019513359,13.9288448453676,18.7393585323542,14458.3512767194,96.6828928733898,53.7918969353974,309.749672174414,17.3662482215989,0.00176159247040294,0.260094292273582,0.743293577595993,70.0638052028418,100.064784751004,77.5884337724935,79.4096903803879
"United States","54","Professional services",1965,16178.3443820801,5899.23565006582,100.1058733208,5876.21930887227,10044.4949950234,56.6243775545527,12.7028375995578,3.4244306134302,0.0411576163789938,5.11114986380847,14.6667632723854,19.6708853967346,15943.7306450892,98.6923389293833,55.0670696973029,316.320620689873,17.4086246976898,0.00209231132960726,0.259833238856494,0.745607682449314,70.1274972718687,100.162858667963,77.5594452360182,79.5646552513063
"United States","54","Professional services",1966,18378.9920154786,6614.03906228114,139.409049743407,6555.63686930927,11505.7950634559,59.148905705001,14.0088918522221,3.62427765623103,0.0528475019600589,5.38305656774105,15.0647366656843,20.5288387411823,18119.834125737,104.80438262005,58.1908268822741,329.607776939623,17.6545673231895,0.00257430547467077,0.262219243650751,0.733832870705124,70.489988086111,100.308031107222,77.8187753251912,78.7676062312555
"United States","54","Professional services",1967,20101.4087709365,7090.22137948925,180.173947186936,6990.75345601385,12739.8225467676,60.8523484538424,14.9047752796083,3.84318167694023,0.0654251763067,5.68102779141222,15.2684703357644,21.1117215673439,19830.0439262569,108.236352404374,60.2028307211283,330.711766080831,18.204018391778,0.00309899768704327,0.269093535233042,0.723222418743058,71.2748285776599,100.464262265838,78.5413651936307,78.0382609382401
"United States","54","Professional services",1968,21742.3200584907,7319.7876898054,198.522881349968,7202.0860096623,14158.3779044363,63.5041303659309,15.6325271806326,4.06190085134689,0.0745287463161969,5.98948045278963,16.1985675452015,22.0121151415387,21478.1655942417,107.144383251978,60.5595369452533,328.182185863833,18.4530238245108,0.00338580576364308,0.272099269619346,0.735893276999691,71.6137495320566,100.545789466079,78.8419922408251,78.9253876219567
"United States","54","Professional services",1969,24262.1156083795,7482.92031173046,225.77084700198,7335.21655561986,16542.0407924302,67.0225277594957,16.5610302619609,4.29672571596039,0.080852636761651,6.32985114021919,16.9010374501633,23.1989599117562,24024.9611041607,108.303699722838,60.8742979306619,328.673620497573,18.5211997964745,0.00348518369225159,0.272850643489906,0.728525654359128,71.6999312099806,100.572902463965,78.9116647933269,78.3920341475045
"United States","54","Professional services",1970,26646.3960429586,8296.00032115695,284.442126644781,8091.29405313465,18083.4005367896,67.6180972099327,17.1682171914886,4.54069304004914,0.0865791837409185,6.68556857801678,16.7794274095232,23.4041973963735,26379.4008579465,110.899407101586,62.5527742410782,322.417186785464,19.4011910049636,0.00369930155153853,0.285656818936791,0.716940945478573,72.7491813357447,100.633425458268,80.0270941976506,77.5334735055583
"United States","54","Professional services",1971,29039.5144198405,9645.01481334371,327.035403969191,9411.41161380164,19052.7431454276,69.1620102095778,17.7583731595838,4.77318220327296,0.0896755824960694,7.03222956445037,17.1274138981111,23.9326383960123,28697.7579587714,111.311033786363,63.274355149725,317.256328597903,19.9442373393661,0.00374699943283359,0.293834279701569,0.715650887073315,73.4054000638943,100.647723331777,80.7471013520791,77.4393148117578
"United States","54","Professional services",1972,32458.816097437,11055.3761974147,369.070130012823,10794.5555367751,20998.3449982275,73.0046048761392,19.1139217976078,5.02172324668104,0.0930495568173594,7.40268141369143,18.1909265162527,25.2264467744955,32053.7211956422,113.168111175932,64.6113552900781,324.572827929221,19.9065817376949,0.00368857166643994,0.293449231271671,0.721105381144844,73.3581804843942,100.629605627763,80.7119182066688,77.8280649411793
"United States","54","Professional services",1973,37383.5139472781,12618.8165570778,422.477294853313,12319.655036841,24307.7173374385,77.1173458528486,20.2835596300063,5.31189699534945,0.100282033467092,7.82468032070713,19.630857758251,26.6086750469774,36926.5338945162,112.051210811492,65.0033969316253,325.618939414227,19.9630270427646,0.00376877215006179,0.294065011012112,0.737761565489184,73.4295262180131,100.654452331388,80.7686498445687,79.0039440201961
"United States","54","Professional services",1974,41313.4522912589,12888.7774468444,411.449640643613,12607.2866765862,28008.4966266361,78.9467913428157,20.804274380118,5.61053120842374,0.106675373469833,8.26229113121181,20.3017735749344,27.2325121226399,40897.2740734805,110.362586586953,65.1448361993229,316.201349858255,20.6023270389344,0.00391720649896075,0.303398052078453,0.745497642064992,74.1936974606737,100.696262595612,81.5826648850967,79.5593288953064
"United States","54","Professional services",1975,45602.8002888872,14961.9861350224,415.676267094762,14709.5389676296,30119.6241131838,81.3802349201038,20.8913560232274,5.80847074966655,0.110530366495192,8.55350266718731,20.4886935634616,28.0595566920015,45081.6102482061,108.911027181264,63.4893606967479,306.704362058051,20.7005078997641,0.00393913445277983,0.304833848983278,0.730185932313822,74.3079005274419,100.701681800672,81.704962068998,78.4502097118197
"United States","54","Professional services",1976,51154.0100486382,16624.0901868996,453.206668090984,16353.9712214418,33958.6728843824,85.181507351982,21.8012478029671,5.96879231252178,0.114048550606895,8.78843617290877,21.6337179885173,29.3403186889967,50582.763071282,108.608618115229,63.3624050944919,311.46554630048,20.3433111132505,0.00388709310951233,0.299534448349556,0.737337525806443,73.8819532859554,100.689508387305,81.240881868174,78.9639740283987
"United States","54","Professional services",1977,60690.1497933654,20620.9033613853,592.15343644024,20249.871348705,39316.0190150556,90.5170147994657,24.1033041242635,6.18906479326796,0.119578530936089,9.10936007435622,23.1029383178498,31.1223623188517,59936.9223764409,113.560648888634,66.0418385765431,332.098321319562,19.8862307747091,0.00384220611889916,0.292695007564976,0.742325986734487,73.3193997738077,100.678492719154,80.6228984918201,79.3181157869784
"United States","54","Professional services",1978,70150.6760317241,22150.9788283836,623.157872847809,21767.9310150886,47270.6822002702,97.6524223887903,26.0690266138959,6.5307285575735,0.13419026094086,9.59208428360876,24.8760546982286,33.4830627588575,69421.6610286538,114.834439051124,66.3918495955898,340.391190215341,19.5045734155424,0.00400770568413315,0.286475713189389,0.74294442170312,72.8498189186369,100.718530473888,80.0608825278238,79.3622803072991
"United States","54","Professional services",1979,82324.4505570441,24696.2350269993,760.755765404908,24190.0074753033,56881.89767116,103.424060374466,28.08481362355,7.02615058742024,0.160482484453785,10.2792190913389,26.8500875054016,35.405626355131,81578.1326981594,114.734110900216,67.6416812413792,340.854648967105,19.8447289618477,0.004532683106467,0.290327277033168,0.758356517579599,73.2424685362502,100.832047546032,80.3877057624483,80.4931393380898
"United States","54","Professional services",1980,95418.353075445,27886.821026272,899.152178891159,27267.0744822609,66728.513114506,107.689006105144,29.3074683244691,7.58262264721542,0.199152146195692,11.032862207308,28.3020178280486,36.8365566860263,94615.334140778,112.79022699677,67.8444624666042,329.589972198052,20.5845044417299,0.00540637247648175,0.299508510020244,0.768313338004927,74.0476770571257,100.999508759224,81.1227549544954,81.2328136941698
"United States","54","Professional services",1981,108694.906401437,29706.5050259874,931.213719988592,29078.2399824918,78246.9040752605,112.776741227313,29.9673021263352,8.15183734174227,0.250366479466477,11.789995411776,29.9833334768666,38.5370699600181,107953.409101248,108.408191355761,66.3107720083103,313.478146442125,21.1532359626711,0.00649676998604799,0.305939071756311,0.778038743162729,74.6249969034244,101.167855495529,81.6045919757875,81.9667393519485
"United States","54","Professional services",1982,119813.037818367,30904.2410535342,1262.13811165674,29898.7110407524,88246.2434312291,117.479453794308,29.4171215987027,8.85596773954852,0.297121618613641,12.7517145025517,32.1403021356669,40.1117684713651,119150.484484763,98.9217044356059,62.5379289910043,283.256105051453,22.0782281037312,0.0074073427808537,0.317904569868438,0.801268639117997,75.4835432764529,101.295451689794,82.4231296789371,83.7528561083345
"United States","54","Professional services",1983,136805.454885894,35346.2184501337,2096.8588782874,33412.4576065689,100697.757577218,123.880142952123,30.8751112123431,9.8622357206297,0.393444020756359,14.0199026824243,34.4974928154597,42.2403984972474,136043.976027351,95.8094655870132,62.3297884775773,266.96128323466,23.3478756628501,0.00931440125457146,0.331907443613202,0.816694303149335,76.5871691915073,101.597645063225,83.3099171814077,84.9437085462434
"United States","54","Professional services",1984,157799.495829414,36142.3004765344,2508.31750699062,33728.0576294652,121168.007776303,129.51515453603,33.2563372264336,11.1095972338073,0.55592156709235,15.478404617409,36.6148561031358,44.1194690750459,157310.308252838,95.8243962256254,64.2775429073988,255.26497557383,25.1807137907989,0.0126003684710427,0.350829349081257,0.82990246416735,78.017128750312,102.080121508086,84.3791053384541,85.9791628873067
"United States","54","Professional services",1985,179266.857682928,39201.9984443098,3045.51669986105,36193.6834977127,139665.281632495,132.865341623779,35.9569162823259,12.4769996427409,0.752523584583412,17.0600942681282,37.922749496865,45.2464390096713,178867.280076805,98.2307634402027,67.7662046664089,245.746536358962,27.5756499645728,0.0166316643045116,0.377048330023976,0.83813777010737,79.6244851882013,102.548329230406,85.6559126001505,86.6401122570952
"United States","54","Professional services",1986,200527.018889122,40419.6988669741,3365.53255718724,37047.5332141804,159948.881856844,138.908276855658,38.5264650755537,14.0327122178108,1.00206791510808,18.8391090003702,39.9618841625076,47.2588244171067,200368.580723818,98.5202561934876,69.517056990675,234.116850636081,29.6933163084167,0.0212038265333015,0.398636852116677,0.84559623848879,80.8740016880731,102.97040239248,86.5843171513321,87.2482877488046
"United States","54","Professional services",1987,220270,33436.1449004314,2756.55751248461,30679.5873879468,187581.640646502,145.471120980506,39.8812175870165,15.8953494106169,1.28252687118132,21.0570238542694,41.804316846685,49.440198592298,221017.785546933,96.1304085937388,68.7865189097176,213.950575575131,32.150658498959,0.0259409732909349,0.425908965858194,0.845553174076396,82.016993437166,103.274707732328,87.5166740488029,87.2446286385867
"United States","54","Professional services",1988,253835,38959.0573303346,3366.09688225729,35592.9604480773,216850.568849088,153.511186449149,43.759004180552,17.3377369106475,1.49042132997861,22.8314747367811,43.9629375804694,52.0992986515557,255809.626179423,99.7441288767551,71.6226989467791,215.22372855751,33.2782539484911,0.0286073204160899,0.438229982508591,0.843829738947102,82.4472622208234,103.404278981667,87.8642175440212,87.0937723507177
"United States","54","Professional services",1989,284381,49193.1609906786,4161.47290034422,45031.6880903344,238282.865638978,160.619395087829,46.8704245843187,18.905206647918,1.68283257250567,24.8161530735203,46.4228671412126,54.4573100869893,287476.026629657,100.651143074894,73.3935392643703,211.413437606703,34.7156453701424,0.0309018673492602,0.455699207946175,0.852463462977834,83.0129749300414,103.514572468491,88.3736278487294,87.8401647925823
"United States","54","Professional services",1990,315090,60811.7188641855,5131.97309352763,55679.7457706578,259752.491842966,163.94560901919,49.4339265304399,20.1424888421827,1.82594940034149,26.395881991842,47.5734429018304,55.5736771764799,320564.210707151,102.864026359659,75.852710261076,209.279700539395,36.2446573010063,0.0328563718132777,0.474970945471526,0.856042740356303,83.6610010950449,103.611384281145,88.980301037067,88.1423299006214
"United States","54","Professional services",1991,321291,49417.9816532861,3894.46824328094,45523.5134100052,273653.689539895,163.862193634149,48.2848265252068,21.8210534670412,2.0593199859967,28.4901421577717,47.8000803740226,55.5453822622155,323071.671193182,98.7149023030347,74.1272424685674,188.690524276452,39.2850900980925,0.0370745488126299,0.512916483737154,0.860559031682791,84.8236413894677,103.787137567859,90.0626054026644,88.5275025099717
"United States","54","Professional services",1992,348057,57379.8710127094,4299.01639682973,53080.8546158797,294647.318702601,164.798401421496,50.4677768435951,23.1275778517579,2.35814424258902,30.0088507969534,48.7094197242691,55.8620184974574,352027.189715311,100.62482605156,77.0393622474176,186.079766177091,41.4012570147471,0.0422137313691297,0.537195962554043,0.871959535914123,85.5296360141174,103.950740166455,90.6721696504157,89.5139893132117
"United States","54","Professional services",1993,364732,52257.6580973582,3475.41129407578,48782.2468032825,312635.115800735,168.996165824787,51.0427897449808,24.8383604800696,2.78519971705168,32.0075879966823,50.5226851501911,57.2676480779974,364892.773898093,97.5971297218253,76.0046536761376,175.23732142094,43.3724123718861,0.048634784394468,0.55891221432891,0.8822203608114,86.1408939165588,104.110831362698,91.1847143578292,90.4052735577747
"United States","54","Professional services",1994,382988,61006.8847371301,4060.48998313003,56946.3947540001,322904.240269824,170.550953121472,52.0037993497305,26.1757583781034,3.15894809181933,33.5547540698003,51.1420678869842,57.792219117236,383911.125006954,97.6347968550828,76.7327622231926,169.414637154625,45.2928764078152,0.0546604394167865,0.580610237543083,0.884929990025796,86.7065273408863,104.233120627792,91.6757587946451,90.6409424393825
"United States","54","Professional services",1995,407280,69371.3986980518,4735.06207386011,64636.3366241917,341240.246105417,179.784370585567,53.2971055592704,27.6036123740837,3.77057779679407,35.0642627321864,55.1629809293793,60.8411511427202,410611.644803469,93.1130782466215,74.7001253885746,164.646625142927,45.3699705801615,0.061974136353027,0.576324774821127,0.906672209406079,86.7307034794969,104.377912358302,91.5719912456292,92.4991575761324
"United States","54","Professional services",1996,445985,81376.5123006191,5867.66719301399,75508.8451076051,371949.24433682,183.12209726369,56.6014538818246,29.1825636321995,4.71167229817121,36.590040967471,57.074053400387,61.9621617608189,453325.756637439,95.2163966733438,77.896178953811,165.393818778832,47.0973942853181,0.0760411219408195,0.590522343437803,0.921111397318567,87.297199498597,104.639529056287,91.933700997157,93.7139191887209
"United States","54","Professional services",1997,493628,64414,3738,60676,429212,198.494,59.9660550715306,32.1143643262823,7.095752462697,39.4940418721594,61.3539205061531,66.9583985579101,493626,93.4995069030282,76.3687268204132,159.22867399298,47.9616672709215,0.105972553339371,0.589829546744646,0.916299102540365,87.5436023394144,104.996403763706,91.918081795001,93.3000370839322
"United States","54","Professional services",1998,535605,68974,5053,63921,466631,221.508,63.1994349281749,35.5806207976066,9.97198838707379,42.9478303751446,68.0318784266435,74.3039302961924,535605,88.8777470153487,72.5298097164146,151.465876782203,47.8852473291442,0.13420539596389,0.578002135337186,0.915589231356309,87.5255073146014,105.207492586448,91.6928245408393,93.2371230512709
"United States","54","Professional services",1999,587910,91907,7849,84058,496004,229.671,66.6559437116428,39.8498239004099,14.1130835649479,47.0724820594562,69.7967698381769,76.9961305859358,587911,90.233129058575,73.821881569867,142.635491882174,51.7556188826051,0.183296010559858,0.611361658063042,0.906497109751202,88.5006825469028,105.581787744584,92.3701329841197,92.4426682255936
"United States","54","Professional services",2000,643217,94508,13273,81235,548710,237.332,70.0459288613983,45.6069905927149,18.8626173910945,52.529723245166,72.7665612370778,79.5228654515505,643218,89.6749711938001,75.1114260125696,130.968427143399,57.3507887747092,0.237197405852868,0.660561247974268,0.915039477311227,89.8889957689002,106.04531669128,93.3377537811712,93.181185800006
"United States","54","Professional services",2001,677620,105984,14599,91385,571634,242.954,72.4459576493529,50.8350217979161,24.6805780717237,57.0701072735803,74.4257669666771,81.3846152107357,677618,89.505087633677,75.9078992243736,121.525179912172,62.4626923237087,0.303258521377982,0.701239504859784,0.914494303056671,91.0606169363706,106.596232546829,94.0689470908252,93.134087086683
"United States","54","Professional services",2002,703719,143982,17619,126363,559737,233.878,74.133930643615,54.7447984999762,30.6995864832304,60.2258009845625,72.441068895759,78.2853695926772,703719,92.3977984137916,80.7516770079853,115.475352051965,69.9297950368201,0.392149729163468,0.769311064096912,0.925346195242784,92.9357464857859,107.236347486652,95.4491042154019,94.0388122868167
"United States","54","Professional services",2003,724018,142002,18745,123257,582017,235.856,75.2606711841554,59.6931317449195,38.061698818668,64.399033961293,73.71350854174,78.9448497792532,724019,90.9150145519624,81.2941722913311,107.512473074661,75.6137124990855,0.482130233005658,0.815747121457151,0.933734230261491,94.402364093903,107.801899811522,96.4325708116067,94.7198345199044
"United States","54","Professional services",2004,770196,151875,20674,131201,618323,238.915,77.9766871847289,64.1360142937734,45.3936166790203,68.0638895378492,75.2302710213735,79.9622775197428,770198,91.3681732615077,83.1562227966145,103.675930566861,80.2078383496995,0.567687890928476,0.851199986406642,0.94082201451552,95.5037795665397,108.267218784723,97.1337372077276,95.2970052437038
"United States","54","Professional services",2005,822864,152481,21378,131103,670384,246.575,80.9758728673204,68.9465504114705,53.615405497466,72.0544342937715,78.359164043004,82.4857866664196,822865,90.5453142392976,83.7127572741615,100.151676865119,83.5859766850463,0.649995686096706,0.873537577875889,0.949971712822428,96.2602669946206,108.655066433756,97.5493773566759,96.0458500119122
"United States","54","Professional services",2006,888803,160324,22215,138109,728480,253.553,84.1467885696457,73.6813244181581,61.802664655824,76.0704152541985,81.380700258362,84.7879697415308,888804,90.1252699989965,84.6288499133434,97.3857137120728,86.9006825411313,0.728908415241271,0.897184063801657,0.959814234335891,96.9471940049705,108.972843601569,97.9602371261767,96.8582496596429
"United States","54","Professional services",2007,959512,185551,26595,158956,773961,259.049,87.5131594816762,77.7834043752563,69.3349671100014,79.4911736461673,84.2078870745108,86.6069926746934,959512,90.2454933286269,86.165920937092,95.9404045547389,89.81192161633,0.800570080645014,0.917837823381606,0.972298938849038,97.546044338389,109.242506926226,98.3187900187682,97.8814395748092
"United States","54","Professional services",2008,1062003,248228,34337,213891,813773,266.348,94.5404944940471,81.8504823544481,77.3418796557503,82.8652776620218,86.0554665881666,89.0138245864015,1062001,94.8047959380472,90.5681584706666,98.4944491384934,91.9525508928107,0.868874919318608,0.930925932539708,0.966765184936376,98.0379723601545,109.511386238739,98.5746186786974,97.4430589625476
"United States","54","Professional services",2009,1018168,236451,32115,204336,781717,257.419,89.1808779003779,85.7979052190768,86.3901656446345,85.9977617746649,83.3859926046444,85.9787514688235,1018168,90.6181689844844,88.4495724905383,88.6360079686047,99.7896616935496,1.00478506804045,1.00022110469757,0.96984419033906,99.9241179080743,110.02085585678,100.007811474612,97.6810079448328
"United States","54","Professional services",2010,1051580,259131,33381,225750,792448,256.833,91.6768709397469,88.5457763388335,94.7203680781361,87.9613299115296,83.1551836834764,85.782805470967,1051579,92.6493432524191,91.1327898420233,88.2890941418764,103.220891241196,1.10418827593828,1.02539581712911,0.969368898894546,100.73586625795,110.349767895217,100.525438592334,97.6445919638013
"United States","54","Professional services",2011,1111968,268484,35139,233345,843482,267.032,95.7459792880519,90.380008048231,100.278978928876,89.2915162378565,87.1513694844587,89.123085371202,1111966,92.9220294579797,91.6105439019449,90.3365080551693,101.410322220998,1.12517400526709,1.00188986799495,0.977876485328902,100.301949571821,110.415589115038,100.031816812528,98.2918254379698
"United States","54","Professional services",2012,1174567,274678,34870,239808,899890,269.426,100,91.9362019050559,105.06884401713,90.4389173060518,88.6056872301714,89.9186685924778,1174568,95.4458080434878,94.8342603688929,92.7531293725795,102.243731300918,1.16848754170632,1.00578576975969,0.985398122738483,100.497235597338,110.543469891312,100.112214723691,98.8676671235061
"United States","54","Professional services",2013,1191730,267656,33906,233750,924073,275.024,100.848770977827,94.4582205817554,110.677128949718,92.5844306408017,90.7488813991397,91.7679725751671,1191729,93.9145630683691,93.7118695485514,91.0428782347838,102.931576160065,1.20605398423794,1.00889698271329,0.988894914560822,100.651813043252,110.645201060083,100.174122011997,99.1379781570547
"United States","54","Professional services",2014,1247789,281792,35182,246610,965996,281.069,105.012032496117,95.3465847625158,111.382283829814,93.4952991256836,92.9715953622523,93.7631786763217,1247788,95.7731093258732,95.5040681504387,93.9180467618136,101.688729102988,1.18791070655054,0.997143019739521,0.991557631415184,100.376816490988,110.597709166713,99.943256302035,99.3447374944046
"United States","54","Professional services",2015,1326131,295418,35350,260068,1030713,287.811,109.725198503572,96.5093045024127,108.450513088162,95.13582676468,95.9910176406677,95.9860409717686,1326131,97.3561104973468,97.4795296897573,96.9510056978586,100.54514544547,1.12985713328941,0.99114231404399,1.00005184784005,100.122508103074,110.445832871196,99.8245595434771,100.004257555323
"United States","54","Professional services",2016,1371858,305708,35150,270558,1066150,296.643,113.125578343677,98.0332269245039,104.233365638946,97.3372294110623,99.0374877495049,98.8872050326127,1371858,97.6238396730901,97.5519240583066,98.4017094847707,99.136411927279,1.05406321884181,0.98432582232414,1.0015197387452,99.8082391919178,110.245546296034,99.6891675742457,100.118321664711
"United States","54","Professional services",2017,1435142,315393,32823,282570,1119749,300,117.269445286589,100,100,100,100,100,1435142,100,100,100,100,1,1,1,100,110.10489227298,100,100
"United States","54","Professional services",2018,1534856,333213,31384,301829,1201644,306.529,124.925514494652,103.423616822079,98.0140341737156,104.004759303188,102.411146602944,102.152914904069,1534857,103.797239534143,104.28347924972,103.00221273467,101.243921349875,0.959483478917467,1.01812816012992,1.00252789359087,100.270399493066,110.006301309962,100.354141427862,100.197517909893
"United States","54","Professional services",2019,1624501,348537,30346,318191,1275963,312.041,131.680207259964,107.750784255346,97.6696267082147,108.817173730542,105.048354178757,103.973744245423,1624500,106.30518506592,107.99706345722,104.211390504107,103.632686345322,0.939368178159211,1.04658319771274,1.01033539708637,100.776335974775,109.960711917879,100.898517904281,100.808913647869
"United States","54","Professional services",2020,1643233,359553,29428,330125,1283680,305.334,132.712342406123,113.610595962532,99.9769265405793,115.038224497476,102.915559545978,101.71454858169,1643233,107.631643460856,111.261104730883,99.6110701341112,111.695521974703,0.982916681385898,1.13099085727236,1.01180766154926,102.425736028427,110.051912086244,102.463090044619,100.923964613246
"United States","54","Professional services",2021,1843952,404915,30923,373992,1439038,318.14,149.807578268035,118.491076329783,103.855535361843,120.019669123709,107.270549251845,105.893079496881,1843953,116.54787905333,120.637223799785,107.811048104242,111.896902888043,0.980758476902179,1.13340427621848,1.0130081187695,102.466186701762,110.047717652397,102.507188394245,101.01744632428
"United States","54","Professional services",2022,2017079,446835,32791,414044,1570245,332.237,161.496813608357,123.014778048987,105.251326132422,124.840092485838,113.451613978132,110.484517342385,2017080,119.283878050577,124.645804309951,111.94940759438,111.341191515343,0.952634166887422,1.12993291267197,1.02685531608516,102.353732098289,109.994856908487,102.44304893041,102.092122148706
"United States","54","Professional services",2023,2181006,525717,33851,491866,1655289,338.361,167.944860018592,126.918721254165,103.810577040491,129.202935887147,115.000245864085,112.502441942506,2181006,121.876530293524,127.297506467571,112.838202191733,112.814192352399,0.922740655652101,1.1484456128799,1.02220221960031,102.665334315399,109.939150190644,102.802271350929,101.736311772337
"United States","56","Administration, waste management",1963,5465.36573362043,2309.16453643413,13.361929499289,2303.31669958861,3124.44368683365,25.9247868585003,9.95659682418682,3.04943879850791,0.015369247420753,5.34065365200661,12.1927962363795,13.7753719018196,5433.60822326778,91.1938033594637,63.4252061566202,286.51363758621,22.1368890817757,0.00111570471783218,0.387695787095312,0.885115576064335,76.3248815474306,100,86.0515132715843,91.1235057176693
"United States","56","Administration, waste management",1964,6003.62144981032,2427.3186101477,14.4096771134091,2420.79678405158,3543.66424709871,27.1837585905085,10.6347850787919,3.16043295545279,0.017148007189167,5.53254450660159,12.541206806781,14.4284892645509,5970.98285724641,94.4015292701434,64.6788300547072,295.28163332114,21.9041155141419,0.0011884825136404,0.383445862221653,0.869197500641542,75.9901832888641,100.01539582274,85.6590991899394,90.1624353423446
"United States","56","Administration, waste management",1965,6600.04032947128,2573.54207716529,15.4549328534063,2566.44494788962,3992.56894997834,28.513816738522,11.2963238807106,3.28342975269404,0.017148007189167,5.74921868317256,13.3575960605204,15.1176002973368,6566.11102714363,95.0852807215255,65.5705121392969,301.900411604735,21.719252315941,0.001134307486102,0.380299688448924,0.883579126170809,75.7334919632319,100.004274454809,85.3785760810684,91.0557342489398
"United States","56","Administration, waste management",1966,7388.69339348577,2734.05767927066,17.1339744450712,2725.7817426298,4619.67446518169,30.0462745274981,12.3736714272498,3.44771390591474,0.0189188280626466,6.03494738322314,14.0349061043084,15.9088352148002,7353.73214445235,99.1515668085137,68.2518605483388,314.935528932456,21.6716928635183,0.00118920259134033,0.379345646726464,0.882208277024047,75.6701215107303,100.015343309279,85.2969584026849,90.9683844660724
"United States","56","Administration, waste management",1967,7946.66543627602,2754.27519907254,17.9961874420867,2745.18089649252,5158.61869920616,31.5263690290249,12.6380258548934,3.63852867443281,0.0207268659619042,6.36734660262229,14.6617230676338,16.6736832056816,7912.8938982787,96.5859970428823,66.5123040348577,304.794928386835,21.8219851579822,0.00124308862692326,0.381880027590581,0.879333191519303,75.8585856710046,100.025547533884,85.5009863976924,90.7785170175016
"United States","56","Administration, waste management",1968,8648.56666324892,2845.1748631292,17.9843418335713,2836.40403173047,5769.77053335174,33.0776864225441,13.5832278293313,3.82122537239612,0.0243891436252091,6.68210064785561,15.7350805990146,17.4744554116953,8614.94539648094,97.4416293562878,68.2108770740114,311.928194194686,21.8674933345199,0.00139570264426587,0.382392497530048,0.900461858655891,75.9122042039779,100.050812104528,85.5397606956779,92.2141345411231
"United States","56","Administration, waste management",1969,9688.60289141802,3052.63860838223,22.0080906162528,3040.43599730616,6601.06966762633,35.2067760341308,14.4092990745973,4.03650398154515,0.0260474708814581,7.05797980891355,16.9513279096949,18.5641770690952,9653.70827600856,96.562282129204,68.1116579757066,313.250497190554,21.7435115304138,0.00140310398810087,0.380193519090235,0.913120352526412,75.7728156982718,100.051967625441,85.3810107449159,93.0894587041404
"United States","56","Administration, waste management",1970,10432.8942205817,3068.59143607628,25.054625325259,3053.30722116634,7331.22069590822,35.8017478272847,14.4778168300912,4.2871869117491,0.0311639397242697,7.48876951941193,17.1304145076124,18.8752712687034,10399.8121319845,94.5585775731854,67.307610757031,296.336371060839,22.7132466109644,0.00165104592567853,0.396750298991935,0.907558586244847,76.7900810612369,100.090144084014,86.4956228408349,92.6953861360141
"United States","56","Administration, waste management",1971,11288.5827950374,3608.56879415505,31.5805802076177,3588.4155815512,7638.29109275517,36.773775359867,14.4213286480039,4.51760293160397,0.0343869334169619,7.88797582079121,16.9575602590385,19.3808773535489,11246.8598869102,93.3360980464348,65.2959341596288,280.124772095422,23.309589391611,0.00177427124632545,0.406997870988891,0.874963498798128,77.4054080092687,100.108939282633,87.1739352641343,90.3785135554017
"United States","56","Administration, waste management",1972,12707.1724939335,4126.87795344148,36.9635372635501,4102.95819325044,8531.99545407999,38.8844340099844,15.7433578821987,4.79862849575419,0.0409776542526989,8.36973781852613,17.8184446048195,20.462243725582,12658.8734075215,96.6305251019879,67.5147110774241,287.895275566937,23.4511354673921,0.00200259828796137,0.409033238523213,0.870796225662327,77.5571212247917,100.143652921227,87.313894720562,90.0870557493797
"United States","56","Administration, waste management",1973,14574.3086229878,4680.31609330669,47.915570482888,4647.01703680839,9839.68515805088,41.2079356976858,16.7682314333958,5.12264642353568,0.0471823537122834,8.92774750848797,18.9782487197222,21.6494935316072,14520.0012513576,96.5598680841723,67.9663295857192,287.241494156748,23.661737934224,0.00217937448021126,0.412376737379741,0.876613981385518,77.7822248214029,100.170002170448,87.54313449009,90.4933763378222
"United States","56","Administration, waste management",1974,16395.1113845313,5310.87341409939,65.3570765654055,5261.77860821734,11022.203127597,41.875059762451,18.6985611022453,5.39751649393726,0.0531786913151347,9.3987442560001,19.3651219587251,21.9971684174834,16333.0765416964,104.433996566706,74.5925933701935,303.99644742245,24.5373240387035,0.00241752439704322,0.427270641276263,0.880346124155398,78.7026378427027,100.207934164431,88.5461876086367,90.7537375176837
"United States","56","Administration, waste management",1975,17764.4102669264,5826.32135099164,70.946377606355,5773.23778025834,11869.3952366988,42.3543845352329,18.0934201497993,5.58041735889215,0.0597705375199255,9.70697020274163,19.1027214312657,22.2475280023074,17695.7165876904,100.880013997283,71.366303852142,284.517042590326,25.0833142374891,0.00268661477867232,0.436316798960084,0.858644674108711,79.2714181060766,100.25030294457,89.1496718823345,89.2424415372942
"United States","56","Administration, waste management",1976,20533.5683379473,6960.6406430528,102.541190484929,6878.91638807504,13488.8767949332,43.6920705393778,18.9893198546804,5.72291610824028,0.0669575885907297,9.94147780476974,20.1229378257456,22.9392539089051,20449.517437986,101.413743435321,72.6414358392043,291.169800414098,24.9481353271853,0.00291890873419979,0.43338278761152,0.877227215220534,79.1281244569629,100.287819001227,88.9506029385149,90.5225405441409
"United States","56","Administration, waste management",1977,24167.2873303941,8473.75624982125,176.278124346433,8321.30556492176,15588.8215345525,45.9151812473368,20.0242772442186,5.94564729312654,0.092476288393701,10.2656490582874,21.3985284524291,24.0774899198336,24062.5777843737,101.380111956945,72.9793411982864,295.537098894043,24.6938003625904,0.00384077778462798,0.426358772964586,0.8887358492798,78.8478622539924,100.457797690897,88.4562000846393,91.2971559878956
"United States","56","Administration, waste management",1978,28467.4181619331,9097.9857479576,258.187745300806,8863.35141909488,19264.2577583195,48.5181013890481,22.0107374094154,6.30729012494468,0.13372478872753,10.7899237605888,22.8311696112915,25.4048339723127,28362.2435062771,104.647202054762,76.0278186782365,306.228835607056,24.8271259391762,0.00526375369637407,0.424719318077346,0.89869391140969,78.9908441356346,100.718216507853,88.3440954256172,91.9746521960506
"United States","56","Administration, waste management",1979,33490.1523633754,10035.2614912618,445.046781698651,9611.47611196717,23344.8956878888,51.0925430130428,23.8733477051423,6.72567361314457,0.193102730673595,11.3423720248916,24.4629901195024,26.7180648920306,33380.1571791506,106.089854176637,78.4084054157739,311.481196453691,25.1727572349399,0.00722742202528274,0.424520715505664,0.915597376470149,79.3308932361956,101.077060161383,88.3316910540711,93.1636349465167
"United States","56","Administration, waste management",1980,37666.0703373321,9913.88272838115,624.809485597067,9304.62630937073,27656.7020164601,52.3175727265926,24.9008358952222,7.19862029061802,0.280929963047286,11.8852598648049,25.4391745095264,27.3510816570383,37570.5847448413,105.547305993194,79.8902386872627,303.54211692252,26.3193257980917,0.01027125605378,0.434544418163676,0.930097567200969,80.3345320480582,101.61068450946,88.8854672786255,94.2202598559014
"United States","56","Administration, waste management",1981,42894.8401517482,10542.8821430389,748.975819751046,9807.95755228837,32258.5817961244,53.8541059424051,25.5734500746165,7.64667677714851,0.387566639625715,12.3686141113304,26.4636495804893,28.1427570091976,42801.4639391633,103.64786846094,79.7401374127704,293.474848811965,27.1710293865289,0.0137714524379772,0.439495466179383,0.940336071971928,80.9898510826925,102.120434605162,89.1258652425784,94.99177526998
"United States","56","Administration, waste management",1982,45726.1046515602,9669.4471561264,713.610651188836,8967.93798668998,35989.3851176447,54.9733744882231,24.6857805937576,8.15200553754521,0.493428440881104,12.9954845191691,27.0314341787525,28.7216495342735,45658.8322737711,96.993938367568,75.4209128879793,265.727619730717,28.3827902287347,0.0171796693045884,0.452463028060472,0.941151870351176,81.8033023102847,102.495165348275,89.6790307578099,95.0553039404272
"United States","56","Administration, waste management",1983,51811.548856762,10360.8336150816,735.42004340733,9639.24051137859,41386.7357447583,59.4240566183263,26.475106967959,8.72491519655609,0.610672066360418,13.7508411684325,29.1470305823726,30.9567065300406,51747.5693598399,96.6218353527863,75.0476801566903,266.275254032044,28.1842488253373,0.0197266484329597,0.444195869321194,0.941541715818125,81.6850967167972,102.706795951265,89.3631602915125,95.0865656362017
"United States","56","Administration, waste management",1984,61335.520421067,11509.839061881,934.179640801919,10587.5690101516,49765.4760293204,65.7141961169571,29.6095562477383,9.50057762795361,0.781636713893596,14.7563099135709,32.8415259313907,34.0691698329494,61275.3150912014,96.5427955702195,76.2648896521569,273.486684662787,27.8861436147038,0.0229426404495965,0.433127956622518,0.963966133968683,81.5167400515961,102.935513294949,88.9592616048949,96.9076299756883
"United States","56","Administration, waste management",1985,69210.2212652517,11701.9237950104,1088.26618138216,10621.6882649901,57466.7980811466,69.1493749543698,31.9088549250422,10.658942921493,1.0810615340448,16.1942957251915,34.5728425304226,35.8047795732896,69168.721876157,97.7127511836917,78.2031980879861,262.694742817371,29.7696091095184,0.0301932185291618,0.452294244460939,0.965592944362489,82.4733652809605,103.374307227951,89.5900212002905,97.0419592575822
"United States","56","Administration, waste management",1986,77028.7305786254,12207.8746577761,1235.11849222726,10978.1956770988,64791.4476872081,74.8610278222614,34.095260666184,11.938736591877,1.3989479541026,17.8384692905476,37.3296342479522,38.6451867637341,76999.3223449842,96.1182348573541,77.4199529839351,250.605122181802,30.893204540237,0.0361997979892134,0.46159614649056,0.965958179376262,82.9755677179423,103.672712471514,89.8604793177175,97.0726496341164
"United States","56","Administration, waste management",1987,86532,12796.6316944962,1488.34490859533,11308.2867859009,73721.1937259991,80.7874778038967,37.2275030682823,13.4790184835486,1.73168221121239,19.8910278506016,40.3368703353127,41.5882156161606,86517.8254204953,96.4734998068443,78.5503129833369,242.359438638286,32.4106679833381,0.041638771598065,0.478285195839763,0.969911061046783,83.5874688673162,103.914206051737,90.2976337970917,97.4089162460367
"United States","56","Administration, waste management",1988,96751,14415.0301182464,1694.93200149499,12720.0981167515,82316.386730974,86.7705932148035,39.2784143354725,14.5606669697945,2.0182104498101,21.2709664188499,43.6269207875011,44.5585307170553,96731.4168492204,94.1291857687001,77.3530395629956,236.715652969432,32.6776191572699,0.0452934694509037,0.477371360243441,0.979092445047843,83.6893254651564,104.06610631581,90.2749963556278,98.1935619782166
"United States","56","Administration, waste management",1989,108549,16928.9290395836,2156.34123334632,14772.5878062373,91581.6443013402,92.8780901992813,42.1299391172339,16.0911597490681,2.27976821260754,23.4320911145365,46.8183455335047,47.5883502009907,108510.573340924,93.6603825332107,77.6863078150215,229.751197537971,33.8132330309975,0.0479060148750456,0.492391331398765,0.983819471273245,84.126504938117,104.175276891741,90.6500171558753,98.5951853296756
"United States","56","Administration, waste management",1990,121087,18201.8489163164,2266.51412316695,15935.3347931494,102853.865525931,97.233835818485,44.3322986742294,16.9290037927644,2.50992410775915,24.4933819404541,49.006201772936,49.7690066064597,121055.714442248,94.0831753571381,78.1655839785335,229.796360910979,34.0151530984488,0.0504314688779296,0.492141266433776,0.984673095053805,84.2032672303423,104.278607205531,90.643851951076,98.6676232904643
"United States","56","Administration, waste management",1991,121688,17477.1358535158,2058.97219889676,15418.163654619,104202.466285987,95.8287056287852,42.8982919599498,18.1490671201805,2.66927283605154,26.2867368222276,47.8910300088986,49.0445213455585,121679.602139503,91.9001972946697,76.754491520581,207.414919611096,37.0052895252165,0.054425504884518,0.535977028647423,0.976480730058867,85.2526178067709,104.420350798322,91.648437841768,97.9669599902885
"United States","56","Administration, waste management",1992,134831,19376.4720236494,2225.28958526476,17151.1824383847,115444.76807205,100.122904433713,45.081798859306,18.6127694857724,2.84841041782542,26.8195873401833,50.0173422491551,51.1941230840902,134821.2400957,92.7145057069035,77.2743618739065,212.541889375531,36.3572386135016,0.0556394024592764,0.52388019804793,0.977013360830458,85.0364867302383,104.458855170149,91.383194125992,98.0127175938424
"United States","56","Administration, waste management",1993,142596,20469.3268136326,2299.32166702482,18170.0051466078,122124.441230279,106.153536129387,46.4859310656362,19.9726747565035,3.25124151317091,28.5550129388552,53.4988274113644,54.1876107827162,142593.768043911,89.3393969112098,75.2793446767264,204.239436082146,36.8583786367529,0.0599997207149045,0.526965712759626,0.987288914174244,85.2038592959962,104.587518611167,91.4515449575787,98.8948205765276
"United States","56","Administration, waste management",1994,155582,23629.9619110417,2751.58280518268,20878.379105859,131924.974382674,111.554235061415,48.870454416919,21.170364800411,3.79634926545471,29.8843839000039,56.1919749981603,56.8763734667654,155554.936293716,89.3002168845055,75.3995543001992,202.568696856964,37.2217205669441,0.0667473862002301,0.525427028456135,0.987966910917676,85.3274217039764,104.776140207228,91.4165673451455,98.9526984709331
"United States","56","Administration, waste management",1995,171117,23937.0284377398,3012.15960570831,20924.8688320315,147189.011925168,120.703039288826,52.3615345877951,22.6034922090098,4.60048975325992,31.3311939020811,61.1388292778127,61.3574288136096,171126.040362908,88.1802587396823,74.8858067154362,203.278347974062,36.8390472776724,0.0749785289607751,0.510634074926093,0.996437276789075,85.1988720084901,104.991353733254,91.0823647331639,99.6768486157175
"United States","56","Administration, waste management",1996,189808,24982.1796753253,3314.32221506892,21667.8574602564,164865.723658301,127.607451643262,56.245621023156,24.0861762241494,5.67435806516502,32.6482815514633,65.4511502786798,64.7699206408517,189847.903333627,88.53603915886,76.2025755210015,204.915662959203,37.1872869162631,0.0876079206060674,0.504065486392944,1.0105176852324,85.3077470215363,105.278252826984,90.9430782537457,100.893012282472
"United States","56","Administration, waste management",1997,212372,29600,4199,25401,182772,133.618,60.8765436584595,25.7309418093175,7.03900714688483,34.0299024163421,68.9361616706601,67.7512044356845,212372,90.8065615825791,78.8473797194508,207.610159868154,37.9785747333002,0.103894937448188,0.502277453217032,1.01748983276158,85.5514477706768,105.612936208018,90.9053175168906,101.494537897607
"United States","56","Administration, waste management",1998,228531,26574,4371,22203,201956,146.459,63.3801521903947,28.8787713977161,9.65468067716733,36.7030325922397,75.9310084917649,73.9644168359388,228530,85.6261689814972,75.1942685145593,192.587840510564,39.0441412683242,0.130531424300721,0.496225538743192,1.02658834801859,85.8545914977766,106.082791657588,90.7859638674782,102.285647598125
"United States","56","Administration, waste management",1999,249243,32917,5845,27072,216327,153.138,66.7200012252371,32.6900676569379,13.3882055463376,39.7765102899415,79.3954866392323,77.2623104568647,249244,85.359824250348,75.777915249542,179.099562448948,42.3104971410202,0.173282490093436,0.514824240366829,1.02760953134528,86.7154069150931,106.724542023941,91.1303033208392,102.374754774783
"United States","56","Administration, waste management",2000,278674,34105,6447,27658,244571,154.266,71.3164989197953,37.702950364574,18.2450439623911,44.1305224266099,81.6180321379887,77.8294364133327,278676,87.4661182141022,80.4082161865908,165.985051256996,48.4430468754046,0.2344234367251,0.567015829232576,1.04867818526317,88.2216068969679,107.478445298003,92.049479135169,104.204292905956
"United States","56","Administration, waste management",2001,291569,39562,7439,32123,252007,152.962,72.6469998019836,42.0651401936748,22.928346843216,47.8989284769905,78.9305154983024,77.1685750099848,291569,90.447629438378,82.609786805896,151.547801822094,54.5107126679896,0.29712025705087,0.620705105294388,1.02283235744718,89.5752503870571,108.099846936866,92.9256099360611,101.963863223084
"United States","56","Administration, waste management",2002,296634,42585,7662,34923,254051,155.104,72.339990489403,45.6388590985745,27.6789979814239,50.7639915709772,77.8261389243284,78.2420748530924,296636,90.131913667426,81.1320383494396,139.090659646203,58.3303282591447,0.353761042679327,0.648806817384276,0.994683986467065,90.4262885525899,108.585145988129,93.3956648450341,99.5449170769433
"United States","56","Administration, waste management",2003,316873,55737,9947,45790,261137,154.486,77.2047003659766,49.30899666608,32.4727742739762,53.869105865879,78.6024677056916,77.9297029887453,316874,94.2228511321697,86.9350722566819,137.395299404435,63.2736874067148,0.416693160997495,0.691252549411856,1.0086329690881,91.6089058309233,109.094987356707,94.1749188942966,100.716605894856
"United States","56","Administration, waste management",2004,341557,59790,10755,49035,281766,157.964,81.1157592444791,53.8583669604446,38.3327708495522,57.8442979544976,79.8459592899326,79.6647176329225,341556,96.2214154700967,89.3497856664573,132.16192482977,67.6062986987692,0.48117625956049,0.726096817678202,1.0022750555377,92.6797889588389,109.58961233434,94.8443605116837,100.192851658512
"United States","56","Administration, waste management",2005,375554,72108,12670,59438,303446,164.528,88.1132794127316,57.6650375611496,43.9074065283863,61.0458091993039,82.765840332194,82.907881095502,375554,100.237229784902,93.2609527673846,134.085891727587,69.5531435602907,0.529592675005277,0.736308881528222,0.998286764039423,93.1639437904988,109.932803690481,95.0444784266281,99.8672123955114
"United States","56","Administration, waste management",2006,394504,72054,13112,58942,322451,168.04,90.1826554214762,61.3495154819578,49.947103304169,63.9852288615318,86.2806390591915,84.6591514910003,394505,98.0377252799518,93.4767073341749,128.993011027302,72.4664899204424,0.589978784626476,0.755798135637277,1.01915312803913,93.8828075695824,110.331022764285,95.4272256491009,101.560331905888
"United States","56","Administration, waste management",2007,425799,81858,14077,67781,343942,172.758,95.2342986932434,64.5379897553398,56.0309136729215,66.4166135057567,87.9764821586335,87.003292491944,425800,100.941622934742,96.0532355368168,129.488813920112,74.178790143276,0.644009118138944,0.76338046070965,1.01118566480435,94.2946883768016,110.651963633009,95.574317767781,100.914712195891
"United States","56","Administration, waste management",2008,433562,84853,13567,71286,348709,171.942,95.5791808588455,66.82536560982,61.1277489340733,68.0898131608881,86.0249585767666,86.5912696838477,433562,102.46096976425,96.8597837489321,125.509401700758,77.1733291979725,0.705934318289316,0.786335775067048,0.993459951457592,95.0213571712473,110.979319425073,96.0335791150569,99.4864201948581
"United States","56","Administration, waste management",2009,407466,84734,12959,71775,322732,158.723,87.5996241652714,69.3693181235879,66.2410760834067,70.1354754064055,76.9027796355549,79.6658232285479,407466,101.9246410889,96.4904858682575,110.812592632411,87.0753797705434,0.831486745494014,0.880370936545757,0.965317077248215,97.3650136281515,111.55391875394,97.8986889793917,97.2304673957849
"United States","56","Administration, waste management",2010,432785,91468,12993,78475,341316,164.9,93.5095024790968,72.5005892717419,72.5762412022036,72.7300958836666,80.2811592968324,82.7070093014962,432784,104.197126966483,99.2128049090076,113.179692204723,87.6595464931536,0.877510162864645,0.879370400379728,0.970669354083151,97.5015953103953,111.739852731915,97.8787930948441,97.6562991837598
"United States","56","Administration, waste management",2011,449262,93512,12563,80949,355749,171.853,96.7755754189827,75.4175042686735,79.3802761151319,75.0689010404767,83.8724937153537,86.1223641383828,449261,103.312573190717,98.6061761986132,112.602466698145,87.5701741623018,0.92171501455281,0.871653975033184,0.973875886414196,97.4807366425835,111.899187138857,97.7229856852405,97.9111466875137
"United States","56","Administration, waste management",2012,468782,90665,11837,78828,378116,174.455,100,79.0616477585912,86.1787602191805,78.2836695360584,87.524079946874,87.4167553294219,468781,102.207022258811,100.382871800476,110.991171980644,90.4422126635275,0.985838011196182,0.895522480113266,1.00122773508405,98.1143818670467,112.099608845703,98.1838692394068,100.102796075328
"United States","56","Administration, waste management",2013,483500,94340,12603,81737,389161,180.105,101.814606529551,83.0729004125278,92.2726498211017,82.0171258740743,90.2611083076554,90.2027775764294,483501,100.540311726427,99.0477182257284,107.548662105228,92.0957232632217,1.02294687924569,0.909252775554285,1.00064666225136,98.4603062488733,112.205940512725,98.4360778553086,100.055983543136
"United States","56","Administration, waste management",2014,511227,98206,12500,85706,413020,187.063,105.641646861797,87.7315407077318,97.2474447355453,86.6425131269535,93.483096892703,93.6215677297319,511226,100.344639780345,99.0178636991889,105.665619889769,93.7086857603116,1.03872907807185,0.925454627902348,0.998520951524453,98.7918382735397,112.249340970042,98.7292028490334,99.8845476879622
"United States","56","Administration, waste management",2015,533163,98455,11737,86718,434708,189.273,107.077535308055,92.1375657627308,99.9372743434177,91.2615435187371,95.8385077100467,94.7211802018481,533163,98.7591463067022,99.198604843492,101.980216726683,97.2724004983767,1.05506787532054,0.963475574568026,1.01179596269617,99.4889105394474,112.290049195665,99.3878601216742,100.960981021928
"United States","56","Administration, waste management",2016,551794,101923,11624,90299,449870,197.001,107.363964348824,96.4922975091845,100.935890766865,96.0224591331217,98.1644413227778,98.5116573880327,551793,96.2814526949252,95.6368387096539,97.6382958208991,97.9501310480505,1.02460859397871,0.974731942179126,0.996475380940072,99.6165687980591,112.219216685757,99.5763802862176,99.7128200317935
"United States","56","Administration, waste management",2017,594816,110787,10797,99990,484027,200,113.958231624058,100,100,100,100,100,594814,100,100,100,100,1,1,1,100,112.165733944454,100,100
"United States","56","Administration, waste management",2018,630038,122814,10547,112267,507224,204.643,119.280924067644,102.543972853572,98.6057549684737,102.923909860233,101.964652554091,102.295012025018,630038,102.543160008633,102.3224277471,102.074004795631,100.243375335342,0.963935122705282,1.00614788368236,0.996770522194709,100.046340010187,112.093879278817,100.106179151014,99.7385232496766
"United States","56","Administration, waste management",2019,660630,131278,10677,120601,529350,209.483,122.21762845307,106.451488031545,99.465559646119,107.118234170388,102.345432439444,104.686469206382,660628,103.985460307585,102.446611529682,100.747995556645,101.686004732553,0.95012813403831,1.02322902837817,0.977637637560184,100.32810227825,112.067277853012,100.410608383922,98.1979411387662
"United States","56","Administration, waste management",2020,639877,124024,9574,114450,515854,199.686,116.004532578879,112.815101917123,102.743820068207,113.765180339621,97.5351286116799,99.6722949752288,639878,101.430496933993,102.130345020094,90.2322978198686,113.186018186057,1.03081623728782,1.14139220299778,0.978558070082765,102.460244398817,112.209520222031,102.413309676895,98.2722406755492
"United States","56","Administration, waste management",2021,729034,144780,10576,134204,584254,209.261,129.242226269059,116.099739475607,106.32955564159,117.02591843327,103.250643537528,104.341436797661,729034,107.342903932288,108.693085233629,97.6849107024077,111.269063412217,1.01905397227551,1.1215670593094,0.989545924480149,102.117423316844,112.190547521537,102.088177512236,99.1582214320867
"United States","56","Administration, waste management",2022,824962,163535,12158,151377,661427,220.687,139.704792321505,120.195550744202,110.606802715523,121.108047815594,109.0879396969,109.887352600059,824962,110.267516601922,111.562411224629,101.9946074813,109.38069568539,1.00654716032775,1.10211088856034,0.992725160045773,101.771200847011,112.170291240608,101.760364514773,99.4135081194415
"United States","56","Administration, waste management",2023,873744,191802,13143,178659,681942,221.741,139.222191390648,125.837353073961,114.854078085876,126.870132845266,107.777710237687,110.410980939601,873744,109.884228597327,110.649764941908,97.0852357391197,113.971773462278,1.04024144254913,1.14907169346379,0.976150282521679,102.648996562987,112.225299603477,102.587400777785,98.0980610927656
"United States","61","Educational services",1963,3232.60067812742,383.281775290699,4.30303935745654,378.970759864837,2839.81975842331,35.3079197835081,18.5102693230638,12.3325559660112,0.0559631175309432,14.1260703878023,25.4810810938968,35.3079197835081,3223.10153371401,81.0033990710108,52.3667920059721,149.925327447311,34.9285827135348,0.00158500183171603,0.400082204627653,0.721681743080164,84.9966209630683,100,86.8613343159628,76.0590796494975
"United States","61","Educational services",1964,3588.68407590268,396.737326463803,4.44709957362462,392.283090620907,3183.20573036047,36.486355856651,19.7845134472026,12.8398102770497,0.0586601352432778,14.7057858739772,25.9509888499322,36.486355856651,3579.94305682427,84.7970178376987,54.1639399629658,153.915419733222,35.1907171203814,0.00160772798121424,0.403048907700014,0.711251870476994,85.069652756804,100.001834585541,86.9342507647068,75.085315300236
"United States","61","Educational services",1965,4042.24281720302,1132.70471998048,12.8232836145219,1119.84081897457,2856.66774619231,38.7196639605209,21.4277812396768,13.460954175231,0.0606828985275288,15.4199186121974,27.3273843156031,38.7196639605209,3989.3724661728,87.2908219151507,55.2791030599626,159.007174874661,34.7651627063603,0.00156723722058647,0.398245155947628,0.705775348243374,84.8656130182316,99.9961507884143,86.7310817117984,74.6209291334333
"United States","61","Educational services",1966,4584.32508476593,718.564059043893,7.79001193677081,710.803416979912,3841.31048533361,39.2290468412502,23.3336074846583,14.178807102612,0.0620314073836961,16.2485663361776,27.8686370581804,39.2290468412502,4559.87454437751,92.5453928373643,59.4140962085484,164.383247922621,36.1436441726203,0.00158126216103902,0.41419732684129,0.710408212846913,85.5972536025282,99.9983435710608,87.4778619426612,75.0023483233431
"United States","61","Educational services",1967,5021.96948426626,474.678057402512,4.84033881807518,469.906000582747,4540.11018905597,39.1243505742797,24.5289433986042,14.9122877778653,0.0620314073836961,17.099743712152,28.5253162300405,39.1243505742797,5014.78824645849,94.7218309505322,62.624902482084,164.304677852715,38.1151062164048,0.00158549359856916,0.437061407056132,0.729093667021608,86.172523487697,99.998700813446,88.0663970182493,76.7234577511107
"United States","61","Educational services",1968,5659.53780262923,1330.25218340992,13.1876523536964,1317.31618027764,4271.29942745305,40.2755507566448,26.5556450914508,15.6023710908893,0.0620314073836961,17.9005890355798,29.9686541578682,40.2755507566448,5601.55161086297,97.6761788485466,65.8613655639773,170.012798453617,38.7390632723133,0.00154017527304607,0.444452991933984,0.744090486532302,86.4052071008574,99.9938877928647,88.309593326455,78.037285501867
"United States","61","Educational services",1969,6592.51609065493,1850.28789688629,17.7524303348795,1832.97994450238,4655.81612217552,40.5050370241977,29.4056780653166,16.2315513663616,0.0627056618117797,18.6285572252558,30.587794456739,40.5050370241977,6506.1040190618,105.443378380847,72.5166157628875,180.961643163236,40.0729207003684,0.00154809540784568,0.459907176831539,0.755160264104088,87.1718302695484,99.9951912691826,89.0931725632251,78.8936504053038
"United States","61","Educational services",1970,7507.59074415561,1339.17662550354,12.6904180675022,1326.8332024372,6118.18380741446,40.385127093259,31.4602993279529,16.8000791833508,0.064054170667947,19.2838733108962,31.4221125096313,40.385127093259,7457.360432918,109.624223298341,77.8138242451704,187.053950606853,41.5996689686166,0.00158608317661179,0.47749938402732,0.778061498656921,87.9312696874302,100.000561170901,89.8651319833997,80.7247829815758
"United States","61","Educational services",1971,8466.42983760633,1095.52404818837,10.4391917814328,1085.35949275315,7340.27534446071,40.5722508075632,33.4512348408831,17.2625542558897,0.064054170667947,19.8207098499515,32.5276022826345,40.5722508075633,8435.79939264908,112.729562496276,82.3566013352078,193.563051880954,42.5476869345185,0.00157876798533461,0.488528722351698,0.801720428006693,88.2383677050918,99.999881801694,90.1802543853333,82.7948128624881
"United States","61","Educational services",1972,9617.23567901969,977.404377367418,8.81533304006748,968.913750261072,8621.78951412375,40.0367670241227,35.1931170592502,17.8406335557289,0.0654026795241144,20.4871471440012,32.276808233277,40.0367670241227,9599.19389149117,118.959271202326,87.8039586343011,197.043822723906,44.5606248501027,0.00163356545459098,0.511708328788322,0.806179185592827,88.7121421391542,100.003559732732,90.6614445842887,83.2018025556385
"United States","61","Educational services",1973,10516.3959907204,994.012913131349,8.61700949289784,985.781792862911,9507.34501641886,39.7265182272933,35.8178155457594,18.6252822255607,0.0687739516645326,21.3865943389828,32.3455101645354,39.7265182272933,10501.3579295502,120.329085293908,90.0604173644503,192.093025418774,46.8837518531,0.00173118498004396,0.538345550864047,0.814204506407337,89.1561484205845,100.008606431234,91.1106816477405,83.9483262016069
"United States","61","Educational services",1974,11169.8786508833,2562.8967070666,7.31037066547748,2558.96501214886,8496.46215344002,39.4023449793349,33.874476605109,19.9384508168924,0.0734937326611182,22.8946069273605,32.558149259884,39.402344979335,11059.3588605066,111.926786161615,85.87482951309,169.705745375644,50.6021934160249,0.00186521215170475,0.581046811791732,0.826299786902519,90.2736111495071,100.014131007708,92.248735110958,84.9906280593101
"United States","61","Educational services",1975,12137.6695615966,1828.53217826458,5.16685988057275,1825.78368528994,10249.0418365968,39.3604965302601,33.9682026563451,20.4997362355059,0.0788877680857874,23.5357678806697,33.7354627736558,39.3604965302601,12077.5740148614,108.480743783494,86.2039889871057,165.51587642112,52.0820061803486,0.00200423711690576,0.597954039085242,0.857089359828585,90.7734730782941,100.01804532366,92.7562342756795,87.5418572662212
"United States","61","Educational services",1976,12624.0516328594,1193.22965015122,3.62171134760946,1191.14609285897,11412.7701140354,39.4527394991413,32.9861553448473,21.0487072775526,0.0842818035104566,24.1627750556859,33.9388452829969,39.4527394991414,12605.9997641867,104.450504468181,83.5160408968873,156.538668244886,53.351700147491,0.00213627252709006,0.612448599576,0.860240523569612,91.0428589063639,100.020326916057,93.0295192063227,87.8240517934628
"United States","61","Educational services",1977,13130.3266313723,1270.18819027289,4.35759337472452,1267.38763619709,11839.5366670324,38.4477479002452,32.2954679216557,21.6856887579869,0.0903500933632095,24.8902812425108,32.4172627923433,38.4477479002452,13109.7248573053,106.290206062329,83.9046516734654,148.759162376669,56.4030143306485,0.00234994501102192,0.647379433174865,0.843151148318276,91.5290968557747,100.023281316512,93.5240481704667,86.2449376781941
"United States","61","Educational services",1978,14377.6131699482,1955.17504758031,7.99456331540257,1949.37140476834,12364.4767108874,39.4190970196185,33.3999651670454,22.3403662194308,0.111926235061886,25.6210373752069,33.1000609360047,39.4190970196185,14319.6517584677,107.545978980282,84.6359173084755,149.338260749971,56.6739674638214,0.00283939114602706,0.649965100987868,0.839696072173625,91.5803065679514,100.031709431439,93.5674531839077,85.9326956065295
"United States","61","Educational services",1979,15878.5345309619,1500.8444480294,6.73727863136709,1495.69296530498,14354.9837743646,39.7472961318672,33.5650334782805,22.9626374651927,0.13282812233248,26.3158036503128,33.9925411661046,39.7472961318672,15855.828222394,105.229345829151,84.351897692447,146.009353757766,57.7715711504273,0.00334181529963205,0.662077831986518,0.855216441725484,91.7835981813241,100.039721675947,93.7667476500718,87.3359216427264
"United States","61","Educational services",1980,17845.9450359883,1718.65664519434,7.83838440502691,1712.61447357121,16099.7717210009,39.4972890118273,34.1893199618106,23.5574010224994,0.142267684325651,26.9912937129142,33.90299230403,39.4972890118273,17818.4283661952,107.180354234884,86.464640088231,144.970104113215,59.6430833909771,0.0036019607392054,0.683370792988647,0.858362514295041,92.0636358020433,100.042964512019,94.0498084092599,87.626452074747
"United States","61","Educational services",1981,19517.9455713521,2527.74672894962,10.591320571426,2519.94707402552,16919.4473753641,39.7942342576188,33.8685275110342,24.1604336463701,0.163169571596244,27.6664734374471,34.4833167541509,39.7942342576188,19447.1941043137,104.289777413055,85.014210594103,140.025442470341,60.7134025747573,0.00410033198628529,0.69523824125728,0.866540527728561,92.2492119637744,100.049346651391,94.2327137337989,88.3663915831494
"United States","61","Educational services",1982,21103.4118731783,1994.70219483413,11.8324681078112,1984.51708550064,19078.5318777932,41.3434930007507,33.9957090084243,24.7094720630517,0.190814003147674,28.2728393474272,37.2779281862786,41.3434930007507,21073.2340726273,97.4387839911211,82.1357638262078,137.428244852624,59.7662903388521,0.0046153333765052,0.683852217008221,0.901663731838084,92.0864493487066,100.055893642142,94.0587913399756,91.5386950474324
"United States","61","Educational services",1983,24052.538337993,2273.45468671538,16.2432627531002,2258.64809790177,21744.6898004987,42.8535845639988,36.7397172476612,25.2425728294514,0.2103673815621,28.866033907773,39.399267850119,42.8535845639988,24018.1444872141,99.9550834637855,85.6375073471901,145.384315130949,58.9042272339047,0.00490897981353068,0.673596717788301,0.919392584097115,91.9598947736643,100.059713301095,93.9251383396403,93.1666899414689
"United States","61","Educational services",1984,26535.1756587948,2508.11404296084,21.2325108889721,2487.93678425105,23989.1172704169,46.7313801624123,38.4618758083582,25.8614841257042,0.255542428243705,29.5278916025188,42.2054012900783,46.7313801624123,26497.2313133777,98.0962024691954,82.2123792237603,148.556746739195,55.3407240184734,0.00546832615162619,0.631864316865804,0.903149043392165,91.4183002176142,100.067690516006,93.3623578289985,91.6752028719514
"United States","61","Educational services",1985,28659.7402890964,2708.92806118655,27.3702182408818,2681.98797364305,25909.8297143145,46.7149405564758,39.9093544946312,26.5496339903276,0.30274023820956,30.2664599125499,41.8177659200836,46.7149405564758,28618.7577755011,102.386991495368,85.3363898604267,150.15214074463,56.8332821878057,0.00648058703710784,0.647896787451958,0.895168984953073,91.6488802350769,100.082627857431,93.5820573993782,90.9415435100985
"United States","61","Educational services",1986,30325.7729462852,2866.40225679848,31.0593322635242,2835.46257270324,27416.0060669262,47.1975976981965,40.692907865827,27.2822455010455,0.348589539319249,31.0582326125758,43.108558454442,47.1975976981965,30282.4083237247,101.301729375685,86.1220173416483,148.988921285546,57.8043096080883,0.00738574750241088,0.658046894911403,0.913363403156623,91.795964750863,100.095596031294,93.7184257459927,92.6133821012567
"United States","61","Educational services",1987,33442,2643.72601115912,29.3366093366093,2614.38940182251,30782.9016862207,49.2540049337649,42.9416777530059,27.7436411467233,0.382976515151515,31.5521023682474,45.3022745246917,49.2540049337649,33426.6276973798,102.014190773327,87.0868981676242,154.607626638836,56.327685807544,0.00777554060155167,0.640599732157366,0.919768343419234,91.5898366008065,100.100495242004,93.5022907849384,93.2062315354665
"United States","61","Educational services",1988,35693,2969.26150841206,36.1818181818182,2933.07969023025,32710.0155753295,51.0941040083275,43.6247269239434,28.8091330717017,0.445344191919192,32.7202081871628,47.1441824849663,51.0941040083275,35679.2770837416,99.6053343598735,85.2859118201666,151.257840287633,56.38445693657,0.00871615620946417,0.640391074904258,0.922693203060818,91.5973246847488,100.1113080016,93.4998475712109,93.4785377082711
"United States","61","Educational services",1989,38792,3210.00110603417,50.8501228501228,3159.15098318405,35567.1657362217,54.1528241383736,45.1547500955008,29.5510432876975,0.597365404040404,33.4351038200698,50.6271300036445,54.1528241383736,38777.1668422558,96.3720016420215,83.2909270237847,152.632138213505,54.5697177532005,0.0110311034289549,0.617421239834787,0.934893623909253,91.3489456845998,100.138728853001,93.2207617829902,94.6113582234588
"United States","61","Educational services",1990,41224,3042.75955051769,69.4299754299754,2973.32957508772,38157.6436960079,55.0822332843759,45.7466634792313,30.8384789517069,0.770825505050505,34.7462454324908,51.4407391726903,55.0822332843759,41200.4032465256,95.8903247872528,82.9589501650499,148.177355088561,55.9862538479431,0.013994085916432,0.630806765824191,0.933889860767164,91.5324697084034,100.174430648117,93.3744795352072,94.5177288071632
"United States","61","Educational services",1991,45420,4198.60559569973,96.8108108108108,4101.79478488892,41201.6531107619,55.8281940994453,48.0392442768654,31.82649373782,0.967673484848484,35.6949234517015,52.4460025967321,55.8281940994453,45400.2587064616,98.6657307053571,85.9523886241784,150.772707636323,57.007922701437,0.0173330608388441,0.639370913343876,0.939417859429796,91.6702365445762,100.215354514443,93.4768525568137,95.0305541380305
"United States","61","Educational services",1992,48807,3466.04785725033,87.031941031941,3379.01591621839,45312.683881846,55.5988836857791,49.8593128680334,33.4215006489056,1.27951186868687,37.2712553741605,52.0433443783029,55.5988836857791,48778.7317390964,102.719627836648,89.5768075375256,149.016962330367,60.1118195785899,0.0230132654446467,0.670359778890555,0.936050167345615,92.0684932666603,100.270998560908,93.8306183475844,94.7176920746657
"United States","61","Educational services",1993,53390,4335.78435178332,137.882063882064,4197.90228790125,49021.0820335869,57.7815444395329,52.9793378636216,34.5901476990756,1.61961060606061,38.3478991706975,54.1045490341979,57.7815444395329,53356.8663853702,105.025074478245,91.5867701240189,152.992264561383,59.8636606802255,0.0280298946968351,0.663670373346074,0.93636384349015,92.0394912665152,100.314196866858,93.7610328223935,94.7470148777653
"United States","61","Educational services",1994,59366,6070.35419402934,192.643734643735,5877.71045938561,53265.0030342197,61.1706587574327,56.8691784028407,35.8988873735588,1.86713232323232,39.6618362280897,56.6743745975825,61.1706587574327,59335.357228249,107.715906569063,92.8643791874566,158.238198050136,58.6864488674431,0.0305233319561963,0.648380073612833,0.926496064433769,91.8718667676007,100.339123176105,93.5670197379366,93.8397361068575
"United States","61","Educational services",1995,64837,7257.8041064849,205.356265356265,7052.44784112863,57552.7875678531,63.5508072552011,60.1498322147235,37.2920657043095,2.29883358585859,40.9849925154396,59.5924949128348,63.5508072552011,64810.591674338,108.491837551137,94.5428547810772,161.114023266734,58.6807112528966,0.036173161052497,0.64491694575737,0.937714208310984,91.8709043393663,100.393796666455,93.5149510777576,94.8535644274348
"United States","61","Educational services",1996,70280,7848.39333025339,223.936117936118,7624.45721231727,62402.0328752914,63.9055364257297,62.856921543695,38.9815318297036,2.94394924242424,42.5881257401632,59.6671295025208,63.9055364257297,70250.4262055448,112.688774937509,98.2494178960385,161.06811249982,60.9986771255844,0.0460672017962898,0.666423100753697,0.933676999517331,92.269871462541,100.470970752461,93.8489146279496,94.490775372893
"United States","61","Educational services",1997,76709,14177,398,13779,62531,65.638,66.0638976985254,41.2485068877546,3.859,44.7846441343162,60.677,65.638,76708,115.782683137621,100.536605278041,159.982074386287,62.8424188545577,0.0587921630762668,0.682297512634697,0.924418781803224,92.6781595566692,100.573655000857,94.1677731835068,93.6921502722587
"United States","61","Educational services",1998,79553,11636,321,11315,67917,65.843,65.2257740550423,44.2232051657991,5.404,47.648620372166,60.916,65.843,79553,112.633524410776,98.952095262847,147.327693322201,67.1646267117219,0.0820740245736069,0.72367025154027,0.925170481296417,93.7043052829489,100.728511557356,95.0641579621923,93.755720489877
"United States","61","Educational services",1999,87270,13938,423,13515,73332,67.81,68.2381503393522,47.1672148607439,7.723,50.3790272512538,62.76,67.81,87270,113.768858011327,100.519163368844,144.511489350504,69.5579042335111,0.113891756378115,0.742943920531689,0.925527208376346,94.2075873935135,100.875178514682,95.4360662950782,93.7863392922048
"United States","61","Educational services",2000,94787,16382,614,15768,78405,69.935,70.7082620341367,50.4273429569538,10.634,53.3850081893361,64.65,69.935,94787,113.735770254909,100.992924104238,140.061715194056,72.1060169542487,0.152055480088654,0.763351800805549,0.924429827697147,94.7728324062113,101.040386106806,95.8523309504188,93.693618797837
"United States","61","Educational services",2001,101333,17099,587,16512,84234,73.167,72.6210647340505,54.0085592014495,14.047,56.731417729057,68.022,73.167,101333,110.68555276234,99.1431531061489,134.312175525003,73.8154621638846,0.191985457925021,0.775368919445337,0.929681413752101,95.1528371474307,101.185035664146,96.0991633390331,94.1347658263979
"United States","61","Educational services",2002,106099,12278,439,11839,93821,76.437,72.9230290756871,57.7447101457635,18.338,60.217689279179,71.611,76.437,106099,105.343318040764,95.2963857759093,126.144365798459,75.5454951734939,0.239909991234612,0.787808120140495,0.936863037534179,95.4668877619404,101.29705573072,96.3093383700913,94.7581714921303
"United States","61","Educational services",2003,116348,17199,618,16581,99149,75.617,76.4551176183906,61.8503529005624,23.364,64.0843918531679,71.628,75.617,116348,109.428026745787,100.995606302825,123.475201088647,81.7942432264734,0.30897813983628,0.847486568538396,0.947247312112356,96.4718924246461,101.418215359626,97.2069690540413,95.6694142496201
"United States","61","Educational services",2004,128608,21115,774,20341,107494,77.179,81.0522230169126,65.6214599151293,28.782,67.6103041740911,72.97,77.179,128609,113.154858067153,104.901366807637,123.377056824364,85.0250196492949,0.37292527760142,0.876019437594307,0.945464439808756,97.0566667874868,101.526346152169,97.6920861442618,95.5174171502733
"United States","61","Educational services",2005,132714,20949,718,20231,111765,78.797,79.6353142508263,68.8563218812912,33.893,70.6429955532475,75.417,78.797,132714,107.307655866426,100.951175036431,115.525336265558,87.3844459577029,0.430130588727997,0.896518846570904,0.957104965925099,97.4853655256657,101.609172210572,98.0436540330641,96.5030958994919
"United States","61","Educational services",2006,142385,23260,737,22523,119125,80.015,81.6072943795395,71.8647996369909,38.978,73.485979539172,77.209,80.015,142385,107.080514603081,101.876245932451,113.430050030908,89.8141593913527,0.487133662438293,0.918402543762694,0.964931575329626,97.9157019496785,101.676126961369,98.4115733212834,97.1650641699782
"United States","61","Educational services",2007,150973,23696,748,22948,127278,81.587,83.0410908467779,75.0506764139046,45.349,76.4734814203646,79.111,81.587,150974,106.018378892729,101.668740784985,110.523288406869,91.9885231886263,0.555836101339674,0.937324346039989,0.969652027896601,98.2915507706174,101.744098823382,98.7233296797376,97.5641125045732
"United States","61","Educational services",2008,167194,30821,982,29839,136373,83.631,88.5238892170939,78.7059525112554,53.444,79.8921285097673,81.275,83.631,167194,109.623614178225,105.732514232368,112.348756550563,94.1109785979546,0.639045330080951,0.95529323468292,0.971828628140283,98.6749103314127,101.820970818729,99.0335737081364,97.7457093929138
"United States","61","Educational services",2009,187608,40200,1404,38796,147407,84.589,95.5438124625739,82.7212533078728,63.125,83.6301131635652,82.985,84.589,187607,115.212304587254,112.824661526648,115.37210707335,97.7919744977158,0.746255423281987,0.9886641663049,0.98103772358108,99.4323793536844,101.926491298172,99.6907795590068,98.4866450606302
"United States","61","Educational services",2010,198298,44687,1622,43065,153612,85.734,98.689577158423,86.6176649631449,74.372,87.1888233976589,84.521,85.734,198299,116.13401240757,114.982981290271,113.809936138714,101.030705394762,0.867473814356032,1.0169690367609,0.985851587468216,100.147069821102,102.04671301812,100.289087197595,98.8634784786675
"United States","61","Educational services",2011,205581,44283,1711,42572,161300,88.417,99.5239910730889,89.3911035420816,86.357,89.5686109429877,87.656,88.417,205583,113.04936566844,112.436513879129,111.211282261114,101.101715215492,0.976701313095898,1.01302476834758,0.991393057896106,100.162577623614,102.146619314006,100.206451004866,99.2964562932897
"United States","61","Educational services",2012,213454,44052,1694,42358,169401,91.861,100,93.4149051485251,97.603,93.306704308235,90.946,91.861,213453,109.315169194962,108.738714485044,106.929906265268,101.691583096771,1.06250748413364,1.01573795526105,0.99003929850535,100.28553662293,102.216567379572,100.260810538342,99.1894450381779
"United States","61","Educational services",2013,216232,41833,1601,40232,174399,93.663,98.5470337130788,95.5544027026025,104.439,95.2723456837034,93.028,93.663,216232,105.315675540523,105.097129829313,103.016838500262,102.019370191647,1.11505076711188,1.0171822991331,0.993220375174829,100.350078815778,102.254417396425,100.288203475343,99.4443514991037
"United States","61","Educational services",2014,224014,40378,1493,38885,183636,94.437,99.4272687840502,96.8750221429799,105.693,96.5958173662962,93.891,94.437,224014,105.191383439182,105.166807566254,102.520108759057,102.581638704088,1.11919057149211,1.02285986812686,0.994218367800756,100.453191930954,102.257083005541,100.388633229858,99.5255950245939
"United States","61","Educational services",2015,230558,41393,1429,39964,189165,95.519,99.5093804313634,98.2452847674359,105.732,98.0117879525207,95.544,95.519,230558,103.520266836592,104.061388969689,101.173708606221,102.854180600128,1.10692113610905,1.02609729951654,1.00026172803317,100.501150230422,102.249833732063,100.443675911466,100.021463167342
"United States","61","Educational services",2016,242393,42696,1366,41330,199697,98.388,101.829712623016,98.811701887217,103.919,98.6550093794252,98.348,98.388,242393,103.338890258344,103.382671125567,102.939369046715,100.430643866342,1.05621620522828,1.00271384090972,0.999593446355246,100.075872739568,102.221470180203,100.046383413882,99.9665189662725
"United States","61","Educational services",2017,244711,43277,1259,42018,201434,100,100.111654014043,100,100,100,100,100,244711,100,100,100,100,1,1,1,100,102.191339372477,100,100
"United States","61","Educational services",2018,256289,43711,1119,42592,212579,103.011,102.335334784207,100.903966930403,96.362,101.034604038108,103.115,103.011,256290,99.5071496195276,99.2332864552443,101.305433096517,97.954555271188,0.935453495257788,0.980813738708563,1.00100960091641,99.6416634298066,102.158918695211,99.6732415533932,100.083415894794
"United States","61","Educational services",2019,269293,43404,988,42416,225890,104.479,104.8448326487,102.385993250264,94.122,102.615336155914,105.388,104.479,269294,99.8680811362475,100.238229447844,102.287330932879,97.9967201545421,0.900870031298156,0.982162311621608,1.00870031298156,99.6487762837898,102.143459034057,99.6954093342335,100.724405251302
"United States","61","Educational services",2020,254473,31795,676,31119,222680,96.474,96.3435552272926,104.0986702184,95.197,104.344115116852,98.901,96.474,254475,96.6751879366099,99.7534089542183,92.4470058576045,107.903342059415,0.986763273006199,1.08157757651649,1.02515703712917,101.031134504905,102.172882630539,101.049295621312,102.130978133634
"United States","61","Educational services",2021,268854,34732,676,34056,234124,100.369,99.1054458974701,106.034320428842,100.639,106.202266053109,102.621,100.369,268856,96.0672114966987,98.630965838234,93.3612001301134,105.644492252431,1.00269007362831,1.05811820435701,1.02243720670725,100.759907849432,102.177112305548,100.773842964869,101.894405438129
"United States","61","Educational services",2022,290744,40977,772,40205,249766,105.384,105.172610847083,107.838971167262,106.885,107.918421769616,107.481,105.384,290743,97.7257664048109,99.6881048108368,97.4186894002426,102.329548287465,1.0142431488651,1.02404939810233,1.01989865634252,100.32697656309,102.180138032749,100.337872929772,101.675549914748
"United States","61","Educational services",2023,310638,46862,839,46023,263775,107.283,107.389024393909,109.49216387526,110.181,109.541756091265,108.638,107.283,310637,98.6576361521437,99.987187127525,97.9698000016055,102.059192859316,1.027012667431,1.02105418464495,1.01263014643513,100.288260373643,102.183561850822,100.29578854475,101.056335852652
"United States","62","Health care and social assistance",1963,14621.0395636932,3838.55174664024,88.1559016885903,3759.72604464755,10542.4557722723,61.886176766968,20.8942052735916,6.5254308776078,0.369248527412186,7.51112304492915,17.4326335986385,21.236534598218,14381.0075189126,120.096357294933,85.0521827214739,276.796069852891,30.727380907784,0.0173874191057127,0.353688734392635,0.820879391503985,83.1779995783556,100,84.4488299618637,85.1426488596219
"United States","62","Health care and social assistance",1964,16206.3936156368,4381.26597826239,95.1870301805698,4297.43802174518,11547.5887418872,64.9831772374981,22.2712695622969,7.031113756992,0.384792515318323,8.0999721502609,17.5769919072999,22.2734800833191,15928.8547201496,124.696419571301,86.4370929906849,273.819331577942,31.5671988871541,0.0172758147302944,0.363659927409685,0.789144392414167,83.7880037907594,99.9961023925899,85.0747554373968,82.7302477895742
"United States","62","Health care and social assistance",1965,17531.3321430605,4187.90986688585,95.7908154222956,4102.34916237428,13093.2483604404,66.8199726127808,23.034272028901,7.67483023802344,0.397413252265212,8.85447195102887,18.2359013606506,22.894306038546,17281.1582273263,122.685567790538,86.9741640995803,259.447188874282,33.5228778068298,0.0173586066158156,0.38675432817754,0.796525622132756,85.1010981735279,99.9988558505117,86.4135034229847,83.3031879603279
"United States","62","Health care and social assistance",1966,19685.2269584597,4625.54579110953,97.2447201878274,4540.71798042567,14785.7496599119,69.2164732290104,24.4985687829516,8.29070361264007,0.403468410151673,9.57942169088476,18.8075607242168,23.7010816478461,19411.2954510214,125.118043085218,89.3543712091852,255.442161072076,34.9802753132725,0.0170232066260292,0.404176561779632,0.793531746932993,85.9758858860955,99.9885617728072,87.3154493356902,83.0652163208537
"United States","62","Health care and social assistance",1967,22496.1242994607,5166.55173884608,98.6722717330296,5083.04800413661,17027.3690528647,70.5351003561647,25.6678150110447,8.87396512129153,0.405792644573344,10.2673983282509,19.5848020262623,24.1484514945382,22193.9207917107,125.074606147307,91.8846297178409,250.042849335872,36.7475534540946,0.0168040855400242,0.425178332058815,0.811016889869395,86.9798133535557,99.9824375684345,88.3453195577633,84.4608123415956
"United States","62","Health care and social assistance",1968,25371.6285453998,5568.01099096403,95.1655440037816,5490.65235183648,19486.2869691938,71.3891429394611,26.9960742497337,9.47057917084995,0.404418003168222,10.9724318330615,20.281053427101,24.4391024696316,25054.2979601579,126.16297981997,95.4901592456748,246.415107729577,38.7517470521606,0.0165479891772113,0.448970327232601,0.829860812290573,88.0370752996974,99.9761083201127,89.4298456727363,85.9728004062126
"United States","62","Health care and social assistance",1969,29001.5426505397,6015.3781295973,95.4648337114725,5940.11068276466,22655.1303328251,73.678493010758,28.6561175694623,10.1732828960526,0.406121957561316,11.8010236135329,20.9333356342921,25.2105072767124,28670.5084624224,128.633951117269,98.2605117856499,243.500291174129,40.3533446764476,0.0161092338644237,0.468099411249602,0.830341706516503,88.810659297787,99.9665337751921,90.228799319794,86.0118557850835
"United States","62","Health care and social assistance",1970,32716.9366606746,6311.46307624532,93.3683134806166,6240.17402192728,26075.0977010864,73.0842518237622,29.7706617990581,11.0046819783928,0.412491886812809,12.7790635433959,21.33265953107,25.0062693211474,32386.5607773318,129.561947092392,102.915986367854,233.859086307004,44.0076919794121,0.016495538839293,0.511034388187961,0.853092448821595,90.3822580274681,99.9738927512692,91.8258546232326,87.8865036640989
"United States","62","Health care and social assistance",1971,36215.6490511709,6389.85824859461,90.5073188348216,6322.22969066114,29514.2244951421,74.021304896132,30.783036855145,11.8640378177814,0.415987024003867,13.7918727096268,22.771242847025,25.324939313343,35904.0827437367,125.272170524187,105.076670942199,224.296344611361,46.8472507317343,0.016425983053973,0.544596476184257,0.899162780422834,91.4419850132796,99.97275136468,92.9091494176002,91.7288729664566
"United States","62","Health care and social assistance",1972,40646.6887775437,6403.3799397452,84.6419631918815,6342.45640041033,33963.3493051954,76.4957514820201,32.5367342185766,12.7430784125234,0.424199816914831,14.8253589194937,23.6814739531445,26.1581440932584,40366.7292449406,126.62969576288,107.525207152989,220.720596021849,48.7155295386864,0.0162167398192503,0.566758821521845,0.905319347913822,92.0457924138734,99.9697922236161,93.5286440587402,92.2509364845969
"United States","62","Health care and social assistance",1973,45633.3478863845,6603.19587623221,85.4308732348527,6542.46553523325,38769.0101941058,79.9999700288429,35.1012766870821,13.6498321836827,0.445048981353134,15.8851492716264,24.7524323982377,27.3300203685461,45372.2060703381,130.213685695035,111.026388533644,222.299689786511,49.9444639982493,0.0162842535553079,0.581234446861536,0.90568656972993,92.3952101827947,99.9706186776001,93.884696258459,92.282664133898
"United States","62","Health care and social assistance",1974,51939.9757607308,10501.245743218,148.245320862505,10390.6647948225,40870.5473501539,80.677355646659,36.8127331413589,14.4263984957589,0.468857108881077,16.7897612752051,25.3317748090665,27.5604509773944,51371.7930933719,132.689753920769,115.466233350044,220.588767510048,52.3445661596455,0.017011953442476,0.60919762484933,0.919134989113352,93.1571506937432,99.9810398069342,94.6520184621452,93.4117295854839
"United States","62","Health care and social assistance",1975,60720.551118016,8387.05984185697,103.331139364799,8315.77869173761,52022.247265204,81.8711118763629,38.5152021548447,15.376519120383,0.509631366878231,17.8906070292192,26.8420281836115,27.9652841034185,60409.307107061,130.883253252522,119.057347310766,216.529665529529,54.9843122048003,0.0182237149815307,0.639743439153271,0.959833917093311,93.9471006177487,99.9968508908738,95.4423539026197,96.8252749834241
"United States","62","Health care and social assistance",1976,69735.6992378458,13278.2219369735,172.661470107761,13155.1165203314,55769.1325800595,84.5042133269894,39.7915769885933,16.0095223105647,0.538191237806807,18.6231664554366,28.0185057666177,28.8504673355131,69047.3545170331,129.597635245311,119.228904776109,214.86022855424,55.4913794788273,0.0186545067554011,0.645506578415546,0.971162977735501,94.0900002972465,100.001770311519,95.5829093603473,97.7779679989958
"United States","62","Health care and social assistance",1977,78828.3756436014,10220.1808656741,131.705786880252,10126.7736971359,68264.7615915177,89.0753082667839,41.2100373746137,16.9194556450361,0.584773305287075,19.6735519089762,29.8478657158128,30.3701215023196,78484.9424571918,126.153306567391,117.300465329073,210.552245832314,55.7108592527161,0.0192548885667913,0.647792993105858,0.982803631968778,94.1499139501203,100.008389168543,95.636922558528,98.7600200360091
"United States","62","Health care and social assistance",1978,89621.7045778056,11164.1544533847,149.574908666328,11055.670376942,78108.422284723,93.9352534153038,42.9958310391214,17.6511755803555,0.620720217653171,20.5189479321184,31.1122170269416,31.9832934378083,89272.5767381078,126.25748342101,116.210781274893,210.569743710919,55.1887366280094,0.0194076391432347,0.641552064424435,0.97276464312343,94.0368267326907,100.009714254053,95.5199347690393,97.8794063842681
"United States","62","Health care and social assistance",1979,101859.246325473,12715.1800423615,208.821246018948,12548.1332763963,88744.8541268342,97.9278483344321,44.6371006868687,18.423619927323,0.70951181205094,21.3806775389396,32.8348510049716,33.3146218682949,101460.034169196,124.372373944461,115.825543253974,209.442237270287,55.3019031708012,0.0212973094773792,0.641780585818005,0.985598790068216,94.0609448965523,100.027062850708,95.5241449122732,99.0081817026511
"United States","62","Health care and social assistance",1980,115652.323553574,13328.3296725661,234.510253683628,13135.5678987312,101971.340911154,100.576202865745,45.5496554321915,19.2335250035112,0.864455180009504,22.2513647053624,33.9284487245703,34.2035973366162,115299.67058372,122.672564551458,115.121533734278,204.724333365937,56.2324623758828,0.0252738088190529,0.650556270043019,0.991955565102171,94.2502066943959,100.062104210488,95.6783944671088,99.5696111487397
"United States","62","Health care and social assistance",1981,132367.620789647,15068.3400601957,300.875063449172,14809.9935395343,116912.568064906,104.039772339508,46.4102641454723,20.0975627683321,1.07326712359298,23.1597828142695,35.583560078366,35.3616064765145,131980.908125102,119.227081104428,113.455436082911,199.62452808989,56.8344166764029,0.0303511981082024,0.654941478115571,1.00627668321571,94.3655704898275,100.101620553527,95.7511003019927,100.840926654064
"United States","62","Health care and social assistance",1982,147197.39035391,15354.1584802106,327.238684818977,15067.5565248908,131540.467664176,107.239230858941,46.3754176861147,21.192319961073,1.33250676260605,24.3240855736834,38.227397434654,36.4326037680871,146894.626144387,111.124039148376,110.037541738703,189.17014112397,58.1685571966621,0.0365745685125379,0.667646093277306,1.04926339270154,94.6052973180355,100.143707455472,95.9488657610251,104.668838743811
"United States","62","Health care and social assistance",1983,165144.194593342,17579.578293458,431.304982049292,17187.4011000094,147192.869100437,112.583877738612,47.9758618023159,22.4254344071871,1.66420593132325,25.6197883826972,38.7081865075996,38.2042408470927,164772.447393895,113.004087759788,108.556158514028,184.937582478935,58.698809111119,0.0435607643136794,0.670600640521478,1.01319083037205,94.6960042207918,100.186126023778,95.992700764036,101.44453570781
"United States","62","Health care and social assistance",1984,180188.657872475,18229.6312225311,546.149864764304,17711.1365619355,161639.761242778,117.082498969889,48.6743788290855,23.8637606034512,2.14194469351474,27.0842386451643,40.7077933236543,39.7012327098315,179869.392465309,108.884015501106,105.983847655711,176.321304474291,60.1083618180493,0.0539515916084971,0.682201453116523,1.02535338439437,94.9300345758725,100.246734473504,96.1597707503606,102.534947739933
"United States","62","Health care and social assistance",1985,197219.038014169,19844.5256974475,733.896185296512,19122.5284541496,177034.880302279,120.504384619602,49.8718603273651,25.3426538038421,2.75247539431991,28.5276190983458,41.3534536161708,40.844911711647,196879.405999727,109.329278961998,105.550638053157,170.116615479931,62.0460486798299,0.0673884525385089,0.698437526312759,1.01245055707585,95.2349456497916,100.322159651802,96.3812184445497,101.374340242548
"United States","62","Health care and social assistance",1986,215187.709206042,20940.8159139197,854.916053992906,20087.9429837992,193940.910255285,126.196365237217,50.9342434810998,26.7440956227507,3.34498760924342,29.9020460738145,42.816781147543,42.7297471702914,214881.726169204,107.638697350399,103.044019913201,164.636149242451,62.5889395417369,0.0782824105163225,0.699794594024755,1.00203684746612,95.3172207041922,100.380100697248,96.3990506417698,100.434515549647
"United States","62","Health care and social assistance",1987,244395,19386.1255145244,805.923928388555,18580.2015861358,225060.417560621,132.316281357215,54.0102494706911,28.3434336440701,3.98043192342293,31.5099549788034,45.6103415829481,44.7530215781279,244446.543075146,107.19686151417,104.327085843085,164.727830175777,63.3330055593885,0.0889421939136347,0.704085531382381,1.01915669544957,95.4168288161698,100.426728757817,96.4490035155712,101.997617491674
"United States","62","Health care and social assistance",1988,266003,17686.1038896838,770.35907669806,16915.7448129857,248321.361853421,135.084205265477,54.8918665470393,29.7793528450808,4.83617110029507,32.8873904426159,45.2364709306253,45.6796118734719,266007.465743105,109.38640502436,103.879260574608,159.344104267034,65.1917816805596,0.105871545355744,0.719957746876458,0.990298933710863,95.6182436324591,100.480926451298,96.5991983551591,99.3172619299677
"United States","62","Health care and social assistance",1989,299004,22825.6784145694,1110.3898556667,21715.2885589027,276197.304578196,142.936586239584,56.8853327693812,31.5553980264198,5.61787948459734,34.6867103021657,48.5529295049823,48.2601202289532,299022.982992765,105.712554845273,101.895536296249,155.836755040563,65.3860742093396,0.11640831929024,0.718744796689415,1.00606731343892,95.6385656679619,100.512436335362,96.5881056838042,100.784915567888
"United States","62","Health care and social assistance",1990,335105,27670.830614898,1524.07554052211,26146.7550743759,307532.105240725,151.42503408984,58.8145723618303,32.9489766621654,6.4770604419823,36.0095045071444,51.0685982012106,51.0435152688842,335202.935855623,103.973954084367,99.6064871153536,154.307227750433,64.5507592660863,0.126892914954286,0.705466782948931,1.00049140291758,95.5409286459576,100.548242665665,96.4525608888312,100.270598054794
"United States","62","Health care and social assistance",1991,367106,27145.3465500913,1509.53584353339,25635.8107065579,340017.74378435,158.625606091737,59.8828542513884,35.0867412074386,7.46435772679658,38.1682577760067,52.9771560986457,53.4146135031073,367163.090334441,101.839928495676,96.9138078991691,147.537600070736,65.68753175645,0.139743737476681,0.714565832696447,0.991810155016171,95.6715147007598,100.590241204033,96.5439655438371,99.468351963814
"United States","62","Health care and social assistance",1992,398385,28207.3953779806,1627.45215077508,26579.9432272055,370216.778731899,170.290667094786,60.9974751092723,36.952536926264,8.78428353802428,39.9257751405592,56.4800847506796,57.2073714846429,398424.17410988,97.3878288357554,92.1728722115535,142.695689660893,64.5940129169958,0.153551602006088,0.697913120362069,0.987286835331029,95.5553614916927,100.629090932421,96.388676957179,99.0474678419178
"United States","62","Health care and social assistance",1993,428185,31408.6988922555,1873.09463110049,29535.604261155,396816.756039872,178.332904527239,62.3124812508096,39.3251727541472,10.0800957588557,42.2873635509112,59.4644789433004,59.8468687219468,428225.454932128,94.4211840336955,90.0071206124173,136.977003636016,65.7096579887162,0.168431464738592,0.706592750029773,0.993610529893836,95.6733659409948,100.668463432469,96.4695348409224,99.6360204268365
"United States","62","Health care and social assistance",1994,453736,42041.4785068674,2469.30136545444,39572.177141413,411869.597089392,184.650997804175,63.1139460491833,41.0334049031955,10.8713730902241,44.0331058781042,60.4039355394508,61.9321748435738,453911.07559626,93.9387087219803,88.0952026695787,132.963070149402,66.255391493737,0.175536756422371,0.710989174678938,0.975323984536585,95.7390538149476,100.688876821661,96.5162650035862,97.9531804900915
"United States","62","Health care and social assistance",1995,470749,43510.4745846093,2383.12702486509,41127.3475597442,427402.813416722,190.593736667407,63.6514344689039,42.7100712341281,11.8707199445355,45.705159035745,62.0232996647231,63.8942535662612,470913.288001331,92.1492340154192,86.1171503737167,128.831230746938,66.8449333864365,0.185786972724003,0.715325032920945,0.970717962929204,95.8175440888967,100.718883487046,96.5674816977317,97.5332926240597
"United States","62","Health care and social assistance",1996,488723,47138.7963215079,2639.85860614058,44498.9377153673,441790.582132623,190.707819488174,64.4133934851592,44.2386181918734,13.2264612661247,47.136426256894,61.9977500866659,63.9324881028272,488929.378454131,92.9779763876303,87.0959236376645,125.868739335819,69.1958337687738,0.20688169127489,0.737284401962912,0.969737795703344,96.1307162017246,100.775550056394,96.8282108583328,97.4441028330992
"United States","62","Health care and social assistance",1997,510990,38137,2034,36103,472853,195.429,65.3578918577366,46.2366964557464,15.4184707134491,48.9631631742686,62.8242916777889,65.4959882055617,510990,92.8541664378069,86.263404115598,122.195297926062,70.5947001068688,0.235410918071159,0.747574996816535,0.959208241588971,96.2954032236682,100.836624954722,96.9367599487976,96.4760781242376
"United States","62","Health care and social assistance",1998,533149,42375,2537,39838,490774,194.831,65.857164716896,48.4480415163173,18.207671104259,50.9162153346229,63.0618856417294,65.2952652539782,533149,92.9030383232683,87.1895818836038,117.508710327453,74.1983991149582,0.278851323039073,0.779784187055137,0.965795688193292,96.6655481171808,100.911267685077,97.2344385277441,97.0874198598709
"United States","62","Health care and social assistance",1999,563610,44872,2727,42145,518734,197.453,67.8744398398767,50.6749014208953,22.011913037333,52.7597692139197,62.9609616786438,66.1682160958271,563606,95.5478445090283,88.6747735815707,115.786146910481,76.5849593821694,0.33266595861455,0.797358192905053,0.951528776103945,96.909292472575,100.996749920235,97.396559600514,95.7665343611711
"United States","62","Health care and social assistance",2000,597304,52707,3256,49451,544595,201.556,70.1364167377839,52.4769324828486,25.4938820050326,54.2343464577825,63.5294440346758,67.5290300718707,597302,97.635662291361,89.7834559106821,115.536282463357,77.7101824607844,0.377524776794508,0.80312639467887,0.940772345864614,97.0279968150416,101.062500770832,97.4518851672016,94.774341644118
"United States","62","Health care and social assistance",2001,645840,64112,3338,60774,581727,206.143,71.920648179755,54.195235746671,28.9101444873844,55.7209023109776,65.3744335629864,69.0485681763982,645839,97.2611437874616,90.0413860098839,114.719102056545,78.488572866882,0.418692888946339,0.806981285529739,0.946789126690861,97.1187058427998,101.118057436431,97.4931658706823,95.3234851579007
"United States","62","Health care and social assistance",2002,698012,72924,3140,69784,625087,213.842,74.9799548590142,56.2776749514401,33.1930995584905,57.5997461985876,68.5577593729967,71.5802620941449,698011,96.7871363825883,90.5513952238026,115.173425496044,78.6217782737673,0.463718608837081,0.804687556505876,0.957774634616832,97.1354838716353,101.167991052655,97.4662410131705,96.3162571927081
"United States","62","Health care and social assistance",2003,743213,69864,2961,66903,673350,220.618,77.8492090674516,59.0922001663262,38.8022611248523,60.1926049052367,72.4922797808559,73.8131939427674,743214,95.102804584847,91.17241583171,113.885203006058,80.0564194690512,0.525681914739233,0.815472162766839,0.982104633448924,97.3099514277856,101.221820010001,97.5895860316857,98.5173865320785
"United States","62","Health care and social assistance",2004,795368,84603,3551,81052,710766,226.499,81.2830040999954,61.6748699793199,44.2603138568029,62.5791460744457,73.8954401516407,75.7549888346081,795369,97.1820053687463,92.7538112020126,113.929124363487,81.4136084343849,0.584256093726501,0.826072936411772,0.975453119173085,97.4739797174474,101.267002389431,97.7106155554538,97.9167993326721
"United States","62","Health care and social assistance",2005,833447,89426,3879,85547,744020,231.662,83.1832534574025,64.7032452196987,50.3429362220899,65.41208401936,74.9571120622366,77.4623648327181,833446,97.6932658602618,92.8300121052268,111.13557350492,83.5286211044899,0.649901875973018,0.844436961879734,0.967658452257535,97.7414185862582,101.316178657739,97.9305840502216,97.21765494563
"United States","62","Health care and social assistance",2006,888504,89986,3681,86305,798517,238.765,86.5742416529888,67.851877279635,56.7544404432385,68.3838036286757,77.4522410199599,79.8016643490738,888503,98.2488126366458,93.7821106906404,110.298621340111,85.0256417996907,0.711193693843018,0.856922022698005,0.97055921893011,97.9226537724206,101.356349582305,98.0742607998594,97.4786526480328
"United States","62","Health care and social assistance",2007,932142,93564,3854,89710,838578,245.142,87.3139420772366,71.7243918664801,64.2598964318623,72.0736908402215,79.3963489191531,81.9049515839605,932142,96.3631068394517,92.1545312432426,105.23494481168,87.5702756419503,0.784566686007862,0.879967443315548,0.969371782580986,98.2142359291561,101.397546110173,98.3262331281265,97.3714098841231
"United States","62","Health care and social assistance",2008,1012677,125517,4807,120710,887162,250.927,92.719091361573,75.1705214674348,71.9033269737975,75.3378268470434,81.0587300171726,83.8152616964219,1012679,99.9356762824116,95.6289346473765,106.626427843689,89.6859592704031,0.857878690807298,0.898855713413105,0.967111816828378,98.4775628701775,101.437777662731,98.5514324574226,97.1698359876227
"United States","62","Health care and social assistance",2009,1074493,148625,4776,143849,925868,253.187,95.0487860637842,78.006217611714,78.0143300152693,78.0634106288576,82.2673759004127,84.5667969693465,1074493,100.647774988828,97.1605464833865,105.332067871695,92.2421333280358,0.922517262224649,0.923097639102421,0.972809410414736,98.8411428021099,101.471649148188,98.8838614189752,97.6670369900792
"United States","62","Health care and social assistance",2010,1107926,158212,4982,153230,949714,257.827,96.0142436628457,80.8769970966589,84.2440985726891,80.8289081400324,84.4323689934555,86.1026663921381,1107926,98.9216698242909,96.3967341182076,102.625173251079,93.9308856340408,0.978414514935177,0.938750349169359,0.980601095544759,99.0935178095565,101.498340164819,99.1103955112966,98.3389655603731
"United States","62","Health care and social assistance",2011,1149390,170900,5177,165723,978489,261.376,97.9700658019734,83.2545887251043,90.8055739286971,83.0853886644851,86.6498767628268,87.2798356280019,1149389,98.3098891736379,97.0337322218113,101.725182099633,95.3881135614717,1.04039579446188,0.951942542818319,0.992782309216758,99.3161022796904,101.52640113587,99.3059414798766,99.3815720894087
"United States","62","Health care and social assistance",2012,1191756,171720,5068,166652,1020037,270.399,100,86.1101628510618,96.3055769283635,85.8696366621941,89.9194572465463,90.2417964630975,1191757,96.7450615844365,95.7933858131829,100.389628109473,95.4215964509026,1.06719481108453,0.95155061210809,0.996428049649,99.3212048728161,101.537706863338,99.3001342281401,99.6930169222285
"United States","62","Health care and social assistance",2013,1229982,176965,5179,171786,1053018,274.416,102.400150531705,89.1018748040131,100.310805239443,88.8353353488098,91.5899527460743,91.5725410032169,1229983,97.039968767997,96.667076771073,99.3475150859733,97.3019573639253,1.09542450324622,0.970108881719128,1.00019014152787,99.6006607698967,101.54892537507,99.568542865758,100.015133260699
"United States","62","Health care and social assistance",2014,1266696,182781,5206,177575,1083913,277.536,104.735869253143,91.7616026871324,101.375693258408,91.5376969426027,92.4600814125196,92.6078071126897,1266694,98.0370320197387,97.7667316463501,98.6683139920016,99.0862493649941,1.0946776132497,0.988444708891716,0.998404824552316,99.8617852783188,101.548637225184,99.8297584493883,99.8623118945381
"United States","62","Health care and social assistance",2015,1338496,193892,5097,188795,1144603,286.339,109.451748438811,94.3995793277475,101.028197993858,94.250130291246,95.8312074631547,95.4993417215992,1338495,98.9540751718577,99.0753423241795,100.229577718257,98.8484084036331,1.0578941820183,0.986919161872394,1.00347505789645,99.8270939488394,101.53489703727,99.8080781439897,100.295966717447
"United States","62","Health care and social assistance",2016,1407598,212657,5098,207559,1194940,294.394,112.707686570915,97.0024441997534,100.401491280742,96.9287947372115,98.1784274343423,98.1486066127162,1407597,99.4174289031489,99.2687728301904,100.441713750778,98.8322173360184,1.02295381203847,0.987571786114927,1.00030383336713,99.824674297853,101.522229494932,99.81759623907,100.025843837975
"United States","62","Health care and social assistance",2017,1463706,216187,4661,211526,1247519,300,115.679590888088,100,100,100,100,100,1463706,100,100,100,100,1,1,1,100,101.514389173082,100,100
"United States","62","Health care and social assistance",2018,1526093,210959,4258,206701,1315135,312,118.983574897145,103.164313561898,100.908177967241,103.211259960981,104.446180891456,103.921622582513,1526094,98.6516706398914,98.974735605207,99.7012897545919,99.2712690566258,0.971002717813808,0.993164438700248,1.00504763393707,99.8954890800683,101.505466142526,99.9040338895802,100.432443351243
"United States","62","Health care and social assistance",2019,1604828,228518,4158,224360,1376310,319.957,122.755471048453,106.470287435765,102.126507445915,106.557568033442,106.747663846275,106.538737470042,1604828,99.4485616145924,99.6039512877813,99.6679869360733,99.9357510367566,0.958585673822472,1.00017674851277,1.00196103671955,99.9890428716468,101.501951271467,100.000816675528,100.167226754454
"United States","62","Health care and social assistance",2020,1605656,240691,4296,236395,1364962,309.859,119.940350898818,109.465618034424,103.607932987119,109.581963546228,105.930796913238,103.122338626157,1605653,97.4115713541378,100.543920954061,94.717633258744,106.151217566218,1.00470891532748,1.062640403681,1.02723423774612,100.874661916607,101.514512608638,100.87402795298,102.320623139263
"United States","62","Health care and social assistance",2021,1723928,276776,4638,272138,1447152,320.081,125.562302964792,112.839637410807,108.077782633147,112.936613353514,108.538294816256,106.469786163098,1723928,99.4343785889249,101.947398227163,96.1924190664821,105.982778285993,1.01510284305057,1.06073861349274,1.01942812818267,100.849798772045,101.517315785575,100.846468064487,101.663380511934
"United States","62","Health care and social assistance",2022,1847648,255828,4587,251241,1591821,327.905,131.162261531961,116.739054497616,112.410837395309,116.828037874357,110.841429675226,109.041083439704,1847649,101.513673765009,103.982916478583,97.1261067758307,107.059697881825,1.03090352598586,1.0714130324921,1.01651071484921,101.002348425949,101.521371499156,100.994930962094,101.415883244007
"United States","62","Health care and social assistance",2023,2026073,312654,4983,307671,1713418,344.298,137.613514583139,119.803686514162,113.112266271361,119.93359105571,115.378269035439,114.359656492535,2026072,102.531601854086,104.023509196965,99.29655025688,104.760446287264,0.989092392724568,1.04874039267107,1.00890709690939,100.681858524333,101.510985550946,100.684528064719,100.767975712727
"United States","71","Arts, entertainment and recreation",1963,3811.70431272447,1376.23443219552,33.9461267890767,1342.10719227409,2347.27714891389,59.7471686412743,18.8456014755987,21.6018624011692,0.931264351816062,23.9203653827039,31.6860074610905,30.9905083121016,3723.51158110941,58.3726250958847,55.2850916151784,79.3132119544817,69.7047695495005,0.0300499863518666,0.771861020858541,1.02244232788906,94.9237538683222,100,96.9380202692001,99.7754980886585
"United States","71","Arts, entertainment and recreation",1964,4121.37009883945,1393.45226875747,32.8556230075754,1360.45244531548,2647.01105690193,64.2464737872017,19.5274884778602,22.4596995890128,0.999004570598589,24.8510040781744,31.2589002208477,33.2396776470548,4040.4633256594,60.1716618726383,53.4092300452329,79.0440487881419,67.5689452451799,0.0300545805890842,0.747630718385633,0.94040924682726,93.8742914842247,100.000131841958,95.8662427556829,94.5535063667151
"United States","71","Arts, entertainment and recreation",1965,4344.70481731026,1446.80792566475,36.6545273851757,1409.93797734969,2815.99042195747,64.4422938910666,19.8225469338854,23.3029760801443,1.06162342792828,25.7676249985089,31.2226289824024,33.3408374817052,4262.79834762222,60.3614984274493,54.0517401899949,77.3347695624813,69.8931935735902,0.0318415345298634,0.772854761451273,0.936468047616827,94.9668254005577,100.048457874125,96.9337499844341,94.2926297148021
"United States","71","Arts, entertainment and recreation",1966,4606.51316375293,1541.91664635421,41.0948889600265,1500.53966468996,2976.54370510394,67.1275234518882,20.0748769332369,24.1058398303264,1.11249604766264,26.6457288155933,31.1204464328883,34.7017629563443,4518.46035145815,60.5600330323225,52.5930167858968,75.7107163454724,69.4657497967815,0.0320587760645528,0.767849427394058,0.896797274306742,94.7687689365449,100.054476272702,96.7252361793583,91.6382402204569
"United States","71","Arts, entertainment and recreation",1967,4810.14187765279,1541.3835534793,42.1104243754511,1498.96450778922,3187.30795618997,69.5005824693707,19.9464882071618,24.8443156066607,1.16315765114491,27.450652166314,31.9016487293932,35.9072422395158,4728.69150966927,58.5939201419652,50.5022960379774,72.9904661572255,69.1902637382705,0.0323933997321814,0.764487898658635,0.888446083288612,94.6432229154705,100.063827246971,96.5876055893737,91.0686812085931
"United States","71","Arts, entertainment and recreation",1968,5221.15283013268,1695.26392950829,43.6498461069577,1651.34354963846,3434.09091404709,71.1695712785255,20.275126109906,25.4954716803055,1.21314195006676,28.1577261124295,32.0096287939423,36.7593048147671,5129.35484355538,58.9217745017421,50.1444653380402,72.2981598162946,69.357872268747,0.0330023093793498,0.7660026829756,0.870789830091763,94.7184146592888,100.080054865584,96.6487046517066,89.8489004911496
"United States","71","Arts, entertainment and recreation",1969,5424.78154403253,1748.54667194451,52.6244386635779,1695.44661401013,3582.81727011414,75.7700531948692,19.8310951699592,26.251626955279,1.28748888686104,28.9649600386139,32.8308943788199,39.0614409850853,5331.36394205866,56.1177309727586,46.155681585812,68.6779312940082,67.2059870123648,0.0329606090915243,0.741523080258956,0.840493682538635,93.7406320463426,100.078891965215,95.6494700498859,87.7399107827906
"United States","71","Arts, entertainment and recreation",1970,5889.28022320501,1771.6285637339,60.1594353985759,1710.81035995512,4035.58243949971,75.6196044112977,19.9532545133654,27.0348553639836,1.40457758729522,29.7672048962559,32.7717972508168,38.9838028532778,5807.21100323361,56.0093606207636,46.5324876221175,67.0990578388623,69.3489433694654,0.0360297735082846,0.763578787023161,0.84065162586008,94.6766086181637,100.169060665457,96.5120654493043,87.751179500737
"United States","71","Arts, entertainment and recreation",1971,6284.33869579413,2485.58171051982,91.0058521197515,2393.48088711079,3620.26446265304,76.9341234005636,20.0729162549972,27.6987737755307,1.51570802683948,30.4370167062377,33.4404891649316,39.6556376890727,6105.84617317286,55.1387371193999,46.0184795041396,65.8834995731944,69.8482621631455,0.0382217539590124,0.767533154929563,0.843272006546153,94.918779566293,100.243818670023,96.6833590561128,87.9272123642427
"United States","71","Arts, entertainment and recreation",1972,6704.73345997447,2097.41635731158,78.0514233354684,2018.40844134604,4501.58881775816,82.0494256665869,20.477035667823,28.658116642905,1.65001385221893,31.4276734071243,35.6717648953451,42.2075383677085,6599.00517506974,53.3174589072924,44.1066215443676,64.9600231690307,67.8981000816439,0.0390928709901097,0.744598586473561,0.845151512617859,93.949530755813,100.274017855309,95.6653301844869,88.0521034173125
"United States","71","Arts, entertainment and recreation",1973,7720.06188596361,2297.6779699596,87.9071973442604,2208.6608087276,5318.57432406548,86.762750059929,22.6677391915846,29.6807200793913,1.7699179259421,32.5025349131923,37.7706323340469,44.5644896736371,7616.25229402508,56.1248878544856,46.2429998769094,69.4321325419404,66.6017277360397,0.0397158800404513,0.729337083207299,0.847549980054876,93.3901921138641,100.292545178649,95.0769025343844,88.2245079484803
"United States","71","Arts, entertainment and recreation",1974,8496.10311359117,2650.93661184139,107.463164290085,2542.03663922876,5712.238542982,88.0092254833168,23.4359807341535,30.8927039311643,1.88996059364326,33.7922912192224,38.4433893761871,45.2001649365414,8363.1751548234,56.6184727925875,47.1378579271104,68.9690018008191,68.3464407144002,0.0418131348922435,0.747614334298669,0.850514360515266,94.140209530414,100.35550745335,95.7783387280351,88.4375151988617
"United States","71","Arts, entertainment and recreation",1975,9365.98245822326,2566.75105672791,98.3657399574488,2467.14112737616,6707.02100183094,85.7484363700675,24.0124581768413,31.9168129559882,2.00746453208306,34.8730063189509,39.1477366927787,44.0238473906164,9273.77205855885,56.7234557914513,49.5878589822073,68.3980677917443,72.4989178542155,0.045599479624558,0.792138997065123,0.889239333069353,95.8031593874342,100.457587762595,97.3705117282298,91.2499939494034
"United States","71","Arts, entertainment and recreation",1976,10609.3375085334,3008.88368092695,100.414921179159,2907.39538699861,7480.51232724396,85.7696575526727,25.954178149406,32.7212965517104,2.09936772300673,35.7267007307927,40.6425937078998,44.0347398478598,10489.3960081709,59.2650076170352,53.5844252418929,72.1113303592642,74.3079138533863,0.047675261174701,0.811329892131272,0.922966590658197,96.4708768538939,100.502720110301,98.0056413997988,93.7225305445569
"United States","71","Arts, entertainment and recreation",1977,12642.8095040218,3946.54423411651,133.649855442658,3811.43628108289,8498.19010037524,89.302143810561,29.4940946101773,33.6027580197313,2.18139210184814,36.6736453434849,42.5526965343984,45.8117846831084,12444.7343344918,64.7019749299738,58.530817309586,79.7970570849754,73.3495938919864,0.0476163964564439,0.800528632472314,0.928859175182675,96.0934560437103,100.501459043934,97.6232084488367,94.1397928274577
"United States","71","Arts, entertainment and recreation",1978,14178.0010982161,4069.4469407171,138.21086201135,3929.72225881149,9940.86399608848,92.3642725024114,31.2961990835288,34.9231980911952,2.27262327420126,38.1114154507088,44.2630455635657,47.3562521035633,14010.3109368056,66.0197411721013,60.0815325780091,81.4712385762285,73.7456967980103,0.047989931070374,0.804781074468542,0.934682192897507,96.2508063386316,100.50954993664,97.7750635540951,94.5502776284758
"United States","71","Arts, entertainment and recreation",1979,15898.0537829094,4376.75047987672,171.619589333944,4202.90877254745,11361.7458932822,95.6004375764123,32.799021081377,36.2427174263092,2.30690915567204,39.5879732748232,45.0443269998318,48.9870479277742,15738.4963731589,67.6122965948373,60.8704263505186,82.2748045612143,73.9842855600218,0.0470922264814429,0.808131433704498,0.919515033162326,96.3392275320964,100.489842247097,97.8863308662691,93.4496105957621
"United States","71","Arts, entertainment and recreation",1980,17139.5320708795,4381.86514514808,162.120287857531,4217.77095233272,12637.0841812187,99.031677210007,33.3919479831244,37.3119349774459,2.27235196059455,40.8269204161739,46.0715683086122,50.7143678452491,17018.9493263668,67.1822806577068,59.8601042943832,81.3618310140004,73.5727103831804,0.0448068675040662,0.805036563617515,0.908451988383173,96.195420898682,100.438789437556,97.7896874736616,92.6250226268786
"United States","71","Arts, entertainment and recreation",1981,19356.9267756968,5115.9474374754,155.479764506976,4959.03705647788,14079.2531739204,101.137830451379,35.4298088809035,38.3063725086343,2.27235025018072,41.9508215380327,46.3137330581091,51.7817093771282,19195.2006113958,70.519409729051,62.2041209377118,84.0861585557416,73.9766472938302,0.043883260663164,0.81014748340004,0.894403325328724,96.3335126989598,100.420354657093,97.946442215382,91.5657573693435
"United States","71","Arts, entertainment and recreation",1982,20430.4348342287,5064.17026285057,139.99335330749,4923.12051717743,15246.8261690562,104.13619574963,35.6031423634117,39.0032000770313,2.20702418891936,42.772764326516,48.2764591747551,53.2945963715114,20310.9964319068,68.3962822311655,60.733999816501,82.9879086807033,73.1841551161093,0.0414117816660888,0.802572253823844,0.905841538572215,96.0662687623304,100.376727807559,97.7163373441628,92.433301472778
"United States","71","Arts, entertainment and recreation",1983,22499.5653141789,5559.6458930937,127.335524778525,5431.83207431402,16811.0433308274,106.739622548368,37.5831731255509,39.3427853989999,2.11198389905412,43.2000936263001,50.864299720798,54.6106369849346,22370.6892239211,69.2736172357721,62.5666543884389,86.8470499868512,72.0423484711474,0.0386734895554642,0.791056395079545,0.931399128979761,95.6909676683299,100.33352876995,97.3743255609706,94.3852478669128
"United States","71","Arts, entertainment and recreation",1984,23974.7005134903,5645.51270583672,125.561284099285,5519.56246918671,18234.4319530049,104.431511822925,37.9568464321868,39.7895561487632,2.02583456786258,43.7446920794837,51.1302381603496,53.4168363616884,23879.9446588416,69.4960091273371,64.6009180722129,86.7256889364796,74.4887920343053,0.0379250196351117,0.818930791469678,0.957193305386786,96.4689333382211,100.322793610838,98.1767147028376,96.3587922384088
"United States","71","Arts, entertainment and recreation",1985,26747.6168709745,6867.96614256062,129.376238261837,6738.72110012143,19686.931425451,103.137927784413,40.530032648078,40.3270639603297,1.98952381861985,44.3633186918613,50.0660518583483,52.7510419366671,26554.8975680116,75.1411331376859,69.8510022158502,91.3707268853305,76.4479003253554,0.0377153463813753,0.840994169273925,0.949100719535694,97.0908272628301,100.319976553375,98.811568138611,95.7451315544755
"United States","71","Arts, entertainment and recreation",1986,28950.9358582411,6986.29286754068,126.867138813806,6859.68169812544,21824.402986472,108.443262152543,42.0978999461405,40.862817440915,1.93594977583025,44.9873065313306,52.013674583797,55.3965075930925,28810.6958540127,75.5968558158584,69.088342865851,93.6610138470324,73.7642483549094,0.0349471448642667,0.812096438674054,0.93893418274409,96.2253684095459,100.284515978181,97.9655196767965,94.9754719881469
"United States","71","Arts, entertainment and recreation",1987,31615,6610.25254131443,129.405017921147,6480.84752339329,25007.2680349761,111.319582257126,44.2658158138405,42.5553989444955,1.85285256998298,46.9319559006417,53.1472179811382,56.8467789158256,31617.5205762905,77.4609961449429,70.7928410121246,94.5672013811537,74.8598245249889,0.0325938004812294,0.825586898602205,0.934920482650998,96.5462082133337,100.254820275919,98.3237368884598,94.6609899582157
"United States","71","Arts, entertainment and recreation",1988,34090,7036.57057807954,126.394265232975,6910.17631284657,27054.2700662971,116.588925809823,46.0011602911027,41.3999713865624,1.72876124238822,45.6926743143283,55.5787066804059,59.4754473048642,34090.8406443766,78.1402561039373,70.3165896699913,101.017234638301,69.6085078172695,0.0290668052234528,0.768261129338179,0.934481524712475,95.09846633246,100.210049307199,96.8919389209052,94.6257764458277
"United States","71","Arts, entertainment and recreation",1989,39672,8982.08631838556,141.451612903226,8840.63470548234,30692.1802700853,129.139606157299,50.6706989381725,44.1477371523038,1.68848962330554,48.7944425715024,61.7059469472792,65.5514603492047,39674.2665884708,78.2048300174679,70.2750646687561,104.345849013269,67.3482130178651,0.0257582304697812,0.744368505469831,0.941335961373862,94.4215516455752,100.166022890394,96.2428178560397,95.1692275948721
"United States","71","Arts, entertainment and recreation",1990,46261,10682.6796152409,148.47311827957,10534.2064969613,35578.1247644866,131.773814622839,55.3966758496087,42.265703601899,1.6567690992031,46.6980197184071,63.0174841285472,66.8750905525686,46260.8043797275,84.9652313855852,75.3088563445792,119.157760506981,63.2009665372718,0.0247740838257373,0.698287199801235,0.94231624372921,93.0592603168677,100.152805855331,94.8672154254004,95.2456635356758
"United States","71","Arts, entertainment and recreation",1991,47708,10752.9778437125,134.426523297491,10618.551320415,36954.6594302181,133.346985894614,54.3992537652303,45.4670925063558,1.60819500085064,50.300541853588,64.9241300377182,67.6687506508755,47707.6372739306,80.190744398055,73.0855491073322,108.773346306123,67.1906782215249,0.0237656966529178,0.743334868307298,0.959440353386784,94.3681079992255,100.140264538239,96.2119287398827,96.5788481290228
"United States","71","Arts, entertainment and recreation",1992,54584,12373.6313476418,129.451612903226,12244.1797347385,42212.3345937806,139.214536072332,60.5734709046289,43.1478373170153,1.58988412255984,47.7138672725782,67.4413676572755,70.5822391466801,54585.9659414224,87.7338917023012,78.0214034883998,127.629232471547,61.1312956894834,0.0225252718216524,0.676003876462773,0.955500540541405,92.3735103051825,100.126337464244,94.1922534867089,96.2717611067084
"United States","71","Arts, entertainment and recreation",1993,55869,11878.8073570733,130.412186379928,11748.3951706934,43985.9134736781,148.287298425901,60.9257930656545,46.9762808773855,1.64159569395734,51.9781599989196,72.8550793066882,75.0380952326051,55864.7208307514,81.5471649211228,73.8152542612313,117.909633870988,62.6032427019465,0.0218768305467867,0.692690290682304,0.970907897926381,92.8575515151614,100.119456039104,94.692685379859,97.4810111135352
"United States","71","Arts, entertainment and recreation",1994,58116,12357.3704575836,152.483870967742,12204.8865866158,45755.1969361703,149.614389004126,61.7723845806467,48.6891771960186,1.76252924476736,53.8497357207921,73.044067267471,75.7069212611235,58112.5673937538,81.8858399699302,74.1797749940432,115.342314412763,64.3127159115122,0.0232809525920114,0.711292109410407,0.964826809104178,93.3910211458431,100.134898019277,95.2215297733584,96.9999653946899
"United States","71","Arts, entertainment and recreation",1995,62565,13862.4805014459,190.616487455197,13671.8640139907,48703.7634588833,155.222601383638,64.8075207240019,50.8536412683446,2.20385012400826,56.103162444539,75.0653781063322,78.4932382211226,62566.2439603292,83.3024566884725,75.0619584735301,115.859081883963,64.7872892249461,0.0280769423450185,0.714751534221219,0.95632923048564,93.5402081047188,100.188092440569,95.3205727973677,96.3304857761745
"United States","71","Arts, entertainment and recreation",1996,67480,14657.1732020654,235.770609318996,14421.4025927464,52820.7965078552,160.933620942484,67.0341783611283,53.1091412568277,2.80313917872395,58.403361404004,77.8446480983418,81.32918174594,67477.9697099206,82.959988913976,74.9336035141782,114.750276785907,65.3014577507156,0.0344665852839947,0.718110770946242,0.957155186209995,93.7025717820833,100.255296608461,95.4172150358227,96.3954248857372
"United States","71","Arts, entertainment and recreation",1997,75246,18565,301,18264,56683,172.256,72.6187472221267,55.2137769811439,3.52740722381192,60.5270577149024,83.4046574440515,86.8573480327596,75248,84.4684447845845,76.0096823588712,119.571595994214,63.5683430725046,0.0406115003935131,0.696855926249023,0.960248721991766,93.1197259432638,100.316947333071,94.7651897864282,96.6346171447258
"United States","71","Arts, entertainment and recreation",1998,77386,15096,338,14758,62290,170.761,72.652013245723,59.0819739610637,4.88875026289438,64.3765397275071,82.0125875783641,86.1000922465634,77386,84.3514367996768,76.7133179689797,111.794229455197,68.6201052977639,0.0567798493048596,0.747694201571271,0.952526129048805,94.7060549247717,100.457705888984,96.2223824355212,96.02858654793
"United States","71","Arts, entertainment and recreation",1999,84367,16688,397,16291,67679,175.271,75.3467903581336,63.0065910785293,7.01560282241312,68.1587163427349,84.8119048693673,88.3444632490086,84367,84.0833321982268,77.5375636629598,108.719013775914,71.3192301603987,0.0794119129190798,0.771510899903507,0.960013811282271,95.4265276769143,100.610709240567,96.8031370835058,96.6347027646649
"United States","71","Arts, entertainment and recreation",2000,92484,17463,514,16949,75022,176.661,79.0562240982115,62.3478206193637,9.82353862922924,66.741385369753,85.9281034289607,89.042360992975,92485,87.4747931964986,80.7172079502029,115.276696077726,70.0204036866033,0.110324327878101,0.749546447617428,0.965024988900957,95.0880857961443,100.780599077926,96.2784299012026,97.0414108220852
"United States","71","Arts, entertainment and recreation",2001,90168,10753,416,10337,79414,165.897,74.8464610679754,69.6734096230968,13.7716489321067,73.8785192358502,80.0457494055565,83.4457635989788,90167,86.4449209759558,81.5443185558041,97.6631969908896,83.4954425702559,0.165037125171388,0.885347752234534,0.959254801600691,97.7013349151026,100.987232369213,98.6962266392243,96.5503224528327
"United States","71","Arts, entertainment and recreation",2002,96982,11247,413,10834,85736,170.845,78.1846499738142,73.7214703897897,17.2114896083491,77.676452558718,83.7442582130635,85.8982723124725,96983,86.1976538660029,82.7491988334305,96.4171384191136,85.8241596776392,0.200370614507109,0.904284224438811,0.974923662124735,98.0179445204874,101.074178367271,98.9329051428038,97.9406002675989
"United States","71","Arts, entertainment and recreation",2003,103721,10998,436,10562,92723,177.875,81.0233054998139,75.770978569311,20.0611701674314,79.4225098715376,86.8800158528776,89.3616132213835,103721,86.1924590304073,82.4300734935876,97.2151143409889,84.7914175201793,0.224494270461883,0.8887765899523,0.972229716104633,97.8863154987161,101.122805713668,98.7503547531299,97.699970873489
"United States","71","Arts, entertainment and recreation",2004,109805,12611,493,12118,97194,181.917,83.6474523429759,77.6234300342664,22.7180974863385,81.031469913484,88.7196582289352,91.3694426886112,109805,87.1081024838275,83.2297274746873,97.9685361897836,84.955569116043,0.248639991859885,0.886855249732023,0.970999227075221,97.9072265000054,101.16771814225,98.7276840212807,97.5899669830803
"United States","71","Arts, entertainment and recreation",2005,113576,15080,560,14520,98496,184.716,83.4949352005358,79.7164091953759,25.6318223699321,82.9150013732089,90.0443620574171,92.764564902856,113576,85.5451917756926,81.8285301914527,95.2224024698123,85.9341164148786,0.276310489859722,0.893821918531482,0.97067627225668,98.0461531000046,101.218012631816,98.8197355671576,97.5615266679947
"United States","71","Arts, entertainment and recreation",2006,121250,16430,589,15841,104819,183.026,85.9167944956535,81.1933507661312,28.8910920756164,84.1335069558488,89.5522512268209,91.9119257248441,121249,88.2276745733378,84.9831706620149,96.2020509813362,88.338210875049,0.314334531104346,0.915370952053801,0.974326786438059,98.4097119757654,101.281903519957,99.1244715391675,97.8791382172895
"United States","71","Arts, entertainment and recreation",2007,127333,17902,643,17259,109432,181.262,87.1323288232767,83.4385737712223,33.0046507956249,86.1190929148603,88.9272563926921,91.0217913720703,127334,89.6793461398865,87.0283347677776,94.9378036159988,91.6687888839168,0.362601639652549,0.946137091093174,0.976988642523896,98.9137804942521,101.353598718327,99.5615661875661,98.1095852052213
"United States","71","Arts, entertainment and recreation",2008,132769,16901,631,16270,115869,183.117,88.4744177505904,85.7789867560263,37.9061204829129,88.1539291073959,90.5266902525061,91.9486284747445,132770,89.334010592334,87.4780690372378,93.7699170132473,93.2901209935798,0.412253245227302,0.958730223274718,0.984535514603908,99.1463351515871,101.417368035649,99.7315856260033,98.765596412294
"United States","71","Arts, entertainment and recreation",2009,134401,23943,733,23210,110458,173.096,87.1448715762486,87.9260377519643,42.6402271871863,90.096262873758,85.7816463292626,86.7752705458861,134401,91.7513713238924,91.3003806510649,90.1054503819211,101.326146491782,0.491386853869138,1.03827118379442,0.988549454120134,100.405425119925,101.508287994138,100.911906430455,99.1066610794492
"United States","71","Arts, entertainment and recreation",2010,141726,31256,857,30399,110468,172.91,92.1556766945841,88.9781711790431,47.0262917044401,90.9527538760676,85.849850646911,86.6819756620668,141724,96.7356731802667,96.6540422181227,94.1597610309728,102.648988442451,0.54251522701529,1.04926950708473,0.990400253238345,100.665374041024,101.566082939351,101.117970014794,99.2551961073605
"United States","71","Arts, entertainment and recreation",2011,147464,33189,876,32313,114275,172.515,95.045528744658,89.9954212432911,51.4997623504215,91.7950778578159,86.4010590872057,86.4837165221993,147464,99.0229944731856,99.913477941507,96.0147614585944,104.060538633525,0.595485074201247,1.06141458241163,0.999044242797171,100.972159719571,101.622810635229,101.370585734361,99.9278114483143
"United States","71","Arts, entertainment and recreation",2012,159185,38379,1038,37341,120806,174.888,100,91.1691399577823,56.5800765252342,92.7838326718822,87.5123703564442,87.6652741022153,159185,102.857513461211,103.704866153336,99.7192199166922,103.996868647763,0.645410364647504,1.05838752712618,0.998255823102853,100.957756517188,101.673799822554,101.304930985949,99.867326322673
"United States","71","Arts, entertainment and recreation",2013,164028,36050,1114,34936,127978,182.713,101.644108934324,91.3968885101984,62.9491234409756,92.706853851642,91.6072442817816,91.5018731846465,164028,100.875281270735,100.990136333952,101.10614046449,99.8852649997271,0.687954478417586,1.01316891802383,1.00115157311504,100.023646207537,101.717010426416,100.319887849335,100.09019094698
"United States","71","Arts, entertainment and recreation",2014,174390,40189,1331,38858,134201,190.241,105.810052605893,92.5252730780519,70.3654221969752,93.5341388118881,95.1521788367824,95.195786644195,174390,101.684054433074,101.049910613472,103.96646679508,97.1947145348729,0.739165300035536,0.982544943522369,0.999541914522167,99.4106853645455,101.769693949938,99.6511890124306,99.9654697841999
"United States","71","Arts, entertainment and recreation",2015,177268,36057,1315,34742,141211,195.423,103.332820347628,94.6879706127088,78.946470334613,95.3872287693734,97.9901888665444,97.7540065461886,177268,96.5589294348658,96.1015620986011,99.2133707132668,96.8635189064797,0.807603423367726,0.975788431999491,1.00241608839065,99.3371030478776,101.837531389207,99.5073020321248,100.190493189658
"United States","71","Arts, entertainment and recreation",2016,189304,38277,1475,36802,151027,201.193,106.469497321332,96.9002805712672,89.2442597889849,97.2267848290126,101.012461129328,100.59828920571,189304,96.6558821570197,96.2191107556806,99.8911238837669,96.3239845690804,0.887134965153256,0.966485470048071,1.00411708714818,99.2246406573275,101.910299930468,99.3214083359468,100.326004148335
"United States","71","Arts, entertainment and recreation",2017,197820,42227,1658,40569,155594,200,109.995082463352,100,100,100,100,100,197821,100,100,100,100,1,1,1,100,102.009040230893,100,100
"United States","71","Arts, entertainment and recreation",2018,210003,43387,1698,41689,166616,208.175,114.322474189977,103.201669236087,110.919926638627,102.898883938209,104.701370413734,104.005872742997,210003,99.5684990101009,99.9310573664379,100.709774487762,99.2267710604208,1.06647753355923,0.989356477902708,1.00668709999151,99.8370994742937,102.063110685765,99.7842978593286,100.527890040433
"United States","71","Arts, entertainment and recreation",2019,218826,49115,1876,47239,169710,207.183,116.134032007176,106.229281708154,121.35920279684,105.661576877297,104.588221689178,103.509059616462,218825,100.603193105199,102.001808456034,99.3898396250956,102.628003869199,1.17245005651215,1.02079544794254,1.01042577409856,100.564941113883,102.143677847633,100.43316615174,100.820652265916
"United States","71","Arts, entertainment and recreation",2020,154898,23938,1397,22541,130959,153.116,74.225211452062,109.399419982362,128.293786216842,108.618016006747,74.35258948289,72.5177530932395,154897,84.3120673784833,93.0537403391404,61.6826685863982,150.85881086484,1.76913625621976,1.49781276133986,1.02530189245234,108.18076300137,102.51396746174,107.638330301979,102.022052313346
"United States","71","Arts, entertainment and recreation",2021,191934,42479,1642,40837,149456,179.487,90.740960027827,110.959069825131,132.267644238467,110.086419730492,86.0223118300225,84.020830221368,191935,91.3208871055579,98.184544923079,74.3476580359351,132.061382317682,1.574224438035,1.31022770711084,1.02382125484099,105.508785329337,102.40887403141,105.088884594235,101.902393910442
"United States","71","Arts, entertainment and recreation",2022,238336,38567,1486,37081,199770,204.998,106.951652875479,113.730986791022,142.450475915152,112.612902440779,97.8827306501699,95.1810588030272,238337,96.505588257606,102.155957665366,85.4939580493853,119.489096067299,1.49662630051161,1.18314403996941,1.02838455340924,103.505980303674,102.370599912176,103.132657932902,102.269420295906
"United States","71","Arts, entertainment and recreation",2023,271914,52654,1760,50894,219260,215.053,111.431715531694,116.789350619092,153.385817879622,115.451094293124,102.536097483959,99.7379209403067,271914,96.3251666175105,101.572288148343,86.742573628193,117.096235331586,1.53788866294319,1.15754462499997,1.02805529248326,103.13451423901,102.388291409746,102.746765950551,102.242495187541
"United States","72","Accommodation and food services",1963,11843.0824953725,2067.83163715522,0.985736441264771,2072.94341909923,10008.9807912624,80.1164059694293,32.0732462445642,24.8061707442548,0.128000010938298,27.2876014341498,37.0734132542817,40.9511247706627,12076.8124284177,80.6999029506739,67.7248018327535,111.803100870126,60.5750657232884,0.00312567754011966,0.666345590920094,0.905308790952696,90.148829394333,100,92.3388410348265,93.0924882915916
"United States","72","Accommodation and food services",1964,12897.0669868428,2184.83306950256,0.987719725780907,2190.2957250417,11008.0216427217,81.3022858063838,33.9459065991986,25.8899665066372,0.128000010938298,28.4804421446534,38.0676894131159,41.552869480735,13192.8547122242,82.952895227401,70.6410345743619,113.377423215284,62.3060857894314,0.00308041327922353,0.685402536589145,0.916126609036351,90.5776227120649,99.9998858617019,92.7794920020092,94.0166093594438
"United States","72","Accommodation and food services",1965,13959.0631847516,2692.67221941331,1.15175007699172,2699.4797248457,11384.6861305347,83.009409468532,35.9550596172817,27.141229752208,0.128000010938298,29.8576004288409,38.9190292599553,42.4163825826494,14077.358349948,85.5568878237175,73.298830357636,114.551597687178,63.9876106816103,0.00301770219770361,0.703916708848583,0.917547110108238,91.0090699690377,99.9997247279415,93.2229310461211,94.1363575068731
"United States","72","Accommodation and food services",1966,15156.3682025114,2678.89539542381,1.03221260448597,2685.79829783695,12756.5540323078,83.6933745683116,37.8962072820332,28.6532470032507,0.128000010938298,31.5216958396178,39.0950330597057,42.7646941951639,15435.4494277316,88.9597862244287,76.6268610433848,114.364849445646,67.0021089651354,0.00299312349467878,0.737096252711717,0.914189468566965,91.7765310070629,99.9996639279236,94.0114849637435,93.8546223871438
"United States","72","Accommodation and food services",1967,16391.9513732553,2940.88647504746,1.042546560649,2948.5683052039,13726.0586550579,84.2488875113754,37.1437559172535,29.9755782642907,0.128000010938298,32.9770091254119,39.3458611991787,43.047615160275,16666.9451301054,86.0524902508663,74.6117762652231,107.149193345707,69.633539866693,0.00297345185004392,0.766058909480392,0.914007920129513,92.397331750002,99.9996212569637,94.6493635786218,93.8392453680619
"United States","72","Accommodation and food services",1968,18082.4214317875,3486.97961591421,1.20146049448554,3496.12762123574,14749.3438215495,85.6056213461782,37.9519168773095,31.1323972396681,0.128000010938298,34.2501716431696,40.1107228092289,43.7353120360018,18236.3234374637,85.9535671213737,75.036426934302,105.412426829015,71.1836632468533,0.00292669710079882,0.783123980342833,0.917124422851053,92.7720580373778,99.9995194794289,95.034492120688,94.1003090717723
"United States","72","Accommodation and food services",1969,19663.3981689929,4107.14056154849,1.38032253014939,4117.95544261548,15529.5483999296,87.7510182269447,38.5532098935311,32.3116078831155,0.128000010938298,35.5479838799565,40.6648577439123,44.8178659536908,19636.6889614781,85.7220690042665,74.3840855596881,103.174561530998,72.0953735648686,0.00285600414510047,0.793165473712811,0.907335877748625,93.0087094091988,99.9993529984168,95.2778264438562,93.2961592815376
"United States","72","Accommodation and food services",1970,21174.9401170644,3916.00848292745,1.23124129471166,3926.41730294133,17542.1472563016,87.3906705796785,37.515476182473,33.574143348867,0.128000010938298,36.9374845242555,40.610770564066,44.6334435671861,21458.1557392291,82.8795933045387,72.6809721146028,96.6220354031705,75.2219427083378,0.00286780496211595,0.827574159019437,0.909873120207166,93.7851521696747,99.9993793204603,96.0755836839071,93.5059030173028
"United States","72","Accommodation and food services",1971,23044.3382860573,4247.2759476584,1.21916000399961,4258.69847877546,19114.1761014059,88.8825957331385,37.8777941627419,34.5813584816366,0.128000010938298,38.0459684269894,41.5147453139829,45.3889776361393,23361.4520490643,81.7455198162024,72.1613979592835,94.7138059919112,76.1888905250479,0.00282006816642601,0.838220431664818,0.914643763223438,94.0036026938012,99.9992873634956,96.3001390509593,93.906678547204
"United States","72","Accommodation and food services",1972,25125.6015808695,4624.95335693582,1.22346581906754,4637.51090041245,20850.0464123503,91.8713414328763,39.6827449635631,35.6942925457112,0.128000010938298,39.2707813571754,42.1817264633297,46.8899898611194,25474.9997692861,84.0460464812752,73.1799698152896,96.1332414217648,76.1234810487951,0.00272979395639482,0.837508847271863,0.899589157265021,93.9889354623553,99.9991243437329,96.2852413274402,92.6399274377003
"United States","72","Accommodation and food services",1973,27728.5159837911,4840.04815869295,1.22404318972437,4853.25426274685,23436.5785408853,95.1018616268943,44.871329262582,37.155921118893,0.128000010938298,40.8793362987285,43.3126308507735,48.5104452883026,28276.6266995783,92.3308655136835,79.9842235207775,104.42670191425,76.5936509097608,0.002638607214953,0.842691425646133,0.89285164449351,94.0910545087356,99.9989692253912,96.3903380143661,92.0680808793688
"United States","72","Accommodation and food services",1974,29227.5952774026,6042.42686157334,1.72111039554326,6058.69251766418,23183.8838253733,95.2227502093456,43.4929864848409,38.5521765223413,0.128000010938298,42.4160208620195,43.0497409421893,48.5720701135631,29226.3106869467,89.3129350589695,77.4289331950525,97.5530802985669,79.3710797835156,0.00263525953575851,0.87325948354372,0.886306489337134,94.7264821025653,99.9989627395786,97.0432834016034,91.5203147330249
"United States","72","Accommodation and food services",1975,32729.6011806493,6056.62255875115,1.32072450424139,6073.38986963192,27108.4352257728,96.4375468541589,44.6092991159934,39.4924127699778,0.128000010938298,43.4507527800716,43.0649467698757,49.1878121283568,33165.057784524,91.1506358257854,78.4221154398296,97.6747686556912,80.2890209203072,0.00260227087564454,0.883364209546172,0.875520680966591,94.9387770573657,99.9989005656235,97.2614788862376,90.6223286452863
"United States","72","Accommodation and food services",1976,37302.5051778478,6189.6517701996,1.19266836806148,6206.96734543502,32048.1340201891,98.8704616097755,45.4390432087329,40.1927066779368,0.128000010938298,44.2214086795937,44.1228014426575,50.4133155457941,38237.7857903887,90.7245436920277,77.9389546035967,97.7580620092277,79.7263703900347,0.00253901195651427,0.877177154504432,0.875221178471737,94.8238452860143,99.9988131862805,97.1434728867361,90.5966670878519
"United States","72","Accommodation and food services",1977,41588.7681224674,7382.02662144451,1.19773476839204,7402.93534465025,34953.3339695271,102.726788643078,46.992340777816,40.9160240163659,0.128000010938298,45.0173773479634,45.1602389805856,52.3420936894716,42335.3605909716,91.7538124020354,77.6330496991334,99.3125910554287,78.1704000208841,0.0024454507245675,0.860060692547697,0.862790075775465,94.5101604935222,99.998701522619,96.8212656140906,89.5249378239698
"United States","72","Accommodation and food services",1978,48467.2631947571,9076.63905216776,1.22315266888078,9102.63350958935,39969.1401316619,107.85216786134,50.9230488090635,41.7948651662648,0.128000010938298,45.9844640646297,47.1688633316764,54.8900788821337,49045.7791838296,95.5762676980568,80.2215781715657,105.356692415908,76.1428404138599,0.00233193344854094,0.837755474233747,0.859333130727738,94.0648438207741,99.9985750172574,96.3638203224895,89.2305963728836
"United States","72","Accommodation and food services",1979,55124.1010555806,10800.060067208,14.8221736034512,10815.673029703,44688.5496307888,112.305427699804,52.3384734012587,43.1473958522496,0.27865355878988,47.4205675917595,48.162928758818,57.1107046949953,55488.6096979968,96.0047816212487,79.2454235682946,104.890733135699,75.5504525512022,0.00487918263796697,0.830327131227205,0.843325765564201,93.9254677361892,100.009356547854,96.2006687350923,87.8816010702045
"United States","72","Accommodation and food services",1980,58484.5668117465,10362.3412059134,40.879819808188,10346.7731757508,49183.6369544024,114.734394334494,50.0784227151435,44.9003731037491,0.511991103060428,49.2189838888239,49.2394403644513,58.3326965361144,59545.9781603158,89.5578783750275,74.2350914358558,96.4431420436662,76.972908454439,0.00877708615344823,0.843763220483933,0.844113906751535,94.2489638418066,100.037360558173,96.4857517961091,87.9485870946871
"United States","72","Accommodation and food services",1981,65337.246385512,12555.2813949294,73.3378431896551,12509.1382272569,53365.2846421625,117.922022332682,50.4230340897589,46.4183720099661,0.811464327590268,50.7403276542812,50.7441674259253,59.9312721463826,65920.566037092,87.4500364217743,72.7522011007289,93.9311693757811,77.4526726157069,0.0135399149480468,0.846641925610182,0.846705995193666,94.3557487971617,100.076376780898,96.5455013882241,88.1693780240327
"United States","72","Accommodation and food services",1982,70642.7764270349,13835.6028766182,102.831172088003,13759.5272928316,57277.3272747023,121.158055194442,50.9349200053032,47.7443570833238,1.17322321433249,52.03901410131,53.1044609470745,61.5536579879415,71112.9301513206,84.6931032755689,71.5537534646449,92.2495460736785,77.5654260753716,0.0190601704704914,0.845425207897548,0.86273444475839,94.382176464649,100.120165622021,96.5188986857046,89.514705246491
"United States","72","Accommodation and food services",1983,78887.712541898,16588.5466085203,156.309980757273,16459.4981369543,62123.6379792906,127.128534853387,54.9018220141828,48.9898732043729,1.67985849396571,53.2053970339856,56.1206128873415,64.5140140905517,78712.1845878109,86.9006829214595,73.587381893603,96.9060967470916,75.9367927960751,0.0260386602453208,0.824710689359783,0.869898016399519,93.9771660483688,100.173778280569,96.0381194390947,90.1068521320041
"United States","72","Accommodation and food services",1984,85864.1284706588,17423.1346701104,214.633215748069,17229.771827842,68639.2085490762,133.667161457685,57.0788403833075,50.7800801636487,2.35578766570552,54.9129568763026,59.2439648940155,67.7490219007184,86062.3432191866,85.9071179020057,72.8522167001291,97.1969010058037,74.953229934542,0.0347722756670608,0.810535050332887,0.874462290848029,93.7243860138264,100.238697874827,95.6979484709558,90.481755396553
"United States","72","Accommodation and food services",1985,93495.7239481715,19639.2895972213,281.804827852545,19375.6428979312,73661.3528944388,136.965789709307,58.3226171987114,52.8035102763504,3.00460513178283,56.9079790971346,60.2470002739317,69.4005551117881,93300.6424916601,85.921420924672,72.6682529496541,95.5091255735811,76.0851410933187,0.0432936757774215,0.81999313990312,0.868105452137779,94.0148869726584,100.29929359885,95.9246310746468,89.959418696773
"United States","72","Accommodation and food services",1986,101892.882485367,22201.8568541639,359.214454187915,21857.2399924336,78986.8034972477,141.688618509977,60.283045233397,54.7718481999062,3.62344566216167,58.8625582544003,61.4764169929048,71.7534376890028,101188.660351412,86.7272804448436,72.6479107272714,95.1718356587141,76.333413372194,0.0504985653491137,0.820344782775777,0.856773124367349,94.0807455254373,100.350029175016,95.9333437175632,89.0362070144713
"United States","72","Accommodation and food services",1987,106764,22092.8834520259,457.002694268471,21635.8807577574,84653.6132140357,148.770102701017,59.614975101222,57.6745736685724,4.19760786540686,61.8388762306636,65.1541642076893,75.2522192378415,106746.496666062,81.0364902314097,68.5025461281707,89.3802639827134,76.6416914380779,0.0557805192713313,0.821754851311642,0.865810535125398,94.1616184165299,100.38912514985,95.9678406578948,89.7743307780825
"United States","72","Accommodation and food services",1988,119233,23609.8215157934,503.841731641489,23105.9797841519,95602.9134154425,155.440239801233,64.6525092711031,58.2617990253264,4.73118216530124,62.3193620077434,66.8214798858477,78.5526450879688,119212.734931236,85.9543961391183,71.1697156553541,95.9560039067187,74.1691116321809,0.0602294443427453,0.793345175556517,0.8506585591232,93.5383729049123,100.421899772614,95.3007675073719,88.5191685490399
"United States","72","Accommodation and food services",1989,127546,26096.3695694195,666.702932301233,25429.6666371183,101428.111348495,161.444230735027,66.0112397198075,61.9241945129728,5.20974859617816,66.1757223503517,69.7328494180045,81.5293718433705,127524.480917914,83.7871775892013,70.0123172115044,92.1781912295516,75.953233924012,0.0639002665957838,0.811679531610824,0.855309538652784,93.9871138087494,100.449988985941,95.7298327402302,88.9054894547207
"United States","72","Accommodation and food services",1990,134658,26465.2651197632,678.909767777486,25786.3553519858,108168.611332149,161.765493519599,66.3194043797729,62.1938796883784,5.70334440781667,66.3132997010708,69.5053685113959,81.6914497618821,134633.876451912,84.3249478179408,70.1996056805842,92.2069436654065,76.1326673350319,0.0698156835806076,0.811753248281966,0.850827947282038,94.0316135676169,100.49566974887,95.7315321267487,88.5329025814213
"United States","72","Accommodation and food services",1991,138568,26734.6187551702,660.582097874573,26074.0366572956,111806.644771214,157.048056835603,64.5667793372666,65.4728450510569,6.07306531397257,69.7892300841046,68.680148082354,79.2738426161047,138541.263526384,82.0645033841698,70.4287325364598,85.2743798500462,82.5907296661761,0.0766086910077299,0.880356341776811,0.866365825294325,95.5346865260268,100.541453311659,97.2175929529141,89.8324913209499
"United States","72","Accommodation and food services",1992,142769,28667.6722932583,714.521193350077,27953.1510999082,114078.472914213,154.430303574308,64.9279599339869,64.9270634040159,6.42498705016417,69.0930239976415,68.7214992181807,77.9412292216085,142746.145207471,82.6197490103656,72.0336075651546,86.4722293684986,83.3025910066291,0.0824337403237014,0.886475934337536,0.881709204544188,95.6962618975282,100.577466468104,97.3469904611711,91.107959610062
"United States","72","Accommodation and food services",1993,153665,34431.7259014777,854.989372868014,33576.7365286097,119219.009522403,158.053868521319,68.135505959231,67.8085569931311,7.37849262281012,71.9850748624259,70.5792155970128,79.7488624378268,153650.735423881,84.119338005473,73.87876848069,86.8879682137968,85.0276165957796,0.0925216034092334,0.902647043003859,0.885018462201104,96.1138973971905,100.638851662249,97.7122616560743,91.377150930727
"United States","72","Accommodation and food services",1994,161644,37787.3036050703,990.362386137872,36796.9412189324,123846.736848451,161.756036207803,70.8158279170859,69.2878414235734,8.21205468085292,73.3866859809656,72.9774062716354,81.5953013108613,161634.040453521,84.7847265840755,75.0474336272161,88.3779582911958,84.9164600294826,0.100643720274611,0.899398431061336,0.89438245951941,96.0851170361309,100.68836770556,97.6336984373189,92.1217327051619
"United States","72","Accommodation and food services",1995,168736,41437.2062203435,1103.36062432058,40333.8455960229,127291.372172155,163.848568806622,73.1809711841951,71.0776279544452,9.23390109773487,75.093608139334,74.0926416532374,82.6440638339911,168728.578392498,86.0840719044216,76.5697383806969,89.0299033409226,86.004517030068,0.111730966137909,0.908638862316549,0.896527085140305,96.3787806866027,100.755032107915,97.8668539720015,92.2896361971235
"United States","72","Accommodation and food services",1996,179479,45441.6670545505,1217.37706638678,44224.2899881637,134032.193617964,166.62763146265,76.2807052187151,73.4195402346672,10.8074730254336,77.3015443041046,74.2436696758421,84.03401641364,179473.860672514,88.871895330029,78.4928751388551,89.8408180804409,87.3688339175349,0.12860831228435,0.919883966078734,0.883495432497158,96.7578196664641,100.849491280594,98.1594732582086,91.2808596737556
"United States","72","Accommodation and food services",1997,195795,50981,1366,49615,144814,171.333,80.3894734568181,75.8138103919218,12.3405326175835,79.601721697063,77.4155100569897,86.3740042321481,195795,90.0465480700074,80.479781655905,91.6899040612023,87.7738748665124,0.142873225888842,0.92159350958324,0.896282518625851,96.8728080745277,100.92249910254,98.205030233117,92.2609307858719
"United States","72","Accommodation and food services",1998,211835,52386,1417,50969,159450,175.022,83.3610004324939,78.613574303725,14.0550585339234,82.3263597445507,77.7588518234315,88.2139393635745,211836,92.21446354236,81.7139793044328,91.6929687952892,89.1169523443665,0.159329224330357,0.933257944702389,0.881480323681587,97.2469433778371,100.997703211583,98.5105951165923,91.1216041169838
"United States","72","Accommodation and food services",1999,234372,59425,1584,57841,174949,177.264,88.5024922570094,80.871481517548,16.3255623989095,84.4095742075923,80.0080151688983,89.3367529503681,234374,95.15452721833,85.6635358249216,94.63041845209,90.5243126112686,0.182741837594874,0.944847125286575,0.895577828011586,97.6292728784492,101.090850122523,98.8073212904392,92.211797033314
"United States","72","Accommodation and food services",2000,256038,70095,1732,68363,185943,182.48,93.7707791465961,84.6192588169812,18.785023989298,88.1081328202144,80.7233899494826,91.9274809152096,256038,98.9709414887313,88.2049228152768,95.8228241666152,92.0500137440193,0.204346119378868,0.958452597014836,0.878120330784859,98.0604422271802,101.16725697237,99.1708917801541,90.8848040422594
"United States","72","Accommodation and food services",2001,260851,67302,1649,65653,193550,169.78,91.4622545511675,86.0298234666537,20.9573404643382,89.3678784734485,76.3232488797862,85.2976107919092,260852,100.148212139857,92.7204850569261,91.9313271622403,100.858421083482,0.245696687981864,1.04771842544886,0.894787651977536,100.472335739505,101.289316057945,101.487864589619,92.1480173986808
"United States","72","Accommodation and food services",2002,276134,78373,1572,76801,197761,168.61,93.0541707766252,87.9278668814331,23.3188954739775,91.1796981349729,77.544468411807,84.7077033820827,276134,100.125165938358,94.9912483725344,91.5124041606142,103.801500183313,0.275286597829187,1.0764038510606,0.915435849583063,101.258299202639,101.358531735159,102.216654360194,93.6935550610118
"United States","72","Accommodation and food services",2003,285106,77312,1737,75575,207793,170.511,95.4793184047246,88.3236035275497,26.6009452757927,91.3226103903258,78.8397622373613,85.657404251498,285105,101.38588352116,96.3862445922451,93.4766606838731,103.112631417389,0.310550448128103,1.06613796189988,0.920408024575208,101.071375396339,101.430548964943,101.950953637531,94.0609571497091
"United States","72","Accommodation and food services",2004,304855,82617,1897,80720,222237,172.674,100.211623006216,87.5678037977415,31.040537476181,90.1953846307668,80.68121339191,86.7372351655141,304854,104.879153882398,99.9040697952405,98.9564933686871,100.957568719642,0.357868652568286,1.03986926097718,0.930179677020511,100.494314420162,101.51916337238,101.279340034599,94.7878153168096
"United States","72","Accommodation and food services",2005,316652,84480,2226,82254,232172,177.621,100.422919084983,88.0900422829083,36.2781618630419,90.3664242094074,81.6510073505196,89.1871767532401,316652,104.019736395615,97.3645999642362,98.5772462071312,98.7698517765987,0.406764326259761,1.01322216375825,0.915501648588212,99.9040431619315,101.605349808372,100.592127316898,93.6919483450293
"United States","72","Accommodation and food services",2006,334985,90653,2479,88174,244333,181.881,103.063839804288,88.1419851606242,43.9993563056911,89.9328567949165,83.4511647927106,91.3008838352004,334986,105.049608798134,97.6117268644474,101.110009255674,96.5401225684978,0.481915995305267,0.985016278235015,0.914023624824283,99.2929567840631,101.72971056782,99.8522376314603,93.5813084295664
"United States","72","Accommodation and food services",2007,347308,88522,2730,85792,258785,184.657,102.381456234523,91.8765383662592,54.526499152776,93.2294698617174,85.24333891595,92.6838318217923,347307,101.618042267329,95.5186071572916,96.357902453032,99.1289813555775,0.588306483245285,1.00588708978902,0.919721781462936,99.9857634120086,101.884671025797,100.387784386922,94.0110688540717
"United States","72","Accommodation and food services",2008,348919,85523,2920,82603,263396,183.508,98.8122094791641,95.3022346341921,65.1382485450833,96.2229524719247,85.4872959560105,92.10531831046,348919,96.9738743267186,92.7676513797925,89.6557577274694,103.470935644515,0.707214846438307,1.04470571555472,0.928147228891364,101.06307384105,102.036978716569,101.311448668124,94.6562535696652
"United States","72","Accommodation and food services",2009,339458,87122,2843,84279,252336,172.361,90.8123730445581,97.0792090741581,71.4900661365405,97.7685659224058,81.6379079448855,86.3347364518222,339458,91.82607218813,90.955740908192,80.8889977058878,112.445132821285,0.828056806270956,1.13243602680092,0.945597465169102,103.19409340985,102.171822447228,103.312070657814,95.9863036961569
"United States","72","Accommodation and food services",2010,351222,93490,2437,91053,257730,171.908,94.6459151944513,97.2856660404892,72.8074057934908,97.9345758849854,81.9484291429727,86.1075315907043,351220,95.3814495987587,95.0454638249762,84.1247288727626,112.981598988249,0.845540505557248,1.13735203037173,0.951698737951274,103.322571447478,102.188169769648,103.425695432029,96.4433460790231
"United States","72","Accommodation and food services",2011,371850,99130,2211,96919,272721,174.091,98.3521608515558,96.6966742472707,73.9560340429435,97.2941717815822,83.9752021969138,87.1941701457847,371851,97.51345316438,97.5364885506441,87.9514548386578,110.898095693323,0.848176362241792,1.11583345100837,0.963082761800601,102.811534680375,102.190218841919,102.913436411674,97.2883277043314
"United States","72","Accommodation and food services",2012,396623,103001,2362,100639,293622,180.303,100,96.6307922638834,77.4410560238628,97.1213895188697,87.6125924655063,90.2511467799967,396623,96.1144965478005,95.8115641061983,89.4860047484211,107.068769441166,0.85806173978752,1.07612360600382,0.970764312602894,101.865234091956,102.197265347646,101.958780515175,97.8595122927787
"United States","72","Accommodation and food services",2013,417376,111795,2549,109246,305579,184.547,102.977356818162,97.4926016495818,83.5859943725674,97.8341908149783,90.4511856675073,92.3508176110033,417374,96.4535978539374,96.4210051670675,91.3357373932758,105.567664880063,0.905092088352107,1.05937547003722,0.979430263936617,101.486564702179,102.230160951711,101.547403815901,98.5019142581508
"United States","72","Accommodation and food services",2014,443190,117854,2831,115023,325336,189.704,106.582395468013,98.1880949410911,90.054580364416,98.3692668489048,93.1024253227612,94.8959333164151,443190,97.5528759467375,97.1199688385579,93.863620555277,103.46923362216,0.948982503435038,1.0366015003078,0.98110026498529,100.944201287642,102.260409434055,100.973842161624,98.6250147130661
"United States","72","Accommodation and food services",2015,489095,136129,2986,133143,352964,193.215,111.883728317071,98.8848866532024,94.6603239408907,98.9727486950257,95.8497338324882,96.6362308171661,489093,100.067446535822,100.114643803866,97.8380231221657,102.32692833425,0.979553146272708,1.02417848728269,0.991861261785282,100.639710197978,102.280664286772,100.650674380789,99.4112217332155
"United States","72","Accommodation and food services",2016,515818,144154,3094,141060,371664,196.28,113.164257338941,100.024172141726,96.607407134379,100.093495846181,97.5701608504467,98.1571299191246,515818,99.6038951427461,99.691489606439,97.8306572061921,101.902095369067,0.98421181644143,1.01972720604863,0.994020107666538,100.523003865857,102.283601132139,100.531129280338,99.5672024912775
"United States","72","Accommodation and food services",2017,540299,148163,2898,145265,392136,200,115.64566052779,100,100,100,100,100,540299,100,100,100,100,1,1,1,100,102.29284878032,100,100
"United States","72","Accommodation and food services",2018,565003,152648,2941,149707,412355,207.029,116.809513038985,100.54297830215,106.457331877191,100.430192841176,104.038425111428,103.453819887386,565003,97.9930043697037,97.6342830321491,100.460914349362,97.1863372581073,1.02903239332365,0.970773171551317,1.00565088098901,99.2261551805631,102.308320359457,99.2113951554095,100.410956673775
"United States","72","Accommodation and food services",2019,601201,166298,3108,163190,434903,210.038,119.409558389122,99.7242946831009,112.963005791551,99.4843550092878,104.983179061291,104.946617517806,601201,99.7410805411737,98.3878126732678,103.540147141143,95.0238292970052,1.07638538967094,0.947951990852955,1.00034838229521,98.6175935049513,102.332200089177,98.580413294982,100.025984874129
"United States","72","Accommodation and food services",2020,449289,135280,3418,131862,314010,151.148,85.1870382359221,97.5253340929056,117.564858920589,97.1332747143389,77.0683369556569,70.773203701755,449290,89.2221286385886,104.081926628855,75.5312602975322,137.799801325777,1.66114931600409,1.37245835477037,1.08894797641817,109.794349664422,102.616260855306,109.44259019142,106.248486374897
"United States","72","Accommodation and food services",2021,600771,218673,4036,214637,382100,169.874,103.716962468954,99.8456521455951,121.316512771674,99.4303096021222,85.0196513003793,79.0316512731054,600773,100.946295065252,113.480016980018,89.8237723496758,126.336284940528,1.53503704930126,1.25810745442388,1.07576711267972,106.668541225078,102.558243747858,106.388106671044,105.38836143539
"United States","72","Accommodation and food services",2022,696398,187798,3712,184086,508599,191.8,108.084156933673,100.51064453781,126.282710920895,100.022894004515,92.0358949964817,88.6254763673611,696397,99.4402580941555,105.456685125678,92.9866582625501,113.410554907693,1.42490304252291,1.12860204654822,1.03848124454625,103.082546655957,102.512256419188,102.856157235159,102.878999886507
"United States","72","Accommodation and food services",2023,798726,242880,3957,238923,555847,200.015,110.280821326631,101.311820320489,129.557638596286,100.790310597518,95.3915613041648,92.3419153473161,798727,98.6779299581422,103.269428232051,94.1262013613347,109.713795668452,1.40302091535566,1.0914903618625,1.03302558697617,102.107191873707,102.50409869428,101.89180096806,102.493284226788
"United States","81","Other services",1963,17599.4989749965,1619.49468003555,11.2531890374734,1636.76326874526,16228.651396359,33.5100721751821,41.5905698236036,13.4684046110344,0.0420142988117712,18.7910795617627,87.0196584826781,33.5100721751821,17848.1460763945,54.5075187609329,113.111373553767,281.426820851174,40.1921086311753,0.00125378120918783,0.56075914917544,2.59682098050286,87.0566317543821,100,91.9403930228269,238.368027725323
"United States","81","Other services",1964,18838.0039929855,1733.46032011446,11.3519543685293,1753.45604639163,17370.6883048936,34.7243058860803,42.6168406074585,14.0832443265126,0.0437125920853577,19.6503337924615,86.5493757030751,34.7243058860804,19104.1486250081,55.901517459604,111.849602712567,275.781611664299,40.5573098356964,0.00125884710924864,0.56589565409682,2.49247244817554,87.1281130089923,100.000246923757,92.0173375757251,229.642645022897
"United States","81","Other services",1965,19726.0071956069,1815.17467662455,13.6549719929049,1832.25670001262,18189.5228830022,36.2365521908593,43.4057535578691,14.8732801086635,0.0451155300070162,20.7599228264298,85.3237857506977,36.2365521908594,20004.6975596268,57.3945447714099,109.165950413855,265.966728975422,41.0449648474428,0.00124502821817569,0.572900057298125,2.35463311468746,87.2226552179195,99.9995422499573,92.1211827684408,218.065660538183
"United States","81","Other services",1966,21423.6891728345,1971.39441451816,15.090657909552,1989.3783550496,19754.9691382557,37.7383774574563,45.4490260125039,15.8938676213343,0.0457800795488544,22.2032807446219,83.6796657106759,37.7383774574563,21726.3635527739,60.8017414698307,109.75596322455,260.60440838295,42.1159273189527,0.00121309082777774,0.588347518905717,2.21736257222534,87.4267502784556,99.9977528743436,92.3459168654036,206.475141049138
"United States","81","Other services",1967,22732.6861760372,2091.84678272263,15.5066404009595,2112.03340381185,20962.0076150222,38.991260825271,46.4221076975453,16.8455405484498,0.0460015960628005,23.5531780634646,81.5042253778574,38.991260825271,23053.8543977448,63.2741733380505,108.503649253247,251.146235192578,43.2033747868236,0.00117979247372749,0.604063001938098,2.09032033467953,87.6292141942502,99.9958502676397,92.5691419302321,195.690141702431
"United States","81","Other services",1968,24346.1693931485,2240.31943216224,14.7217464554872,2266.05167483221,22449.8138001414,40.2791895941946,47.6933222859725,17.7303689709191,0.0460015960628005,24.8094870875431,80.6650906512977,40.2791895941946,24690.1332323036,65.3173461915411,107.910479155679,245.146993626645,44.0186834679379,0.00114206856012393,0.615938089556767,2.00264929518154,87.7779933653198,99.993788597296,92.7345383996583,188.212923736261
"United States","81","Other services",1969,26216.1651120094,2843.91830993011,21.7723047836498,2869.85604768107,23693.6854461794,42.2190587717218,48.1662348943591,19.064187692961,0.0463707902527106,26.7023225962667,78.1790449223994,42.2190587717219,26537.6037561095,67.3669091982885,103.973082851336,230.256109847178,45.1554066992373,0.00109833785029262,0.632470817046064,1.85174769871382,87.9997239670796,99.9910232002091,92.980400516693,175.385218840452
"United States","81","Other services",1970,27304.8746614195,2512.57691667845,29.9244026658728,2512.17737019284,25178.0628009848,42.4428145043538,47.8419306470618,20.8967094216768,0.0470353397945488,29.317355587599,75.8966219628283,42.4428145043538,27690.6397176633,68.1025019618661,102.728581315992,208.649602820587,49.2349757331319,0.00110820501288207,0.690749563382316,1.78820897834291,88.7561225819031,99.9918732625908,93.7988945533435,169.953417441999
"United States","81","Other services",1971,29220.8859817393,2688.88794615984,34.1726071079065,2683.77414658663,26944.8336252843,43.6593112444591,49.5458049834457,23.0077584984459,0.0474045339844589,32.3558882765282,74.9531865613697,43.6593112444591,29633.7215714441,70.7144534829982,103.422915793448,196.254375268265,52.6984000494645,0.00108578290937824,0.741099375007538,1.7167743701152,89.305298397182,99.9895904617083,94.3990057853933,163.768873777181
"United States","81","Other services",1972,31179.9757374674,2869.16151096347,30.9110963287344,2875.81665157298,28751.3268141988,45.6631863676514,51.4517973733264,25.6307988500023,0.0482167612022612,36.1287140148089,74.3273954221168,45.6631863676514,31620.4883251622,73.2753943599202,102.688333605616,182.946951542886,56.1301146259027,0.0010559219589726,0.791200021039337,1.62773124993248,89.8179824170989,99.9866198270416,94.9611127052508,156.026959907121
"United States","81","Other services",1973,33874.3360611874,3117.09409879977,21.1114693472754,3151.52666431417,31235.8217678511,47.9787433091016,52.8337169777606,27.5673591059728,0.0504319263417219,38.8790835590909,73.1855938458821,47.9787433091016,34352.9158666508,75.8074238323105,100.357322469034,174.663746186964,57.4574430354937,0.0010511306229264,0.810339764603953,1.5253753808095,90.0086635151116,99.9862578368983,95.1686748408204,147.079794507598
"United States","81","Other services",1974,36508.9740085458,4905.76038603119,62.1332845962896,4896.89545820031,31943.6360615693,48.9840497048968,52.1107879206055,29.7402358736404,0.0535331575369668,41.9578530590288,69.106617231746,48.9840497048968,36849.3964476004,78.0114285993891,96.9526583570969,159.687161062337,60.7141223578077,0.00109286916576878,0.856561540170788,1.41079836493873,90.5658337288259,99.990736775958,95.7634623358587,137.226220142187
"United States","81","Other services",1975,39093.6801330446,4937.01149051996,32.7601980499222,4993.02473784255,34557.0399434883,50.0466916297006,51.6530567400162,31.6055446638907,0.0568559052461579,44.5900380355193,68.7568634677089,50.0466916297006,39494.0514340083,77.0612319700186,94.0605302899501,148.942801144809,63.1521158236444,0.00113605721766464,0.890968745056007,1.37385431941129,91.0272079350729,99.9956113961481,96.2537107318996,134.091192550798
"United States","81","Other services",1976,43601.2509653146,4012.16006621962,16.4933662639205,4079.77651494384,40205.0910480452,51.8183998044276,54.2045821385224,32.5253247263967,0.060326330631313,45.871530472402,69.7118314055264,51.8183998044276,44217.2511142648,79.6320283351086,95.3320149005035,151.880188863012,62.7679064756021,0.00116418744806856,0.885236337778276,1.34531038528075,90.9673059402458,99.9970819866619,96.1857995514261,131.602961152309
"United States","81","Other services",1977,47091.5832887381,4333.33774358093,27.5059667511638,4385.22524904389,43423.5584426662,54.5120183180213,54.9724642635632,33.5405422651732,0.0643874667203243,47.2850472479685,71.673532273341,54.5120183180213,47756.8961862471,78.5284562441856,91.905121245993,149.369488819613,61.5287110990806,0.00118116093857853,0.86742426178589,1.31482074017513,90.8028673122636,99.9977687555708,96.0060085741525,128.888179595401
"United States","81","Other services",1978,54787.9373965735,5041.54945209501,36.560647823568,5091.97196148175,50520.4371247581,58.1785802308867,59.5783016036503,34.811971573349,0.0699992184069581,49.0441291225426,72.3697168107692,58.1785802308867,55561.9865768531,84.0788272626997,93.3279591162668,155.971865764347,59.836406174222,0.00120317852599978,0.842992883771085,1.24392373487912,90.5733690517456,99.9989082510416,95.7547232512652,122.553184544485
"United States","81","Other services",1979,59923.0827083145,5514.08179287676,143.160256696895,5344.18013998234,55255.5975140043,61.3013606368731,59.9098114080848,36.3205997518506,0.0783430070989267,51.0390819547936,70.7146879430262,61.3013606368731,60769.6793068811,86.0122446548173,89.0665452743498,150.325172212089,59.2492554398597,0.00127799785004777,0.83259297060518,1.15355821156914,90.4923632447167,100.007999367663,95.6480488203539,114.430658062228
"United States","81","Other services",1980,67809.3735540865,6239.77321992537,321.187731300179,5700.27890187412,62527.6156804803,63.2942766431296,61.6926238617819,40.6239632116838,0.218193766236879,52.6057593985073,67.8176503821214,63.2942766431296,68767.3889004057,91.0754972648735,88.8291629420683,138.400519514449,64.1826802772907,0.00344729062103221,0.831129798593211,1.07146576244951,91.1514725186005,100.357249584793,95.6336796507638,107.001614255872
"United States","81","Other services",1981,75096.4825255428,7946.51043433607,279.345140179189,7542.35468976627,68093.413554331,65.2439931933806,63.3653897748107,43.3629240003811,0.382189825394952,53.4016152951946,67.9034389037141,65.2439931933806,76039.9239886671,92.8450542057902,88.5112238462231,133.174268555091,66.4627069527384,0.0058578545960876,0.818490908993174,1.04076154110388,91.4626202978848,100.579490905324,95.5003559660695,104.230766714105
"United States","81","Other services",1982,77390.4092110355,7121.41566289573,325.256550259772,6595.80992189088,71362.3688247863,67.2914238502937,61.6195491783939,44.3444242144668,0.47736808755378,53.5939676242891,70.510590630192,67.2914238502937,78483.784487682,87.07851355565,83.4536944910853,126.638647977765,65.89907253727,0.00709404052165404,0.796445736436221,1.04783918359433,91.3866097973938,100.654798264471,95.2617709970099,104.870175365342
"United States","81","Other services",1983,85688.882359237,8735.98274639827,243.471255227258,8430.46245972388,78067.0006954107,70.6758500171507,65.2378908317136,43.8252089343927,0.443549899758014,53.2443559364606,72.0880181896948,70.6758500171507,86802.983441809,90.4674974422941,84.123172000443,135.663396292549,62.0087468686372,0.00627583396096939,0.753359965582869,1.01998091529428,90.8560482780149,100.611948273271,94.7830732841662,102.345610216881
"United States","81","Other services",1984,94988.9291306818,8740.81867610304,227.227037655769,8470.85663316354,87590.1177687169,73.7866624409487,69.4760676778343,43.7474692820234,0.43321246244053,53.2203515798416,72.9914149103069,73.7866624409487,96330.9364448199,95.281927938077,85.8112309438861,144.733499679275,59.289128732492,0.00587114863458189,0.72127332798707,0.989222340402262,90.4669638528685,100.594634885404,94.4021212927338,99.5505309139008
"United States","81","Other services",1985,104045.19111993,15156.1320855761,304.07886861083,14884.1760725106,89725.8913115521,75.3411705585058,73.5738323069032,43.969337531132,0.434984594552099,53.4929668796506,72.3069018212771,75.3411705585058,104882.023397128,101.683617261229,88.9974951534786,152.496622376685,58.3603057998519,0.0057735311427676,0.710009766016456,0.959726286242494,90.2990999857124,100.590200827565,94.2315170555391,96.9266883292958
"United States","81","Other services",1986,113388.316326783,20760.4319360189,329.834572693142,20576.9972893115,93058.5663501673,78.5360634837039,78.6032835286981,46.1820425677928,1.09414390121762,54.2684019368785,73.4857572582292,78.5360634837039,113818.998286186,106.318181334042,91.2133335818587,155.115186735827,58.8036126579931,0.0139317385247435,0.690999771692645,0.935694431303873,90.4108599909848,100.847366568475,93.8197867018035,94.8921286382267
"United States","81","Other services",1987,118919,25382.785522155,554.798704303563,24827.9868178514,93578.4750665152,81.7408314763791,77.9664396337341,47.6808032194547,1.38499508402881,55.554316789213,74.4711275315296,81.7408314763791,118961.26058867,103.678754058802,86.9271458351744,149.022178710623,58.3316836374893,0.0169437361843944,0.679639731891725,0.911063983402833,90.2668119880745,100.92202212336,93.5174015944036,92.8832806348999
"United States","81","Other services",1988,130638,26806.8054190422,662.517353077279,26144.288065965,103869.682513097,84.4314675803954,83.3135382779279,48.2699850923024,1.67814061964102,56.0003453150758,77.182870689204,84.4314675803954,130676.487932139,107.423405728367,89.9286367238475,157.298718066302,57.1706100528691,0.0198757722414703,0.663263910007871,0.914148159460935,89.8878433253741,101.000444472316,93.0523781824653,93.1318290227645
"United States","81","Other services",1989,142107,31219.4662746603,870.328551596483,30349.1377230639,110934.975824959,86.7080115137864,88.0820813539176,49.9055920194153,2.01909866239854,57.6612569500856,79.0144866816683,86.7080115137864,142154.44209962,110.706929783056,92.5795596183232,160.851503739378,57.5559180151195,0.0232861834465839,0.665004951023673,0.91127088837812,90.0161635996204,101.089990794593,93.1028338606139,92.9008749178636
"United States","81","Other services",1990,150774,31663.3587694956,1059.07450254512,30604.2842669505,119128.945252824,87.8376164350502,90.5172645711852,50.0981738741947,2.2620802560878,57.6832589962168,80.7566627243707,87.8376164350502,150792.304022319,111.743487440043,93.9155806067983,164.663102637842,57.0349878644975,0.0257529785972785,0.656703373080138,0.919385862252816,89.840537307452,101.156916988331,92.8596194433182,93.5498479233048
"United States","81","Other services",1991,152411,30788.6036295378,986.626561776955,29801.9770677609,121636.049501307,85.452252931239,88.7365101058624,51.6852054987134,2.53171144392363,59.3467431273707,79.3779554136794,85.452252931239,152424.653130845,110.342086896809,94.6380092269972,156.46703971363,60.4843099225283,0.0296272053349,0.694501795934219,0.928915888005347,90.9337853381054,101.25262661878,93.9007809689895,94.3189880430581
"United States","81","Other services",1992,162296,32588.2873929093,1086.71911152244,31501.5682813869,129714.665870155,85.1315722502665,92.2430514703576,52.0769151594931,3.03256705156054,59.4479532670831,79.1648219163745,85.1315722502665,162302.953263064,114.774303590959,98.7483336955242,161.426629800316,61.1722699146204,0.0356221196367138,0.698306770281657,0.929911427967627,91.1411425093314,101.375551450673,94.0007792316147,94.3997058935344
"United States","81","Other services",1993,175359,37535.0589016032,1451.81860249884,36083.2402991043,137810.853729021,89.2619009009915,97.0226970169273,53.9541320229223,3.6588325140048,61.2414635548838,84.1430114605683,89.2619009009915,175345.912630624,114.183215567206,99.0590093633131,163.883564531848,60.4447490791931,0.0409898565577619,0.686087378116811,0.942653143292333,90.9152391257319,101.482148576371,93.6695795546323,95.4234305962849
"United States","81","Other services",1994,188809,45573.1412302966,1839.79639055993,43733.3448397367,143222.575976842,89.6259168091225,101.968829958821,55.2989159995025,4.36426294729622,62.3773039326258,84.8004902402009,89.6259168091225,188795.717207139,118.61811321809,103.686112948014,168.049640130805,61.6996935353792,0.0486942070181647,0.695973956567402,0.946160365877223,91.3416826411475,101.63979568388,93.9631483261484,95.6974960080011
"United States","81","Other services",1995,199877,47680.23080647,1854.09532623785,45826.1354802322,152193.091009344,92.5255250085473,105.77302914614,56.7090543989396,5.15120978621242,63.597899287917,87.5693227275106,92.5255250085473,199873.321815814,119.351829968207,104.183790143078,169.984493350128,61.2901730562468,0.0556733915936879,0.687355184226644,0.946434216065471,91.1958288610726,101.769354586331,93.6936942110124,95.7185465977166
"United States","81","Other services",1996,211130,48838.8208690876,2770.1804720037,46068.6403970839,162193.235610336,93.8766210908433,110.317464334791,58.0309524150193,5.94677855264662,64.6878249769377,88.7976948034957,93.8766210908433,211032.056479424,122.495099438974,107.096083802119,173.249241327334,61.8161920835044,0.0633467468635455,0.689072787508405,0.945897857972192,91.3791509210947,101.916656492801,93.7460385251046,95.6770458100744
"United States","81","Other services",1997,224677,54193,2060,52133,170483,95.767,115.710967339748,59.5370969741975,6.856,65.9833163972554,90.91,95.767,224676,125.435962117107,110.11472797293,177.122461284161,62.1686979587932,0.0715904225881567,0.688998469172631,0.949283155993192,91.5020255643522,102.055744806248,93.7437618003709,95.9384365801421
"United States","81","Other services",1998,242804,59985,2310,57675,182819,99.361,120.543819095703,61.7695558220868,8.327,68.0297078450017,94.442,99.361,242804,125.828006443078,110.564514163107,177.851379138982,62.166801684853,0.0838055172552611,0.68467213338233,0.950493654451948,91.5013441946479,102.206041197649,93.6052253586691,96.0308939905629
"United States","81","Other services",1999,254586,66281,3337,62944,188306,99.931,121.447819902039,64.6805132828001,11.013,70.4666088091219,95.963,99.931,254587,123.814085693258,110.758294255624,171.120891617939,64.7251736526205,0.110206042169097,0.705152643415176,0.960292601895308,92.4423416939387,102.523111220839,94.2763550513389,96.7687799493886
"United States","81","Other services",2000,273099,72221,3795,68426,200877,100.425,124.127905481544,67.6357583771247,14.929,72.6561927845957,97.65,100.425,273098,123.474129565689,112.645631924958,167.255278235926,67.3495229047794,0.148658202638785,0.723487107638494,0.972367438386856,93.4114870819003,102.93825190496,94.8805960236565,97.6648070617934
"United States","81","Other services",2001,258800,52493,2272,50221,206307,98.575,111.21450630863,70.6873479978827,19.733,75.0420212146625,95.509,98.575,258800,111.370104718067,102.82090484818,143.385923824911,71.7092041571217,0.200182602079635,0.76126828521088,0.968896779102206,94.7904906315245,103.28613451727,95.9603594998911,97.3975477051074
"United States","81","Other services",2002,278200,56295,2571,53724,221905,102.117,114.309263812615,73.3683794912888,25.292,77.1271267221461,100.132,102.117,278200,109.406621252225,102.016436447925,141.990493901937,71.8473706545323,0.247676684587287,0.755281948374375,0.980561512774562,94.8274636116653,103.484451625026,95.8138168374852,98.3314420983167
"United States","81","Other services",2003,276994,45748,2216,43532,231247,101.51,111.115737039282,75.8013807272282,31.227,78.9867905460402,98.71,101.51,276995,106.955851077325,99.7593274109652,133.593467933356,74.6738062528107,0.307624864545365,0.77811831884583,0.972416510688602,95.5022083941351,103.678006365097,96.3149685516237,97.6642344626757
"United States","81","Other services",2004,289928,48720,2360,46360,241208,100.429,112.567701352535,78.4361960249811,36.766,81.1968647778444,97.276,100.429,289928,109.060418558189,102.150719133218,130.792862118946,78.1011421252637,0.366089476147328,0.808500181997674,0.968604685897499,96.2188799552035,103.823689318362,96.9015781999104,97.3450720985301
"United States","81","Other services",2005,302731,56708,2547,54161,246022,99.7,113.300629830936,80.2068292523593,41.777,82.6022607682001,97.061,99.7,302730,109.535095743754,103.567605319219,128.738292569051,80.4481737736803,0.419027081243731,0.828508132078235,0.973530591775326,96.7264110065233,103.939811651978,97.3037026188353,97.7519812946149
"United States","81","Other services",2006,316524,58533,2484,56049,257990,100.676,113.803017124837,82.3750018420415,47.621,84.4322162233459,97.843,100.676,316523,108.76328455514,103.018350768533,125.905617603028,81.8218858934021,0.473012435933092,0.8386528688401,0.971860224879812,97.031712172896,104.042275731128,97.5147116707814,97.6154551773741
"United States","81","Other services",2007,321835,52241,2302,49939,269595,100.427,111.305101578278,83.8096652996695,55.518,85.3755562540458,98.02,100.427,321836,105.899280650689,101.00697148351,121.034096591416,83.4533196248713,0.552819460901949,0.850125526542124,0.976032341900087,97.36488707165,104.164009879349,97.7350644505511,97.9616237760181
"United States","81","Other services",2008,321381,43018,2049,40969,278363,99.705,107.112105165391,86.7226962911666,63.268,87.9343406346074,97.655,99.705,321381,101.718360351579,97.9057922353221,112.562194584546,86.9792851824548,0.634551928188155,0.881945144522416,0.979439346070909,97.9633952699802,104.261208371266,98.2439278955165,98.2528612186817
"United States","81","Other services",2009,317917,44061,2240,41821,273856,95.975,100.967625771941,88.3197441615248,67.691,89.3253030092896,94.259,95.975,317917,98.6145614293315,95.8761954645664,104.186418870089,92.0236980062775,0.705298254753842,0.930714279857146,0.982120343839542,98.7186246990083,104.335190831861,98.9311473194307,98.4851267489892
"United States","81","Other services",2010,319384,48143,2261,45882,271242,95.077,99.3141359324112,89.5545189176557,70.971,90.4185672942126,93.558,95.077,319385,97.4250410573299,95.196803833701,101.067222821208,94.1915699040312,0.746458133933549,0.951003579143353,0.984023475709162,99.051714390775,104.376993684354,99.225157315823,98.6483381151071
"United States","81","Other services",2011,323992,48993,2166,46827,275000,96.45,98.4583925424897,90.5314418095714,75.085,91.2064670173147,95.326,96.45,323993,94.9069340238005,93.0330540399372,99.1151569310727,93.863599595201,0.778486262312079,0.945634702097612,0.988346293416278,98.9995665409159,104.407177304548,99.1442438086236,99.0161512169358
"United States","81","Other services",2012,338468,47797,1958,45839,290671,96.091,100,91.5817843511923,79.093,92.098700864324,94.833,96.091,338468,96.6574490560368,94.8427320560555,99.5125071056751,95.3073486082904,0.823105181546659,0.958452933826519,0.986908243227774,99.2207682771544,104.443465017949,99.3312789601136,98.8931341995193
"United States","81","Other services",2013,349540,49274,1918,47356,300266,97.427,101.010129511189,92.6886534491988,81.956,93.1205458679802,96.391,97.427,349540,96.1137726963846,94.4870667474104,99.3173501764743,95.1365160060341,0.841204183645191,0.955798144949349,0.989366397405237,99.1956561413426,104.456269159581,99.2939656618656,99.1046627167965
"United States","81","Other services",2014,373127,58259,2150,56109,314868,99.162,105.612143366876,93.8801254519062,85.444,94.2101854113822,98.298,99.162,373127,98.6429922913662,97.0633660256726,102.524335747384,94.6734892921746,0.861660716806841,0.950063385282489,0.991286984933745,99.1237884798365,104.4703868304,99.2085950136758,99.2684447478428
"United States","81","Other services",2015,391369,62342,2247,60095,329027,99.471,107.471786250769,95.7316096207577,91.276,95.8992136626727,98.906,99.471,391369,99.5528176731558,98.4656499795038,102.311835222579,96.2407230456692,0.917614179006947,0.964092184281577,0.994319952548984,99.3807970626278,104.50819875994,99.429828932474,99.5242056513795
"United States","81","Other services",2016,403342,66038,2349,63689,337304,99.276,107.465266591599,98.2212997142216,96.94,98.2671595348951,98.951,99.276,403342,99.0970402730349,98.6530732284081,99.7124098980475,98.9376079961135,0.976469640195012,0.989838022632812,0.996726298400419,99.8253862311375,104.545774710825,99.83873652329,99.7261231258125
"United States","81","Other services",2017,419768,68644,2269,66375,351126,100,109.726930678902,100,100,100,100,100,419770,100,100,100,100,1,1,1,100,104.559752632705,100,100
"United States","81","Other services",2018,443498,69591,3157,66434,373907,103.666,113.285317357106,101.397781092013,102.427,101.357334566466,104.098,103.666,443498,99.5971149311657,99.5919080795614,101.819730489044,97.8119934134749,0.988048154650512,0.977729772215253,1.00416722937125,99.6461712896568,104.551880437158,99.6538549530834,100.349838625751
"United States","81","Other services",2019,462869,75616,3049,72567,387252,104.023,113.738990456578,103.567239509573,106.643,103.437167330953,104.933,104.023,462868,98.9910938301118,99.6475816930297,100.086093242795,99.5618656543007,1.02518673754843,0.994368239052455,1.00874806533171,99.9295273611944,104.578320650448,99.9119525845362,100.73416874077
"United States","81","Other services",2020,436148,75906,2904,73002,360243,91.691,102.441914209787,105.74611720001,112.969,105.454425394906,94.77,91.691,436149,96.6978328360688,101.821090646942,88.2876636014007,115.328786031355,1.23206203444177,1.15010661237096,1.0335801768985,102.438795377913,104.705707004617,102.296147164061,102.791343157579
"United States","81","Other services",2021,467858,85442,2557,82885,382417,96.261,105.614014703912,107.09515453952,121.319,106.579664394376,98.25,96.261,467859,96.5628557425572,99.990318475348,89.8749162662037,111.254978173424,1.26031310707348,1.10719465198135,1.02066257362795,101.783939287051,104.72009736975,101.628242907156,101.734579755997
"United States","81","Other services",2022,529708,75194,2802,72392,454514,101.346,110.218736223339,108.495352733309,128.795,107.798469905068,103.311,101.346,529708,96.4172216308059,99.1141323823422,92.5829596140577,107.054400502544,1.27084443391944,1.06366773138622,1.01938902374045,101.150169230145,104.724783536571,100.990690473202,101.628228942659
"United States","81","Other services",2023,569117,92508,3006,89502,476608,103.141,104.402432880813,109.79134700362,133.778,108.983471444405,104.7,103.141,569116,90.1379354110054,92.2499310448537,86.6621131589134,106.447820947654,1.29703997440397,1.05664547991977,1.01511523060664,101.062700397929,104.736078370603,100.892427422071,101.266906965074
